<DATE>	<TIME>	<OPEN>	<HIGH>	<LOW>	<CLOSE>	<TICKVOL>	<VOL>	<SPREAD>
2021.01.03	00:00:00	1909.308	1914.896	1907.729	1913.094	3729	0	0
2021.01.03	20:00:00	1909.308	1914.896	1907.729	1913.094	3730	0	0
2021.01.04	00:00:00	1913.048	1925.218	1909.942	1923.158	15502	0	0
2021.01.04	04:00:00	1923.169	1925.489	1918.953	1924.768	12767	0	0
2021.01.04	08:00:00	1924.783	1936.435	1924.593	1933.470	16540	0	0
2021.01.04	12:00:00	1933.419	1944.372	1929.270	1942.919	25652	0	0
2021.01.04	16:00:00	1942.969	1943.620	1932.619	1942.437	20467	0	0
2021.01.04	20:00:00	1942.390	1945.563	1940.402	1941.686	7750	0	0
2021.01.05	00:00:00	1941.687	1943.899	1934.267	1941.055	13963	0	0
2021.01.05	04:00:00	1941.063	1943.898	1936.656	1939.585	13991	0	0
2021.01.05	08:00:00	1939.631	1950.194	1939.411	1949.852	16087	0	0
2021.01.05	12:00:00	1949.865	1952.552	1938.938	1943.456	25073	0	0
2021.01.05	16:00:00	1943.501	1952.985	1942.747	1951.296	16256	0	0
2021.01.05	20:00:00	1951.246	1953.140	1947.641	1950.228	8715	0	0
2021.01.06	00:00:00	1950.279	1955.242	1942.045	1942.111	17778	0	0
2021.01.06	04:00:00	1942.061	1949.388	1941.297	1947.796	14944	0	0
2021.01.06	08:00:00	1947.749	1959.290	1945.277	1945.277	18575	0	0
2021.01.06	12:00:00	1945.229	1948.500	1903.939	1909.703	40936	0	0
2021.01.06	16:00:00	1909.749	1921.250	1900.692	1918.388	25194	0	0
2021.01.06	20:00:00	1918.324	1924.399	1915.296	1923.991	11472	0	0
2021.01.07	00:00:00	1923.943	1924.562	1914.708	1917.905	15448	0	0
2021.01.07	04:00:00	1917.899	1927.597	1916.006	1920.679	14465	0	0
2021.01.07	08:00:00	1920.659	1922.478	1908.773	1918.368	21984	0	0
2021.01.07	12:00:00	1918.414	1919.753	1906.796	1913.604	26194	0	0
2021.01.07	16:00:00	1913.651	1917.831	1909.046	1917.025	16344	0	0
2021.01.07	20:00:00	1917.074	1918.028	1912.622	1916.548	6781	0	0
2021.01.08	00:00:00	1916.499	1916.605	1908.572	1910.603	12048	0	0
2021.01.08	04:00:00	1910.555	1911.616	1904.311	1904.787	12404	0	0
2021.01.08	08:00:00	1904.741	1904.741	1876.354	1894.044	25548	0	0
2021.01.08	12:00:00	1894.047	1894.444	1849.777	1862.792	43610	0	0
2021.01.08	16:00:00	1862.829	1865.532	1828.156	1846.521	40624	0	0
2021.01.08	20:00:00	1846.474	1849.576	1844.343	1849.370	6188	0	0
2021.01.10	00:00:00	1855.038	1855.537	1841.553	1844.710	4879	0	0
2021.01.10	20:00:00	1855.038	1855.537	1841.553	1844.710	4881	0	0
2021.01.11	00:00:00	1844.680	1849.418	1816.935	1830.697	26273	0	0
2021.01.11	04:00:00	1830.678	1850.208	1827.033	1846.120	20488	0	0
2021.01.11	08:00:00	1846.179	1855.472	1846.085	1849.316	20966	0	0
2021.01.11	12:00:00	1849.290	1850.477	1829.009	1848.875	30950	0	0
2021.01.11	16:00:00	1848.830	1851.592	1844.444	1846.790	19457	0	0
2021.01.11	20:00:00	1846.850	1848.503	1843.330	1847.233	8072	0	0
2021.01.12	00:00:00	1847.186	1851.826	1841.182	1849.758	14920	0	0
2021.01.12	04:00:00	1849.711	1861.724	1848.632	1859.369	14637	0	0
2021.01.12	08:00:00	1859.372	1863.726	1853.756	1860.044	16118	0	0
2021.01.12	12:00:00	1859.997	1861.503	1836.532	1841.725	29098	0	0
2021.01.12	16:00:00	1841.676	1857.252	1837.531	1854.187	19573	0	0
2021.01.12	20:00:00	1854.139	1858.821	1852.332	1858.743	8367	0	0
2021.01.13	00:00:00	1858.696	1862.935	1854.541	1859.237	12132	0	0
2021.01.13	04:00:00	1859.219	1862.688	1857.075	1857.455	11326	0	0
2021.01.13	08:00:00	1857.404	1858.044	1849.343	1852.527	17299	0	0
2021.01.13	12:00:00	1852.481	1861.104	1849.567	1857.949	22586	0	0
2021.01.13	16:00:00	1857.965	1859.616	1852.738	1853.424	15091	0	0
2021.01.13	20:00:00	1853.408	1854.038	1841.859	1848.318	8085	0	0
2021.01.14	00:00:00	1848.315	1852.144	1830.107	1839.143	15103	0	0
2021.01.14	04:00:00	1839.146	1846.906	1835.959	1842.212	13836	0	0
2021.01.14	08:00:00	1842.150	1845.163	1836.651	1842.322	16697	0	0
2021.01.14	12:00:00	1842.374	1851.942	1837.450	1847.742	25158	0	0
2021.01.14	16:00:00	1847.694	1857.455	1843.736	1844.272	19550	0	0
2021.01.14	20:00:00	1844.271	1848.792	1844.246	1846.836	7304	0	0
2021.01.15	00:00:00	1846.783	1855.595	1846.783	1851.948	11429	0	0
2021.01.15	04:00:00	1851.901	1853.973	1846.680	1852.384	12621	0	0
2021.01.15	08:00:00	1852.329	1856.935	1846.859	1848.996	13648	0	0
2021.01.15	12:00:00	1849.042	1850.600	1824.734	1829.324	29378	0	0
2021.01.15	16:00:00	1829.371	1833.455	1823.284	1828.429	18333	0	0
2021.01.15	20:00:00	1828.383	1828.674	1825.134	1826.975	4546	0	0
2021.01.17	00:00:00	1827.947	1829.232	1802.438	1810.546	6811	0	0
2021.01.17	20:00:00	1827.947	1829.232	1802.438	1810.655	6818	0	0
2021.01.18	00:00:00	1810.726	1832.521	1810.429	1828.109	18458	0	0
2021.01.18	04:00:00	1828.113	1840.697	1826.846	1834.782	14945	0	0
2021.01.18	08:00:00	1834.735	1838.357	1829.919	1833.692	14732	0	0
2021.01.18	12:00:00	1833.645	1837.852	1829.479	1836.798	15425	0	0
2021.01.18	16:00:00	1836.747	1839.220	1835.783	1836.993	5051	0	0
2021.01.18	20:00:00	1837.894	1839.138	1835.993	1837.213	2130	0	0
2021.01.19	00:00:00	1837.216	1843.551	1836.285	1837.316	11245	0	0
2021.01.19	04:00:00	1837.361	1841.555	1836.199	1837.772	10489	0	0
2021.01.19	08:00:00	1837.820	1845.426	1837.820	1842.730	12618	0	0
2021.01.19	12:00:00	1842.720	1843.304	1832.998	1839.302	21756	0	0
2021.01.19	16:00:00	1839.348	1843.410	1837.047	1839.263	12720	0	0
2021.01.19	20:00:00	1839.217	1841.728	1838.462	1840.911	5127	0	0
2021.01.20	00:00:00	1840.913	1850.388	1839.395	1848.715	11492	0	0
2021.01.20	04:00:00	1848.736	1857.173	1848.125	1855.916	12300	0	0
2021.01.20	08:00:00	1855.861	1857.261	1848.550	1848.550	13811	0	0
2021.01.20	12:00:00	1848.576	1870.331	1832.342	1866.686	29310	0	0
2021.01.20	16:00:00	1866.733	1869.282	1861.986	1868.077	16736	0	0
2021.01.20	20:00:00	1868.086	1872.313	1867.545	1869.862	6792	0	0
2021.01.21	00:00:00	1869.910	1872.612	1866.917	1872.273	11777	0	0
2021.01.21	04:00:00	1872.261	1874.996	1866.135	1867.456	12464	0	0
2021.01.21	08:00:00	1867.408	1873.511	1866.569	1871.062	14971	0	0
2021.01.21	12:00:00	1871.017	1872.330	1858.279	1864.016	24443	0	0
2021.01.21	16:00:00	1863.976	1869.600	1861.945	1869.281	14170	0	0
2021.01.21	20:00:00	1869.265	1871.403	1867.855	1869.551	6141	0	0
2021.01.22	00:00:00	1869.551	1869.850	1859.821	1861.565	12727	0	0
2021.01.22	04:00:00	1861.610	1864.169	1857.188	1861.009	13058	0	0
2021.01.22	08:00:00	1861.006	1863.784	1845.409	1849.464	18626	0	0
2021.01.22	12:00:00	1849.513	1857.017	1837.298	1855.903	28179	0	0
2021.01.22	16:00:00	1855.932	1858.335	1852.458	1855.614	14839	0	0
2021.01.22	20:00:00	1855.623	1856.538	1852.425	1855.732	4292	0	0
2021.01.24	00:00:00	1858.206	1859.405	1856.571	1856.851	2042	0	0
2021.01.24	20:00:00	1858.206	1859.405	1856.571	1856.851	2045	0	0
2021.01.25	00:00:00	1856.871	1859.892	1852.745	1853.823	12967	0	0
2021.01.25	04:00:00	1853.782	1856.539	1849.740	1853.626	11718	0	0
2021.01.25	08:00:00	1853.575	1865.868	1850.052	1863.029	15744	0	0
2021.01.25	12:00:00	1863.009	1867.825	1849.733	1851.874	25833	0	0
2021.01.25	16:00:00	1851.828	1859.112	1847.064	1854.957	17492	0	0
2021.01.25	20:00:00	1854.908	1856.843	1853.473	1855.390	5391	0	0
2021.01.26	00:00:00	1855.387	1861.273	1853.189	1860.233	9874	0	0
2021.01.26	04:00:00	1860.240	1861.620	1849.984	1850.876	12359	0	0
2021.01.26	08:00:00	1850.930	1857.345	1848.323	1852.781	14970	0	0
2021.01.26	12:00:00	1852.734	1859.906	1849.980	1852.992	20840	0	0
2021.01.26	16:00:00	1853.038	1855.045	1849.426	1851.565	12794	0	0
2021.01.26	20:00:00	1851.520	1852.898	1848.222	1851.233	4987	0	0
2021.01.27	00:00:00	1851.252	1851.351	1843.242	1845.421	10501	0	0
2021.01.27	04:00:00	1845.405	1851.131	1845.388	1850.893	9264	0	0
2021.01.27	08:00:00	1850.842	1853.036	1838.323	1841.321	15028	0	0
2021.01.27	12:00:00	1841.270	1849.365	1831.211	1848.902	27154	0	0
2021.01.27	16:00:00	1848.894	1850.544	1840.648	1841.497	17935	0	0
2021.01.27	20:00:00	1841.543	1845.081	1838.963	1839.889	9765	0	0
2021.01.28	00:00:00	1839.936	1840.459	1833.967	1837.863	15294	0	0
2021.01.28	04:00:00	1837.912	1839.224	1834.072	1836.247	11417	0	0
2021.01.28	08:00:00	1836.198	1843.513	1834.430	1840.567	16507	0	0
2021.01.28	12:00:00	1840.544	1864.035	1837.489	1857.474	32754	0	0
2021.01.28	16:00:00	1857.454	1859.723	1834.886	1843.750	25029	0	0
2021.01.28	20:00:00	1843.702	1844.780	1840.566	1843.810	9591	0	0
2021.01.29	00:00:00	1843.855	1845.286	1839.535	1841.892	13750	0	0
2021.01.29	04:00:00	1841.843	1851.429	1840.965	1845.593	14749	0	0
2021.01.29	08:00:00	1845.562	1863.152	1842.194	1862.072	22886	0	0
2021.01.29	12:00:00	1862.130	1875.519	1852.588	1858.392	36601	0	0
2021.01.29	16:00:00	1858.415	1860.518	1847.561	1849.861	24539	0	0
2021.01.29	20:00:00	1849.908	1851.287	1841.576	1847.839	7251	0	0
2021.01.31	00:00:00	1855.282	1859.901	1851.596	1855.826	7043	0	0
2021.01.31	20:00:00	1855.282	1859.901	1851.596	1855.826	7055	0	0
2021.02.01	00:00:00	1855.772	1863.781	1849.044	1860.938	21109	0	0
2021.02.01	04:00:00	1860.938	1867.154	1856.756	1861.442	18693	0	0
2021.02.01	08:00:00	1861.395	1871.716	1856.320	1864.232	26116	0	0
2021.02.01	12:00:00	1864.277	1869.477	1856.713	1860.089	33220	0	0
2021.02.01	16:00:00	1860.041	1866.620	1857.771	1859.453	21519	0	0
2021.02.01	20:00:00	1859.429	1862.583	1856.934	1857.582	8350	0	0
2021.02.02	00:00:00	1857.627	1864.005	1854.019	1857.049	16111	0	0
2021.02.02	04:00:00	1857.051	1857.449	1844.645	1848.271	16533	0	0
2021.02.02	08:00:00	1848.224	1853.418	1841.679	1842.214	19455	0	0
2021.02.02	12:00:00	1842.166	1847.300	1829.457	1832.996	32488	0	0
2021.02.02	16:00:00	1832.980	1839.712	1831.650	1836.767	19298	0	0
2021.02.02	20:00:00	1836.716	1839.235	1834.487	1836.362	7263	0	0
2021.02.03	00:00:00	1836.376	1844.825	1836.376	1841.519	12882	0	0
2021.02.03	04:00:00	1841.470	1842.774	1834.703	1837.033	12368	0	0
2021.02.03	08:00:00	1837.032	1837.401	1832.507	1834.886	14522	0	0
2021.02.03	12:00:00	1834.804	1842.269	1829.505	1833.518	22593	0	0
2021.02.03	16:00:00	1833.569	1837.995	1832.492	1833.120	14590	0	0
2021.02.03	20:00:00	1833.133	1834.677	1831.903	1834.236	5867	0	0
2021.02.04	00:00:00	1834.218	1834.601	1820.935	1822.995	14436	0	0
2021.02.04	04:00:00	1822.994	1827.092	1815.941	1825.169	15395	0	0
2021.02.04	08:00:00	1825.150	1826.455	1810.313	1812.685	17431	0	0
2021.02.04	12:00:00	1812.732	1819.474	1784.866	1786.474	30087	0	0
2021.02.04	16:00:00	1786.523	1795.802	1785.844	1794.969	17252	0	0
2021.02.04	20:00:00	1795.018	1795.877	1792.032	1795.793	6570	0	0
2021.02.05	00:00:00	1795.840	1797.666	1792.013	1794.986	12399	0	0
2021.02.05	04:00:00	1794.992	1800.097	1794.004	1798.673	11484	0	0
2021.02.05	08:00:00	1798.725	1811.269	1798.151	1802.672	15766	0	0
2021.02.05	12:00:00	1802.676	1808.503	1793.429	1805.779	27538	0	0
2021.02.05	16:00:00	1805.826	1815.038	1805.826	1809.924	15631	0	0
2021.02.05	20:00:00	1809.928	1814.211	1809.461	1814.135	4462	0	0
2021.02.07	00:00:00	1817.259	1818.709	1815.763	1817.970	2411	0	0
2021.02.07	20:00:00	1817.259	1818.709	1815.763	1817.970	2414	0	0
2021.02.08	00:00:00	1817.923	1818.847	1808.310	1810.717	13134	0	0
2021.02.08	04:00:00	1810.717	1817.821	1810.247	1814.945	11627	0	0
2021.02.08	08:00:00	1814.898	1823.030	1807.705	1820.716	14983	0	0
2021.02.08	12:00:00	1820.716	1839.044	1818.480	1836.601	22184	0	0
2021.02.08	16:00:00	1836.649	1838.254	1830.272	1832.108	14601	0	0
2021.02.08	20:00:00	1832.124	1834.537	1828.838	1830.481	6902	0	0
2021.02.09	00:00:00	1830.478	1842.346	1829.920	1839.555	12920	0	0
2021.02.09	04:00:00	1839.561	1843.684	1838.051	1842.922	12284	0	0
2021.02.09	08:00:00	1842.914	1848.472	1838.495	1843.613	14739	0	0
2021.02.09	12:00:00	1843.612	1847.479	1832.109	1839.305	22908	0	0
2021.02.09	16:00:00	1839.353	1839.741	1834.253	1837.421	14226	0	0
2021.02.09	20:00:00	1837.422	1839.458	1834.896	1836.087	5502	0	0
2021.02.10	00:00:00	1836.085	1845.139	1833.996	1843.199	11547	0	0
2021.02.10	04:00:00	1843.199	1846.879	1840.888	1845.731	10768	0	0
2021.02.10	08:00:00	1845.708	1846.241	1838.988	1840.761	13809	0	0
2021.02.10	12:00:00	1840.806	1855.299	1835.635	1841.155	27146	0	0
2021.02.10	16:00:00	1841.138	1846.249	1834.808	1843.046	16253	0	0
2021.02.10	20:00:00	1843.000	1844.244	1840.761	1841.956	5857	0	0
2021.02.11	00:00:00	1841.956	1842.067	1833.941	1837.469	9704	0	0
2021.02.11	04:00:00	1837.492	1843.870	1835.101	1843.018	11257	0	0
2021.02.11	08:00:00	1843.064	1845.843	1839.495	1841.741	12864	0	0
2021.02.11	12:00:00	1841.791	1847.460	1837.510	1838.493	18021	0	0
2021.02.11	16:00:00	1838.540	1839.164	1820.983	1824.343	19653	0	0
2021.02.11	20:00:00	1824.395	1827.132	1823.390	1826.652	6000	0	0
2021.02.12	00:00:00	1826.655	1827.833	1819.273	1821.885	8196	0	0
2021.02.12	04:00:00	1821.887	1824.241	1816.420	1817.337	8457	0	0
2021.02.12	08:00:00	1817.338	1821.933	1812.517	1818.679	14135	0	0
2021.02.12	12:00:00	1818.684	1830.614	1810.436	1828.176	22335	0	0
2021.02.12	16:00:00	1828.203	1829.356	1818.303	1819.253	16242	0	0
2021.02.12	20:00:00	1819.204	1824.846	1817.336	1824.229	4157	0	0
2021.02.14	00:00:00	1824.898	1825.770	1820.100	1820.939	2478	0	0
2021.02.14	20:00:00	1824.898	1825.770	1820.100	1820.939	2485	0	0
2021.02.15	00:00:00	1820.988	1826.927	1820.007	1826.127	10179	0	0
2021.02.15	04:00:00	1826.155	1826.456	1816.463	1817.030	11954	0	0
2021.02.15	08:00:00	1816.984	1821.412	1816.013	1820.434	12162	0	0
2021.02.15	12:00:00	1820.437	1824.134	1816.063	1817.980	12920	0	0
2021.02.15	16:00:00	1817.935	1820.764	1816.987	1817.980	4528	0	0
2021.02.15	20:00:00	1818.637	1819.546	1817.507	1818.654	2040	0	0
2021.02.16	00:00:00	1818.651	1826.391	1818.063	1826.260	10967	0	0
2021.02.16	04:00:00	1826.308	1826.354	1818.823	1820.564	12443	0	0
2021.02.16	08:00:00	1820.518	1825.563	1815.060	1816.062	14720	0	0
2021.02.16	12:00:00	1816.112	1818.708	1789.448	1813.616	34407	0	0
2021.02.16	16:00:00	1813.615	1813.974	1793.183	1795.169	19668	0	0
2021.02.16	20:00:00	1795.148	1796.094	1786.855	1788.348	9485	0	0
2021.02.17	00:00:00	1788.298	1795.091	1786.575	1793.364	11515	0	0
2021.02.17	04:00:00	1793.363	1793.811	1788.380	1789.911	11539	0	0
2021.02.17	08:00:00	1789.929	1791.062	1783.626	1790.745	17046	0	0
2021.02.17	12:00:00	1790.750	1793.387	1770.737	1773.565	32972	0	0
2021.02.17	16:00:00	1773.611	1780.159	1769.408	1771.928	22343	0	0
2021.02.17	20:00:00	1771.974	1778.493	1771.822	1778.143	7646	0	0
2021.02.18	00:00:00	1778.142	1785.705	1776.977	1783.298	13296	0	0
2021.02.18	04:00:00	1783.302	1784.404	1779.642	1782.003	10986	0	0
2021.02.18	08:00:00	1781.985	1788.913	1778.886	1784.094	15647	0	0
2021.02.18	12:00:00	1784.044	1789.559	1768.345	1778.334	27625	0	0
2021.02.18	16:00:00	1778.379	1780.074	1772.741	1775.364	15422	0	0
2021.02.18	20:00:00	1775.350	1777.041	1770.070	1771.659	7362	0	0
2021.02.19	00:00:00	1771.609	1772.853	1760.626	1767.935	20477	0	0
2021.02.19	04:00:00	1767.921	1777.475	1764.924	1773.925	15691	0	0
2021.02.19	08:00:00	1773.891	1775.247	1767.830	1768.738	17944	0	0
2021.02.19	12:00:00	1768.714	1791.504	1768.672	1785.887	27575	0	0
2021.02.19	16:00:00	1785.816	1787.820	1777.314	1780.190	18769	0	0
2021.02.19	20:00:00	1780.222	1784.250	1779.491	1784.049	4717	0	0
2021.02.21	00:00:00	1786.332	1788.083	1781.291	1783.358	3526	0	0
2021.02.21	20:00:00	1786.332	1788.083	1781.291	1783.358	3526	0	0
2021.02.22	00:00:00	1783.408	1789.611	1780.648	1783.723	16239	0	0
2021.02.22	04:00:00	1783.715	1795.008	1783.472	1794.540	15825	0	0
2021.02.22	08:00:00	1794.493	1799.202	1790.197	1795.136	15862	0	0
2021.02.22	12:00:00	1795.088	1810.125	1793.381	1808.947	27388	0	0
2021.02.22	16:00:00	1808.993	1812.551	1806.487	1808.072	16565	0	0
2021.02.22	20:00:00	1808.027	1811.362	1806.196	1810.406	7923	0	0
2021.02.23	00:00:00	1810.410	1815.906	1806.178	1813.062	13455	0	0
2021.02.23	04:00:00	1813.043	1814.616	1808.102	1808.374	12599	0	0
2021.02.23	08:00:00	1808.359	1811.434	1803.579	1809.105	14997	0	0
2021.02.23	12:00:00	1809.107	1812.707	1795.606	1806.886	27800	0	0
2021.02.23	16:00:00	1806.932	1809.358	1801.725	1803.673	16278	0	0
2021.02.23	20:00:00	1803.669	1807.806	1803.622	1805.766	7329	0	0
2021.02.24	00:00:00	1805.795	1813.717	1805.105	1808.761	13510	0	0
2021.02.24	04:00:00	1808.806	1810.024	1804.413	1805.892	12859	0	0
2021.02.24	08:00:00	1805.937	1810.025	1803.018	1808.471	15589	0	0
2021.02.24	12:00:00	1808.518	1810.223	1783.473	1794.939	30937	0	0
2021.02.24	16:00:00	1794.987	1804.339	1790.538	1797.212	20252	0	0
2021.02.24	20:00:00	1797.165	1805.587	1797.104	1802.995	8019	0	0
2021.02.25	00:00:00	1803.002	1804.143	1793.876	1796.632	13769	0	0
2021.02.25	04:00:00	1796.632	1801.145	1790.190	1794.424	15438	0	0
2021.02.25	08:00:00	1794.378	1795.228	1781.244	1786.597	19813	0	0
2021.02.25	12:00:00	1786.548	1790.541	1769.767	1775.669	36499	0	0
2021.02.25	16:00:00	1775.622	1783.064	1765.136	1773.262	43110	0	0
2021.02.25	20:00:00	1773.204	1774.739	1769.156	1769.860	15320	0	0
2021.02.26	00:00:00	1769.909	1775.714	1765.144	1772.780	20510	0	0
2021.02.26	04:00:00	1772.827	1773.262	1755.149	1759.451	25958	0	0
2021.02.26	08:00:00	1759.481	1770.087	1757.631	1759.797	27720	0	0
2021.02.26	12:00:00	1759.835	1766.996	1724.418	1729.942	61918	0	0
2021.02.26	16:00:00	1729.908	1732.363	1717.030	1727.148	46379	0	0
2021.02.26	20:00:00	1727.112	1735.373	1726.672	1734.649	10497	0	0
2021.02.28	00:00:00	1737.958	1739.940	1735.286	1739.239	4219	0	0
2021.02.28	20:00:00	1737.962	1739.940	1735.286	1739.239	4222	0	0
2021.03.01	00:00:00	1739.206	1751.579	1737.266	1751.060	20102	0	0
2021.03.01	04:00:00	1751.056	1759.715	1747.705	1753.640	18087	0	0
2021.03.01	08:00:00	1753.609	1754.806	1741.691	1743.491	18699	0	0
2021.03.01	12:00:00	1743.460	1747.500	1730.842	1738.802	38948	0	0
2021.03.01	16:00:00	1738.800	1742.478	1720.463	1724.465	24992	0	0
2021.03.01	20:00:00	1724.476	1726.748	1719.641	1724.988	10928	0	0
2021.03.02	00:00:00	1724.957	1728.435	1707.039	1713.227	25051	0	0
2021.03.02	04:00:00	1713.232	1724.232	1710.693	1717.857	21845	0	0
2021.03.02	08:00:00	1717.847	1733.265	1715.456	1727.228	21063	0	0
2021.03.02	12:00:00	1727.261	1736.109	1720.371	1725.358	37307	0	0
2021.03.02	16:00:00	1725.362	1738.474	1724.085	1734.752	23574	0	0
2021.03.02	20:00:00	1734.718	1740.464	1732.859	1736.558	9911	0	0
2021.03.03	00:00:00	1736.547	1737.475	1729.963	1734.794	15247	0	0
2021.03.03	04:00:00	1734.790	1735.929	1730.476	1733.380	14501	0	0
2021.03.03	08:00:00	1733.346	1733.516	1721.466	1724.186	19566	0	0
2021.03.03	12:00:00	1724.219	1726.648	1701.613	1715.983	50535	0	0
2021.03.03	16:00:00	1715.952	1725.124	1712.066	1715.630	30240	0	0
2021.03.03	20:00:00	1715.677	1717.129	1708.152	1710.468	11299	0	0
2021.03.04	00:00:00	1710.464	1716.655	1708.821	1709.529	17953	0	0
2021.03.04	04:00:00	1709.499	1721.124	1706.455	1717.912	21337	0	0
2021.03.04	08:00:00	1717.881	1718.980	1706.085	1715.684	26263	0	0
2021.03.04	12:00:00	1715.715	1723.100	1709.479	1718.738	39459	0	0
2021.03.04	16:00:00	1718.705	1722.389	1690.443	1699.089	58977	0	0
2021.03.04	20:00:00	1699.053	1700.533	1693.268	1694.310	14889	0	0
2021.03.05	00:00:00	1694.277	1695.695	1687.180	1694.342	22847	0	0
2021.03.05	04:00:00	1694.338	1700.416	1691.661	1696.563	18851	0	0
2021.03.05	08:00:00	1696.595	1698.818	1690.962	1694.817	21429	0	0
2021.03.05	12:00:00	1694.785	1707.631	1687.319	1697.020	55299	0	0
2021.03.05	16:00:00	1697.051	1705.153	1694.408	1699.091	28724	0	0
2021.03.05	20:00:00	1699.087	1701.682	1697.586	1700.836	5885	0	0
2021.03.07	00:00:00	1706.301	1713.915	1706.268	1707.726	4831	0	0
2021.03.07	20:00:00	1706.301	1713.915	1706.268	1707.726	4835	0	0
2021.03.08	00:00:00	1707.706	1714.253	1705.052	1705.576	21147	0	0
2021.03.08	04:00:00	1705.607	1709.570	1696.894	1699.200	18876	0	0
2021.03.08	08:00:00	1699.209	1700.639	1685.683	1685.683	22309	0	0
2021.03.08	12:00:00	1685.640	1696.499	1679.406	1681.650	37244	0	0
2021.03.08	16:00:00	1681.681	1685.163	1676.627	1685.129	21510	0	0
2021.03.08	20:00:00	1685.093	1685.596	1680.458	1684.653	8287	0	0
2021.03.09	00:00:00	1684.620	1691.539	1680.179	1689.366	18101	0	0
2021.03.09	04:00:00	1689.396	1698.377	1687.203	1697.395	18201	0	0
2021.03.09	08:00:00	1697.361	1711.426	1694.956	1709.002	21728	0	0
2021.03.09	12:00:00	1708.971	1720.566	1702.611	1713.123	38607	0	0
2021.03.09	16:00:00	1713.156	1719.632	1712.564	1717.032	20074	0	0
2021.03.09	20:00:00	1717.055	1718.162	1714.078	1715.881	8723	0	0
2021.03.10	00:00:00	1715.864	1719.467	1710.810	1712.563	17496	0	0
2021.03.10	04:00:00	1712.564	1716.646	1709.650	1715.267	15799	0	0
2021.03.10	08:00:00	1715.299	1715.485	1708.131	1711.870	17638	0	0
2021.03.10	12:00:00	1711.839	1723.604	1710.566	1719.081	37453	0	0
2021.03.10	16:00:00	1719.113	1725.944	1714.533	1723.961	24230	0	0
2021.03.10	20:00:00	1723.929	1727.104	1723.399	1726.691	7631	0	0
2021.03.11	00:00:00	1726.699	1734.597	1723.221	1731.762	15666	0	0
2021.03.11	04:00:00	1731.759	1737.908	1730.802	1736.753	15755	0	0
2021.03.11	08:00:00	1736.705	1739.804	1731.426	1733.408	18447	0	0
2021.03.11	12:00:00	1733.373	1737.171	1719.025	1725.373	34864	0	0
2021.03.11	16:00:00	1725.405	1728.324	1721.049	1724.745	21648	0	0
2021.03.11	20:00:00	1724.713	1724.999	1721.319	1722.645	7949	0	0
2021.03.12	00:00:00	1722.676	1727.929	1716.569	1718.333	16203	0	0
2021.03.12	04:00:00	1718.335	1719.717	1707.329	1710.347	20106	0	0
2021.03.12	08:00:00	1710.310	1711.286	1699.094	1703.265	22503	0	0
2021.03.12	12:00:00	1703.235	1708.724	1699.447	1707.105	34565	0	0
2021.03.12	16:00:00	1707.140	1725.328	1706.164	1722.521	23340	0	0
2021.03.12	20:00:00	1722.491	1729.171	1721.320	1726.749	5548	0	0
2021.03.14	00:00:00	1728.251	1728.348	1724.244	1725.335	5273	0	0
2021.03.14	20:00:00	1728.251	1728.348	1724.244	1725.335	5279	0	0
2021.03.15	00:00:00	1725.330	1734.008	1724.869	1727.784	17288	0	0
2021.03.15	04:00:00	1727.752	1727.912	1721.616	1722.673	16074	0	0
2021.03.15	08:00:00	1722.703	1732.554	1722.703	1729.739	18283	0	0
2021.03.15	12:00:00	1729.774	1734.524	1722.676	1727.111	33784	0	0
2021.03.15	16:00:00	1727.077	1732.046	1726.687	1730.934	15307	0	0
2021.03.15	20:00:00	1730.901	1732.153	1730.267	1730.698	4927	0	0
2021.03.16	00:00:00	1730.665	1734.107	1729.569	1733.568	12747	0	0
2021.03.16	04:00:00	1733.582	1737.168	1725.847	1730.147	14610	0	0
2021.03.16	08:00:00	1730.144	1735.586	1728.840	1731.337	16701	0	0
2021.03.16	12:00:00	1731.369	1741.077	1726.701	1728.852	33077	0	0
2021.03.16	16:00:00	1728.816	1733.232	1727.850	1732.538	18397	0	0
2021.03.16	20:00:00	1732.569	1732.632	1730.451	1731.595	6004	0	0
2021.03.17	00:00:00	1731.546	1736.002	1729.634	1735.883	13851	0	0
2021.03.17	04:00:00	1735.853	1737.818	1734.108	1735.283	13314	0	0
2021.03.17	08:00:00	1735.296	1737.086	1727.892	1729.417	16505	0	0
2021.03.17	12:00:00	1729.447	1734.598	1723.856	1727.252	27910	0	0
2021.03.17	16:00:00	1727.211	1751.549	1725.831	1745.148	38075	0	0
2021.03.17	20:00:00	1745.102	1749.558	1743.620	1748.465	7318	0	0
2021.03.18	00:00:00	1748.464	1755.478	1747.615	1748.945	18482	0	0
2021.03.18	04:00:00	1748.978	1752.828	1735.128	1739.501	20166	0	0
2021.03.18	08:00:00	1739.532	1740.839	1727.674	1731.181	23771	0	0
2021.03.18	12:00:00	1731.148	1733.436	1719.080	1730.538	47009	0	0
2021.03.18	16:00:00	1730.515	1737.203	1730.071	1734.734	22289	0	0
2021.03.18	20:00:00	1734.701	1737.657	1732.378	1735.193	8912	0	0
2021.03.19	00:00:00	1735.188	1735.809	1728.484	1731.625	17402	0	0
2021.03.19	04:00:00	1731.595	1745.349	1730.000	1741.685	19920	0	0
2021.03.19	08:00:00	1741.654	1744.574	1734.868	1740.591	19549	0	0
2021.03.19	12:00:00	1740.600	1743.645	1733.247	1739.991	39718	0	0
2021.03.19	16:00:00	1739.958	1744.132	1738.428	1742.581	17468	0	0
2021.03.19	20:00:00	1742.550	1746.644	1741.671	1745.127	2302	0	0
2021.03.21	00:00:00	1743.714	1744.315	1737.981	1738.234	5917	0	0
2021.03.21	20:00:00	1743.714	1744.315	1737.981	1738.214	5931	0	0
2021.03.22	00:00:00	1738.182	1741.267	1732.542	1740.650	17554	0	0
2021.03.22	04:00:00	1740.649	1743.047	1727.126	1729.299	18612	0	0
2021.03.22	08:00:00	1729.249	1739.005	1728.048	1736.284	19179	0	0
2021.03.22	12:00:00	1736.254	1738.635	1730.490	1738.254	28977	0	0
2021.03.22	16:00:00	1738.284	1741.020	1737.460	1739.448	14085	0	0
2021.03.22	20:00:00	1739.476	1739.833	1738.065	1739.306	5023	0	0
2021.03.23	00:00:00	1739.300	1740.479	1730.949	1735.679	15253	0	0
2021.03.23	04:00:00	1735.692	1739.957	1735.049	1737.519	14794	0	0
2021.03.23	08:00:00	1737.511	1742.509	1736.192	1738.988	18562	0	0
2021.03.23	12:00:00	1738.958	1741.006	1724.848	1730.258	31781	0	0
2021.03.23	16:00:00	1730.214	1730.214	1724.663	1727.175	19222	0	0
2021.03.23	20:00:00	1727.206	1728.146	1726.210	1727.082	5156	0	0
2021.03.24	00:00:00	1727.097	1734.407	1723.546	1731.707	16670	0	0
2021.03.24	04:00:00	1731.741	1733.749	1727.179	1728.892	15073	0	0
2021.03.24	08:00:00	1728.859	1735.851	1728.037	1730.214	16836	0	0
2021.03.24	12:00:00	1730.180	1733.981	1728.317	1733.717	24016	0	0
2021.03.24	16:00:00	1733.749	1738.364	1731.900	1733.032	16074	0	0
2021.03.24	20:00:00	1733.073	1735.090	1733.032	1734.483	4943	0	0
2021.03.25	00:00:00	1734.492	1738.891	1731.927	1735.288	14497	0	0
2021.03.25	04:00:00	1735.302	1737.738	1730.466	1733.070	14395	0	0
2021.03.25	08:00:00	1733.039	1734.062	1727.663	1728.432	16148	0	0
2021.03.25	12:00:00	1728.411	1745.401	1724.898	1730.821	36299	0	0
2021.03.25	16:00:00	1730.789	1732.499	1721.498	1726.768	22014	0	0
2021.03.25	20:00:00	1726.737	1729.022	1726.346	1727.293	5796	0	0
2021.03.26	00:00:00	1727.316	1729.749	1723.160	1724.863	14483	0	0
2021.03.26	04:00:00	1724.862	1729.606	1723.843	1727.453	13996	0	0
2021.03.26	08:00:00	1727.421	1731.996	1721.448	1725.122	16803	0	0
2021.03.26	12:00:00	1725.089	1736.683	1723.982	1733.930	24655	0	0
2021.03.26	16:00:00	1733.962	1734.547	1730.188	1731.767	14471	0	0
2021.03.26	20:00:00	1731.735	1732.863	1731.559	1732.329	1657	0	0
2021.03.28	00:00:00	1731.377	1732.549	1730.611	1730.999	3554	0	0
2021.03.28	20:00:00	1731.377	1732.549	1730.611	1730.999	3566	0	0
2021.03.29	00:00:00	1731.014	1732.835	1726.348	1729.408	13664	0	0
2021.03.29	04:00:00	1729.375	1729.750	1724.944	1726.282	15136	0	0
2021.03.29	08:00:00	1726.313	1728.180	1723.610	1726.132	13696	0	0
2021.03.29	12:00:00	1726.163	1727.968	1705.736	1711.675	29771	0	0
2021.03.29	16:00:00	1711.645	1715.804	1709.758	1711.434	15096	0	0
2021.03.29	20:00:00	1711.403	1713.072	1710.365	1711.932	5207	0	0
2021.03.30	00:00:00	1711.938	1714.342	1704.437	1707.367	14770	0	0
2021.03.30	04:00:00	1707.398	1708.382	1695.140	1697.270	20223	0	0
2021.03.30	08:00:00	1697.240	1700.919	1686.111	1688.343	20628	0	0
2021.03.30	12:00:00	1688.307	1690.446	1678.392	1686.943	36318	0	0
2021.03.30	16:00:00	1686.910	1687.152	1681.570	1682.106	16425	0	0
2021.03.30	20:00:00	1682.145	1685.859	1682.145	1685.489	7089	0	0
2021.03.31	00:00:00	1685.488	1686.352	1677.769	1679.452	17354	0	0
2021.03.31	04:00:00	1679.452	1688.743	1678.573	1684.071	16179	0	0
2021.03.31	08:00:00	1684.047	1689.046	1682.602	1684.821	15988	0	0
2021.03.31	12:00:00	1684.852	1708.667	1682.307	1708.105	33156	0	0
2021.03.31	16:00:00	1708.136	1715.214	1706.446	1707.888	18812	0	0
2021.03.31	20:00:00	1707.858	1709.083	1705.916	1707.403	6039	0	0
2021.04.01	00:00:00	1707.405	1714.120	1705.761	1712.804	16160	0	0
2021.04.01	04:00:00	1712.804	1719.894	1710.074	1718.470	17554	0	0
2021.04.01	08:00:00	1718.451	1719.623	1710.412	1716.922	16129	0	0
2021.04.01	12:00:00	1716.960	1730.072	1715.541	1728.324	36572	0	0
2021.04.01	16:00:00	1728.292	1730.092	1725.218	1728.990	15495	0	0
2021.04.01	20:00:00	1728.959	1730.545	1728.047	1729.750	1921	0	0
2021.04.04	00:00:00	1728.462	1729.917	1726.908	1728.011	4911	0	0
2021.04.04	20:00:00	1728.462	1729.917	1726.908	1728.011	4923	0	0
2021.04.05	00:00:00	1727.974	1729.839	1724.385	1724.889	11223	0	0
2021.04.05	04:00:00	1724.904	1728.018	1721.285	1726.549	12144	0	0
2021.04.05	08:00:00	1726.518	1728.495	1723.209	1724.868	13159	0	0
2021.04.05	12:00:00	1724.901	1733.491	1721.838	1730.414	34999	0	0
2021.04.05	16:00:00	1730.384	1730.617	1724.963	1728.052	16117	0	0
2021.04.05	20:00:00	1728.084	1729.531	1727.218	1729.367	5119	0	0
2021.04.06	00:00:00	1729.367	1735.310	1727.537	1733.486	16948	0	0
2021.04.06	04:00:00	1733.504	1738.545	1727.505	1733.428	17175	0	0
2021.04.06	08:00:00	1733.399	1736.925	1729.491	1736.243	17381	0	0
2021.04.06	12:00:00	1736.276	1745.434	1734.102	1745.175	32481	0	0
2021.04.06	16:00:00	1745.176	1745.337	1739.925	1742.519	15809	0	0
2021.04.06	20:00:00	1742.550	1744.296	1742.164	1743.252	4494	0	0
2021.04.07	00:00:00	1743.217	1743.332	1735.696	1738.217	13491	0	0
2021.04.07	04:00:00	1738.224	1742.182	1736.196	1740.978	14052	0	0
2021.04.07	08:00:00	1740.946	1741.127	1733.727	1734.516	16548	0	0
2021.04.07	12:00:00	1734.554	1743.129	1730.607	1741.374	29139	0	0
2021.04.07	16:00:00	1741.385	1742.503	1735.520	1737.345	15465	0	0
2021.04.07	20:00:00	1737.312	1738.192	1735.283	1736.836	5128	0	0
2021.04.08	00:00:00	1736.806	1739.780	1733.133	1738.626	13132	0	0
2021.04.08	04:00:00	1738.629	1747.339	1738.629	1745.196	15714	0	0
2021.04.08	08:00:00	1745.193	1751.265	1741.497	1749.590	16698	0	0
2021.04.08	12:00:00	1749.558	1758.645	1746.169	1755.689	30073	0	0
2021.04.08	16:00:00	1755.662	1757.562	1754.103	1755.829	13683	0	0
2021.04.08	20:00:00	1755.821	1757.626	1753.996	1754.148	4874	0	0
2021.04.09	00:00:00	1754.178	1757.281	1751.341	1753.123	16466	0	0
2021.04.09	04:00:00	1753.149	1753.548	1743.753	1747.443	17600	0	0
2021.04.09	08:00:00	1747.412	1748.881	1743.403	1744.718	17390	0	0
2021.04.09	12:00:00	1744.753	1746.792	1731.102	1744.723	34192	0	0
2021.04.09	16:00:00	1744.722	1746.319	1741.348	1743.017	15405	0	0
2021.04.09	20:00:00	1742.986	1744.160	1742.442	1743.842	1638	0	0
2021.04.11	00:00:00	1742.481	1743.475	1740.490	1741.591	3757	0	0
2021.04.11	20:00:00	1742.481	1743.475	1740.490	1741.591	3770	0	0
2021.04.12	00:00:00	1741.557	1743.375	1736.727	1738.592	16174	0	0
2021.04.12	04:00:00	1738.620	1742.117	1735.216	1739.112	15154	0	0
2021.04.12	08:00:00	1739.096	1744.111	1737.103	1742.346	15489	0	0
2021.04.12	12:00:00	1742.378	1744.932	1730.446	1732.116	27951	0	0
2021.04.12	16:00:00	1732.146	1733.901	1727.324	1732.494	17773	0	0
2021.04.12	20:00:00	1732.463	1733.624	1731.770	1731.898	5281	0	0
2021.04.13	00:00:00	1731.902	1736.372	1728.013	1731.714	16748	0	0
2021.04.13	04:00:00	1731.708	1732.169	1723.591	1727.610	17305	0	0
2021.04.13	08:00:00	1727.599	1730.216	1724.608	1729.045	17898	0	0
2021.04.13	12:00:00	1729.033	1748.878	1728.490	1743.763	38508	0	0
2021.04.13	16:00:00	1743.796	1747.571	1741.746	1744.871	18493	0	0
2021.04.13	20:00:00	1744.839	1746.889	1744.161	1746.581	5949	0	0
2021.04.14	00:00:00	1746.575	1749.367	1743.540	1743.909	15263	0	0
2021.04.14	04:00:00	1743.898	1748.718	1740.764	1744.695	17808	0	0
2021.04.14	08:00:00	1744.693	1748.071	1741.641	1744.710	15859	0	0
2021.04.14	12:00:00	1744.745	1747.091	1732.473	1736.425	32655	0	0
2021.04.14	16:00:00	1736.393	1737.843	1734.004	1736.929	16894	0	0
2021.04.14	20:00:00	1736.898	1736.992	1735.261	1736.625	4491	0	0
2021.04.15	00:00:00	1736.595	1740.469	1734.297	1738.468	16864	0	0
2021.04.15	04:00:00	1738.462	1747.839	1737.797	1745.590	15107	0	0
2021.04.15	08:00:00	1745.621	1749.045	1744.198	1744.691	15496	0	0
2021.04.15	12:00:00	1744.691	1769.581	1744.691	1766.508	42899	0	0
2021.04.15	16:00:00	1766.539	1769.234	1763.678	1764.884	17651	0	0
2021.04.15	20:00:00	1764.854	1765.017	1762.929	1763.901	5891	0	0
2021.04.16	00:00:00	1763.870	1765.978	1759.729	1763.156	16147	0	0
2021.04.16	04:00:00	1763.156	1766.176	1761.511	1764.069	15641	0	0
2021.04.16	08:00:00	1764.039	1779.210	1762.676	1778.543	18965	0	0
2021.04.16	12:00:00	1778.507	1783.789	1771.868	1778.855	33154	0	0
2021.04.16	16:00:00	1778.820	1780.283	1774.380	1775.920	15353	0	0
2021.04.16	20:00:00	1775.884	1777.121	1774.799	1776.523	1786	0	0
2021.04.18	00:00:00	1775.640	1778.053	1774.762	1776.723	3628	0	0
2021.04.18	20:00:00	1775.640	1778.053	1774.762	1776.723	3640	0	0
2021.04.19	00:00:00	1776.692	1783.513	1773.098	1777.293	17923	0	0
2021.04.19	04:00:00	1777.280	1787.151	1775.302	1786.991	16476	0	0
2021.04.19	08:00:00	1787.023	1789.987	1778.611	1782.095	18477	0	0
2021.04.19	12:00:00	1782.125	1782.206	1766.526	1772.175	33054	0	0
2021.04.19	16:00:00	1772.151	1772.757	1768.862	1770.813	15985	0	0
2021.04.19	20:00:00	1770.781	1772.518	1769.842	1772.112	4836	0	0
2021.04.20	00:00:00	1772.115	1775.610	1765.579	1773.212	17607	0	0
2021.04.20	04:00:00	1773.221	1774.271	1767.226	1771.883	18777	0	0
2021.04.20	08:00:00	1771.853	1775.573	1763.547	1773.259	22176	0	0
2021.04.20	12:00:00	1773.289	1779.978	1766.001	1778.729	35757	0	0
2021.04.20	16:00:00	1778.761	1780.365	1776.864	1777.311	15125	0	0
2021.04.20	20:00:00	1777.342	1779.163	1776.162	1776.737	4843	0	0
2021.04.21	00:00:00	1776.742	1784.696	1776.454	1782.040	15964	0	0
2021.04.21	04:00:00	1782.033	1788.315	1780.302	1781.986	16508	0	0
2021.04.21	08:00:00	1782.015	1784.252	1777.716	1782.853	16936	0	0
2021.04.21	12:00:00	1782.884	1797.549	1781.707	1792.858	27210	0	0
2021.04.21	16:00:00	1792.849	1795.187	1789.899	1794.550	15434	0	0
2021.04.21	20:00:00	1794.519	1795.006	1793.452	1793.570	4284	0	0
2021.04.22	00:00:00	1793.619	1797.756	1792.366	1793.345	13424	0	0
2021.04.22	04:00:00	1793.347	1794.607	1788.174	1791.254	14408	0	0
2021.04.22	08:00:00	1791.277	1792.200	1783.672	1786.148	15984	0	0
2021.04.22	12:00:00	1786.112	1788.162	1779.171	1780.773	32630	0	0
2021.04.22	16:00:00	1780.818	1783.923	1777.332	1783.539	21719	0	0
2021.04.22	20:00:00	1783.570	1786.104	1782.934	1783.136	4859	0	0
2021.04.23	00:00:00	1783.126	1789.639	1782.880	1786.047	13947	0	0
2021.04.23	04:00:00	1786.045	1786.967	1781.518	1783.025	15609	0	0
2021.04.23	08:00:00	1782.994	1791.677	1781.833	1791.078	15385	0	0
2021.04.23	12:00:00	1791.111	1795.879	1769.753	1776.410	34653	0	0
2021.04.23	16:00:00	1776.378	1779.156	1775.428	1776.339	14562	0	0
2021.04.23	20:00:00	1776.309	1777.128	1775.801	1777.023	1425	0	0
2021.04.25	00:00:00	1775.596	1775.980	1773.860	1774.789	2870	0	0
2021.04.25	20:00:00	1775.596	1775.980	1773.860	1774.789	2881	0	0
2021.04.26	00:00:00	1774.803	1782.866	1774.787	1781.062	14685	0	0
2021.04.26	04:00:00	1781.036	1783.439	1774.830	1778.589	15998	0	0
2021.04.26	08:00:00	1778.620	1782.157	1774.847	1776.499	17192	0	0
2021.04.26	12:00:00	1776.466	1780.200	1768.539	1778.902	30472	0	0
2021.04.26	16:00:00	1778.870	1781.249	1777.823	1780.899	13611	0	0
2021.04.26	20:00:00	1780.869	1782.378	1779.983	1780.040	4295	0	0
2021.04.27	00:00:00	1780.046	1783.735	1773.492	1779.850	14703	0	0
2021.04.27	04:00:00	1779.821	1783.384	1777.784	1778.089	14730	0	0
2021.04.27	08:00:00	1778.089	1783.082	1775.944	1782.482	15628	0	0
2021.04.27	12:00:00	1782.512	1785.514	1777.643	1778.092	27776	0	0
2021.04.27	16:00:00	1778.088	1779.836	1775.387	1776.570	16127	0	0
2021.04.27	20:00:00	1776.540	1777.175	1775.270	1775.436	4551	0	0
2021.04.28	00:00:00	1775.430	1775.453	1766.233	1771.814	17135	0	0
2021.04.28	04:00:00	1771.814	1772.037	1766.122	1769.429	15714	0	0
2021.04.28	08:00:00	1769.419	1770.512	1763.074	1766.649	17149	0	0
2021.04.28	12:00:00	1766.618	1775.860	1762.458	1774.443	30681	0	0
2021.04.28	16:00:00	1774.411	1782.344	1770.286	1781.865	25675	0	0
2021.04.28	20:00:00	1781.835	1783.905	1781.072	1783.818	5506	0	0
2021.04.29	00:00:00	1783.782	1789.896	1783.333	1784.550	13644	0	0
2021.04.29	04:00:00	1784.532	1785.764	1776.946	1781.194	14965	0	0
2021.04.29	08:00:00	1781.162	1781.391	1771.983	1775.883	18369	0	0
2021.04.29	12:00:00	1775.896	1781.333	1755.874	1766.943	43582	0	0
2021.04.29	16:00:00	1766.945	1774.834	1766.526	1774.717	15441	0	0
2021.04.29	20:00:00	1774.679	1774.882	1770.773	1773.221	4914	0	0
2021.04.30	00:00:00	1773.220	1773.220	1765.405	1766.259	16327	0	0
2021.04.30	04:00:00	1766.256	1773.200	1766.160	1768.884	16330	0	0
2021.04.30	08:00:00	1768.914	1772.437	1766.572	1770.488	16381	0	0
2021.04.30	12:00:00	1770.522	1772.243	1764.164	1767.122	34952	0	0
2021.04.30	16:00:00	1767.086	1770.467	1765.665	1768.392	17028	0	0
2021.04.30	20:00:00	1768.357	1769.261	1767.076	1768.776	1935	0	0
2021.05.02	00:00:00	1767.058	1769.024	1766.046	1769.017	3250	0	0
2021.05.02	20:00:00	1767.058	1769.024	1766.046	1769.017	3263	0	0
2021.05.03	00:00:00	1768.980	1775.674	1767.314	1774.858	11529	0	0
2021.05.03	04:00:00	1774.862	1781.342	1772.323	1776.067	13317	0	0
2021.05.03	08:00:00	1776.097	1782.646	1774.500	1780.957	16125	0	0
2021.05.03	12:00:00	1780.987	1797.826	1779.267	1792.424	26187	0	0
2021.05.03	16:00:00	1792.480	1794.381	1790.454	1791.646	15339	0	0
2021.05.03	20:00:00	1791.667	1793.366	1791.242	1792.472	4593	0	0
2021.05.04	00:00:00	1792.425	1793.071	1788.761	1789.746	9947	0	0
2021.05.04	04:00:00	1789.744	1789.749	1783.787	1786.906	12974	0	0
2021.05.04	08:00:00	1786.938	1790.492	1780.713	1783.448	18801	0	0
2021.05.04	12:00:00	1783.495	1798.951	1773.581	1775.615	35664	0	0
2021.05.04	16:00:00	1775.646	1780.034	1770.571	1778.151	24038	0	0
2021.05.04	20:00:00	1778.182	1779.944	1777.463	1778.627	5282	0	0
2021.05.05	00:00:00	1778.595	1783.303	1776.709	1782.680	11284	0	0
2021.05.05	04:00:00	1782.683	1782.907	1775.366	1777.758	14848	0	0
2021.05.05	08:00:00	1777.728	1780.109	1774.235	1778.285	15697	0	0
2021.05.05	12:00:00	1778.255	1784.881	1770.306	1784.076	33473	0	0
2021.05.05	16:00:00	1784.117	1786.183	1781.923	1786.097	16126	0	0
2021.05.05	20:00:00	1786.065	1787.898	1784.531	1785.219	4683	0	0
2021.05.06	00:00:00	1785.220	1790.032	1781.934	1789.727	14039	0	0
2021.05.06	04:00:00	1789.717	1795.488	1787.849	1791.771	12240	0	0
2021.05.06	08:00:00	1791.816	1795.690	1788.231	1793.729	14545	0	0
2021.05.06	12:00:00	1793.763	1817.973	1790.720	1814.124	30297	0	0
2021.05.06	16:00:00	1814.136	1816.462	1812.738	1815.262	14858	0	0
2021.05.06	20:00:00	1815.283	1815.998	1813.819	1814.725	4349	0	0
2021.05.07	00:00:00	1814.715	1822.124	1812.845	1820.486	14683	0	0
2021.05.07	04:00:00	1820.481	1821.505	1817.250	1819.018	14468	0	0
2021.05.07	08:00:00	1818.972	1823.039	1818.568	1819.963	12707	0	0
2021.05.07	12:00:00	1819.978	1843.262	1817.228	1835.065	57511	0	0
2021.05.07	16:00:00	1835.062	1835.109	1828.733	1832.047	16957	0	0
2021.05.07	20:00:00	1832.002	1832.077	1829.877	1830.979	1662	0	0
2021.05.09	00:00:00	1832.896	1836.787	1831.996	1836.162	4185	0	0
2021.05.09	20:00:00	1832.896	1836.787	1831.996	1836.162	4195	0	0
2021.05.10	00:00:00	1836.184	1836.184	1829.947	1832.523	16450	0	0
2021.05.10	04:00:00	1832.532	1839.084	1831.841	1834.734	14620	0	0
2021.05.10	08:00:00	1834.782	1841.946	1834.109	1841.100	14442	0	0
2021.05.10	12:00:00	1841.078	1845.322	1835.405	1841.643	27536	0	0
2021.05.10	16:00:00	1841.673	1841.796	1833.898	1837.989	15831	0	0
2021.05.10	20:00:00	1837.944	1838.622	1834.698	1836.043	5572	0	0
2021.05.11	00:00:00	1836.045	1838.317	1831.300	1834.773	15720	0	0
2021.05.11	04:00:00	1834.774	1837.984	1832.640	1835.071	15038	0	0
2021.05.11	08:00:00	1835.116	1841.709	1834.206	1839.396	15873	0	0
2021.05.11	12:00:00	1839.398	1841.665	1817.796	1833.340	30495	0	0
2021.05.11	16:00:00	1833.392	1838.000	1832.820	1837.677	16276	0	0
2021.05.11	20:00:00	1837.632	1838.297	1835.349	1835.433	4691	0	0
2021.05.12	00:00:00	1835.438	1836.777	1825.908	1826.938	14219	0	0
2021.05.12	04:00:00	1826.942	1835.588	1826.789	1833.027	14361	0	0
2021.05.12	08:00:00	1832.982	1835.561	1830.025	1833.683	13101	0	0
2021.05.12	12:00:00	1833.637	1843.462	1820.714	1824.208	46568	0	0
2021.05.12	16:00:00	1824.163	1825.100	1818.733	1819.851	21200	0	0
2021.05.12	20:00:00	1819.896	1820.536	1813.230	1817.489	6985	0	0
2021.05.13	00:00:00	1817.443	1822.872	1813.202	1817.272	15540	0	0
2021.05.13	04:00:00	1817.260	1822.184	1813.697	1814.670	14974	0	0
2021.05.13	08:00:00	1814.623	1818.221	1808.675	1814.936	16987	0	0
2021.05.13	12:00:00	1814.953	1827.015	1813.614	1825.251	27397	0	0
2021.05.13	16:00:00	1825.239	1828.609	1821.629	1827.275	17639	0	0
2021.05.13	20:00:00	1827.265	1828.317	1825.023	1825.024	5066	0	0
2021.05.14	00:00:00	1825.026	1826.431	1819.661	1822.356	14483	0	0
2021.05.14	04:00:00	1822.374	1836.134	1822.030	1833.189	14729	0	0
2021.05.14	08:00:00	1833.143	1837.284	1831.714	1834.804	13800	0	0
2021.05.14	12:00:00	1834.820	1841.132	1833.152	1839.583	26898	0	0
2021.05.14	16:00:00	1839.629	1843.542	1837.650	1843.359	13571	0	0
2021.05.14	20:00:00	1843.326	1845.923	1841.721	1843.486	2113	0	0
2021.05.16	00:00:00	1843.784	1847.964	1843.784	1847.074	3875	0	0
2021.05.16	20:00:00	1843.784	1847.964	1843.784	1847.074	3884	0	0
2021.05.17	00:00:00	1847.049	1852.928	1843.540	1851.250	14328	0	0
2021.05.17	04:00:00	1851.260	1855.283	1851.260	1852.738	13632	0	0
2021.05.17	08:00:00	1852.770	1853.606	1846.207	1847.163	12936	0	0
2021.05.17	12:00:00	1847.192	1866.847	1843.929	1866.281	24047	0	0
2021.05.17	16:00:00	1866.235	1868.365	1864.532	1865.497	14290	0	0
2021.05.17	20:00:00	1865.544	1868.974	1864.671	1868.913	4166	0	0
2021.05.18	00:00:00	1868.871	1873.687	1867.259	1868.127	14272	0	0
2021.05.18	04:00:00	1868.123	1871.593	1866.679	1869.920	13715	0	0
2021.05.18	08:00:00	1869.920	1870.438	1865.243	1870.056	12904	0	0
2021.05.18	12:00:00	1870.061	1874.875	1863.164	1864.812	25325	0	0
2021.05.18	16:00:00	1864.767	1869.981	1863.882	1868.912	13191	0	0
2021.05.18	20:00:00	1868.866	1871.003	1868.150	1870.086	3791	0	0
2021.05.19	00:00:00	1870.085	1871.470	1864.492	1868.618	12753	0	0
2021.05.19	04:00:00	1868.646	1873.893	1865.841	1867.839	13902	0	0
2021.05.19	08:00:00	1867.790	1869.784	1852.125	1855.730	18325	0	0
2021.05.19	12:00:00	1855.701	1889.986	1855.144	1885.201	37602	0	0
2021.05.19	16:00:00	1885.208	1885.263	1861.892	1870.653	25484	0	0
2021.05.19	20:00:00	1870.607	1871.493	1864.627	1865.806	5359	0	0
2021.05.20	00:00:00	1865.852	1877.490	1863.801	1875.755	15605	0	0
2021.05.20	04:00:00	1875.758	1878.951	1870.463	1874.069	13722	0	0
2021.05.20	08:00:00	1874.063	1876.245	1865.139	1871.186	14847	0	0
2021.05.20	12:00:00	1871.186	1880.782	1867.470	1880.001	22704	0	0
2021.05.20	16:00:00	1879.992	1883.770	1873.197	1878.457	15251	0	0
2021.05.20	20:00:00	1878.406	1878.423	1873.800	1873.961	4515	0	0
2021.05.21	00:00:00	1873.940	1876.643	1870.278	1874.449	12348	0	0
2021.05.21	04:00:00	1874.448	1876.996	1872.681	1875.661	12534	0	0
2021.05.21	08:00:00	1875.676	1880.169	1874.989	1878.596	12837	0	0
2021.05.21	12:00:00	1878.621	1889.284	1870.297	1875.282	26645	0	0
2021.05.21	16:00:00	1875.293	1881.740	1870.065	1879.520	14980	0	0
2021.05.21	20:00:00	1879.468	1882.354	1879.007	1881.659	1583	0	0
2021.05.23	00:00:00	1880.985	1883.761	1880.148	1883.459	3008	0	0
2021.05.23	20:00:00	1880.985	1883.761	1880.148	1883.459	3016	0	0
2021.05.24	00:00:00	1883.457	1886.973	1879.760	1883.428	13494	0	0
2021.05.24	04:00:00	1883.434	1886.197	1880.802	1881.733	11759	0	0
2021.05.24	08:00:00	1881.688	1882.760	1875.167	1880.889	13174	0	0
2021.05.24	12:00:00	1880.855	1886.202	1877.836	1884.488	20715	0	0
2021.05.24	16:00:00	1884.467	1884.618	1881.704	1883.196	11302	0	0
2021.05.24	20:00:00	1883.198	1883.537	1877.123	1877.361	4240	0	0
2021.05.25	00:00:00	1877.323	1879.961	1872.613	1879.208	13586	0	0
2021.05.25	04:00:00	1879.208	1887.167	1873.213	1882.999	13211	0	0
2021.05.25	08:00:00	1882.997	1884.717	1879.741	1881.963	13105	0	0
2021.05.25	12:00:00	1881.955	1895.934	1879.771	1892.136	25575	0	0
2021.05.25	16:00:00	1892.106	1900.020	1890.796	1899.938	13588	0	0
2021.05.25	20:00:00	1899.890	1900.177	1897.247	1898.083	4767	0	0
2021.05.26	00:00:00	1898.082	1907.684	1896.900	1905.278	14274	0	0
2021.05.26	04:00:00	1905.295	1910.028	1900.424	1909.194	13429	0	0
2021.05.26	08:00:00	1909.186	1909.873	1903.553	1905.370	13493	0	0
2021.05.26	12:00:00	1905.384	1912.616	1899.039	1902.468	21814	0	0
2021.05.26	16:00:00	1902.516	1903.929	1890.655	1896.603	15802	0	0
2021.05.26	20:00:00	1896.547	1897.648	1895.299	1896.060	4406	0	0
2021.05.27	00:00:00	1896.070	1897.394	1892.128	1896.550	11960	0	0
2021.05.27	04:00:00	1896.550	1903.530	1896.550	1899.686	12682	0	0
2021.05.27	08:00:00	1899.675	1900.406	1891.521	1894.613	13661	0	0
2021.05.27	12:00:00	1894.617	1898.747	1888.111	1893.257	26185	0	0
2021.05.27	16:00:00	1893.303	1898.824	1890.165	1897.925	13081	0	0
2021.05.27	20:00:00	1897.875	1898.515	1895.891	1897.969	4008	0	0
2021.05.28	00:00:00	1897.992	1898.121	1892.895	1893.600	11819	0	0
2021.05.28	04:00:00	1893.601	1894.180	1887.714	1890.552	12631	0	0
2021.05.28	08:00:00	1890.551	1894.711	1890.122	1891.160	11933	0	0
2021.05.28	12:00:00	1891.150	1900.521	1882.063	1895.580	26328	0	0
2021.05.28	16:00:00	1895.630	1905.084	1895.630	1903.836	14124	0	0
2021.05.28	20:00:00	1903.882	1905.947	1903.006	1903.706	1900	0	0
2021.05.30	00:00:00	1903.805	1904.750	1903.214	1903.798	2406	0	0
2021.05.30	20:00:00	1903.805	1904.750	1903.214	1903.798	2422	0	0
2021.05.31	00:00:00	1903.845	1910.544	1902.566	1908.341	12478	0	0
2021.05.31	04:00:00	1908.341	1908.434	1903.422	1904.814	10383	0	0
2021.05.31	08:00:00	1904.797	1906.949	1902.063	1904.627	10444	0	0
2021.05.31	12:00:00	1904.626	1906.904	1903.616	1905.112	11455	0	0
2021.05.31	16:00:00	1905.084	1906.707	1904.886	1906.640	2058	0	0
2021.05.31	20:00:00	1907.192	1908.260	1906.323	1907.978	3046	0	0
2021.06.01	00:00:00	1907.987	1914.361	1906.101	1911.403	12535	0	0
2021.06.01	04:00:00	1911.449	1916.446	1909.905	1912.642	12022	0	0
2021.06.01	08:00:00	1912.687	1912.825	1904.392	1908.934	14710	0	0
2021.06.01	12:00:00	1908.888	1911.910	1892.350	1899.691	25244	0	0
2021.06.01	16:00:00	1899.670	1903.817	1898.773	1899.845	11902	0	0
2021.06.01	20:00:00	1899.890	1900.417	1898.242	1898.747	3862	0	0
2021.06.02	00:00:00	1898.751	1902.155	1895.992	1897.875	11785	0	0
2021.06.02	04:00:00	1897.868	1900.605	1895.080	1898.355	13093	0	0
2021.06.02	08:00:00	1898.400	1901.165	1894.250	1901.082	12817	0	0
2021.06.02	12:00:00	1901.131	1908.683	1900.336	1905.387	19324	0	0
2021.06.02	16:00:00	1905.432	1908.961	1905.289	1908.866	11604	0	0
2021.06.02	20:00:00	1908.911	1909.474	1907.419	1907.752	3021	0	0
2021.06.03	00:00:00	1907.756	1909.463	1904.011	1904.849	10320	0	0
2021.06.03	04:00:00	1904.850	1904.871	1890.395	1893.557	13199	0	0
2021.06.03	08:00:00	1893.603	1898.049	1891.651	1892.391	14634	0	0
2021.06.03	12:00:00	1892.345	1894.133	1863.442	1869.258	36858	0	0
2021.06.03	16:00:00	1869.212	1873.976	1868.263	1871.361	11881	0	0
2021.06.03	20:00:00	1871.407	1871.964	1870.306	1870.865	3485	0	0
2021.06.04	00:00:00	1870.856	1871.885	1855.573	1870.007	16487	0	0
2021.06.04	04:00:00	1870.007	1875.027	1865.560	1871.052	13535	0	0
2021.06.04	08:00:00	1871.100	1872.142	1868.212	1871.147	11002	0	0
2021.06.04	12:00:00	1871.101	1896.047	1868.817	1892.949	28570	0	0
2021.06.04	16:00:00	1892.998	1893.137	1888.181	1891.888	10673	0	0
2021.06.04	20:00:00	1891.933	1891.977	1890.417	1891.138	1105	0	0
2021.06.06	00:00:00	1889.994	1890.631	1888.646	1889.265	2273	0	0
2021.06.06	20:00:00	1889.994	1890.631	1888.646	1889.265	2289	0	0
2021.06.07	00:00:00	1889.246	1891.748	1884.915	1887.191	11993	0	0
2021.06.07	04:00:00	1887.183	1887.459	1881.455	1884.486	12363	0	0
2021.06.07	08:00:00	1884.479	1888.251	1881.942	1887.001	12577	0	0
2021.06.07	12:00:00	1887.042	1894.627	1884.529	1893.998	19595	0	0
2021.06.07	16:00:00	1894.058	1899.965	1894.058	1899.761	11485	0	0
2021.06.07	20:00:00	1899.712	1900.028	1898.254	1898.633	3242	0	0
2021.06.08	00:00:00	1898.622	1903.213	1895.530	1895.856	11043	0	0
2021.06.08	04:00:00	1895.875	1898.363	1892.471	1892.625	11931	0	0
2021.06.08	08:00:00	1892.585	1899.981	1889.617	1899.825	13738	0	0
2021.06.08	12:00:00	1899.780	1903.673	1883.740	1891.085	24390	0	0
2021.06.08	16:00:00	1891.077	1893.923	1890.774	1893.418	11088	0	0
2021.06.08	20:00:00	1893.373	1894.983	1891.575	1893.327	3735	0	0
2021.06.09	00:00:00	1893.315	1896.240	1891.359	1894.418	10439	0	0
2021.06.09	04:00:00	1894.418	1895.519	1889.478	1892.101	11233	0	0
2021.06.09	08:00:00	1892.147	1893.626	1887.254	1891.386	12788	0	0
2021.06.09	12:00:00	1891.435	1898.912	1887.902	1891.450	20513	0	0
2021.06.09	16:00:00	1891.436	1893.110	1888.556	1889.752	10813	0	0
2021.06.09	20:00:00	1889.797	1889.843	1888.153	1888.618	2781	0	0
2021.06.10	00:00:00	1888.632	1889.287	1884.003	1887.118	10841	0	0
2021.06.10	04:00:00	1887.150	1888.072	1876.258	1877.162	13263	0	0
2021.06.10	08:00:00	1877.336	1883.788	1875.952	1876.033	13062	0	0
2021.06.10	12:00:00	1875.984	1894.010	1869.798	1893.670	34038	0	0
2021.06.10	16:00:00	1893.719	1899.276	1891.731	1898.073	13852	0	0
2021.06.10	20:00:00	1898.027	1899.808	1897.324	1898.318	4702	0	0
2021.06.11	00:00:00	1898.294	1900.841	1897.307	1898.833	11391	0	0
2021.06.11	04:00:00	1898.793	1902.856	1898.237	1899.338	11862	0	0
2021.06.11	08:00:00	1899.293	1899.293	1887.227	1889.099	15417	0	0
2021.06.11	12:00:00	1889.150	1891.649	1875.126	1880.146	24138	0	0
2021.06.11	16:00:00	1880.160	1880.497	1874.321	1876.454	11629	0	0
2021.06.11	20:00:00	1876.500	1877.473	1875.508	1877.401	1423	0	0
2021.06.13	00:00:00	1876.160	1877.608	1873.194	1873.652	3778	0	0
2021.06.13	20:00:00	1876.160	1877.608	1873.194	1873.652	3792	0	0
2021.06.14	00:00:00	1873.604	1873.737	1863.177	1865.464	12603	0	0
2021.06.14	04:00:00	1865.417	1866.069	1856.760	1858.325	14997	0	0
2021.06.14	08:00:00	1858.279	1861.447	1852.599	1853.709	14895	0	0
2021.06.14	12:00:00	1853.663	1869.710	1844.212	1864.073	25873	0	0
2021.06.14	16:00:00	1864.122	1866.106	1862.804	1866.035	9297	0	0
2021.06.14	20:00:00	1866.053	1867.619	1865.436	1866.768	3886	0	0
2021.06.15	00:00:00	1866.757	1867.769	1858.658	1863.472	14013	0	0
2021.06.15	04:00:00	1863.426	1869.046	1863.372	1865.748	11977	0	0
2021.06.15	08:00:00	1865.758	1866.318	1862.151	1864.095	12717	0	0
2021.06.15	12:00:00	1864.095	1868.011	1855.581	1855.621	21948	0	0
2021.06.15	16:00:00	1855.618	1859.252	1851.529	1859.210	13202	0	0
2021.06.15	20:00:00	1859.149	1860.707	1857.213	1857.846	4208	0	0
2021.06.16	00:00:00	1857.892	1858.304	1853.161	1857.883	10433	0	0
2021.06.16	04:00:00	1857.894	1861.404	1856.889	1860.230	11575	0	0
2021.06.16	08:00:00	1860.262	1860.527	1852.623	1854.861	12024	0	0
2021.06.16	12:00:00	1854.888	1861.500	1853.961	1859.742	17214	0	0
2021.06.16	16:00:00	1859.756	1863.506	1827.193	1828.063	41769	0	0
2021.06.16	20:00:00	1828.015	1830.526	1803.264	1818.733	14430	0	0
2021.06.17	00:00:00	1818.758	1825.188	1814.476	1822.198	16316	0	0
2021.06.17	04:00:00	1822.201	1822.201	1805.217	1810.270	16913	0	0
2021.06.17	08:00:00	1810.220	1811.627	1785.568	1788.294	20669	0	0
2021.06.17	12:00:00	1788.247	1790.415	1766.982	1776.169	49753	0	0
2021.06.17	16:00:00	1776.137	1781.893	1769.420	1772.080	26861	0	0
2021.06.17	20:00:00	1772.025	1776.842	1769.585	1776.719	7213	0	0
2021.06.18	00:00:00	1776.672	1786.335	1776.009	1785.840	15750	0	0
2021.06.18	04:00:00	1785.874	1793.469	1782.058	1792.998	19061	0	0
2021.06.18	08:00:00	1792.947	1797.122	1790.120	1793.948	17037	0	0
2021.06.18	12:00:00	1793.994	1794.125	1769.019	1774.182	55735	0	0
2021.06.18	16:00:00	1774.151	1776.374	1761.303	1761.729	23107	0	0
2021.06.18	20:00:00	1761.775	1765.528	1760.860	1764.562	3577	0	0
2021.06.20	00:00:00	1768.728	1770.029	1767.355	1769.324	5065	0	0
2021.06.20	20:00:00	1768.728	1770.029	1767.355	1769.324	5081	0	0
2021.06.21	00:00:00	1769.320	1776.827	1768.532	1774.490	20338	0	0
2021.06.21	04:00:00	1774.495	1779.947	1766.410	1778.580	23244	0	0
2021.06.21	08:00:00	1778.625	1785.759	1777.813	1782.622	20045	0	0
2021.06.21	12:00:00	1782.618	1786.462	1773.445	1783.393	37870	0	0
2021.06.21	16:00:00	1783.400	1785.112	1781.983	1783.010	14852	0	0
2021.06.21	20:00:00	1783.055	1787.564	1782.529	1783.500	6056	0	0
2021.06.22	00:00:00	1783.490	1790.051	1782.745	1788.894	12042	0	0
2021.06.22	04:00:00	1788.896	1789.060	1776.995	1777.831	17474	0	0
2021.06.22	08:00:00	1777.877	1787.511	1776.408	1780.590	18144	0	0
2021.06.22	12:00:00	1780.623	1783.233	1772.255	1776.611	30936	0	0
2021.06.22	16:00:00	1776.609	1783.090	1775.778	1776.294	15892	0	0
2021.06.22	20:00:00	1776.236	1779.688	1775.103	1777.581	5053	0	0
2021.06.23	00:00:00	1777.578	1783.848	1777.210	1781.591	13559	0	0
2021.06.23	04:00:00	1781.622	1783.319	1777.510	1781.849	15433	0	0
2021.06.23	08:00:00	1781.837	1785.396	1780.883	1783.059	16676	0	0
2021.06.23	12:00:00	1783.090	1794.850	1779.957	1786.631	26642	0	0
2021.06.23	16:00:00	1786.644	1787.520	1773.162	1775.199	17265	0	0
2021.06.23	20:00:00	1775.169	1780.021	1774.199	1777.320	6136	0	0
2021.06.24	00:00:00	1777.320	1779.899	1774.219	1775.896	13192	0	0
2021.06.24	04:00:00	1775.902	1778.199	1772.832	1777.187	14872	0	0
2021.06.24	08:00:00	1777.197	1787.711	1776.821	1787.572	16056	0	0
2021.06.24	12:00:00	1787.542	1787.958	1775.863	1778.382	26184	0	0
2021.06.24	16:00:00	1778.351	1779.679	1773.726	1773.864	14958	0	0
2021.06.24	20:00:00	1773.886	1777.113	1773.525	1775.204	4905	0	0
2021.06.25	00:00:00	1775.204	1779.588	1773.694	1777.753	12994	0	0
2021.06.25	04:00:00	1777.758	1783.322	1775.675	1782.565	14607	0	0
2021.06.25	08:00:00	1782.535	1785.417	1781.274	1785.035	14022	0	0
2021.06.25	12:00:00	1785.036	1790.271	1778.304	1779.041	28809	0	0
2021.06.25	16:00:00	1779.075	1779.498	1776.279	1779.244	14066	0	0
2021.06.25	20:00:00	1779.196	1781.474	1779.079	1781.361	1411	0	0
2021.06.27	00:00:00	1781.264	1782.753	1780.545	1781.905	2843	0	0
2021.06.27	20:00:00	1781.264	1782.753	1780.545	1781.905	2852	0	0
2021.06.28	00:00:00	1781.858	1781.917	1770.538	1779.115	16850	0	0
2021.06.28	04:00:00	1779.126	1785.669	1778.948	1783.277	14095	0	0
2021.06.28	08:00:00	1783.247	1783.272	1773.698	1774.581	16502	0	0
2021.06.28	12:00:00	1774.580	1782.934	1773.304	1780.903	24924	0	0
2021.06.28	16:00:00	1780.880	1781.147	1777.663	1779.254	12853	0	0
2021.06.28	20:00:00	1779.248	1779.428	1776.824	1778.108	3562	0	0
2021.06.29	00:00:00	1778.097	1778.166	1774.035	1775.170	12842	0	0
2021.06.29	04:00:00	1775.178	1778.940	1772.203	1773.349	14391	0	0
2021.06.29	08:00:00	1773.313	1773.346	1764.008	1770.502	19238	0	0
2021.06.29	12:00:00	1770.520	1775.891	1750.621	1762.651	41193	0	0
2021.06.29	16:00:00	1762.683	1765.789	1760.151	1761.007	14787	0	0
2021.06.29	20:00:00	1761.047	1762.362	1760.490	1761.441	3813	0	0
2021.06.30	00:00:00	1761.456	1764.643	1759.031	1761.124	12756	0	0
2021.06.30	04:00:00	1761.108	1762.545	1755.545	1755.549	16402	0	0
2021.06.30	08:00:00	1755.545	1761.818	1753.297	1760.656	16961	0	0
2021.06.30	12:00:00	1760.686	1767.734	1754.848	1765.399	31751	0	0
2021.06.30	16:00:00	1765.432	1774.372	1765.432	1769.821	16155	0	0
2021.06.30	20:00:00	1769.855	1770.544	1767.693	1768.131	4695	0	0
2021.07.01	00:00:00	1768.132	1776.103	1765.633	1775.970	13763	0	0
2021.07.01	04:00:00	1775.949	1779.019	1773.058	1776.869	15571	0	0
2021.07.01	08:00:00	1776.899	1779.702	1772.919	1776.769	17609	0	0
2021.07.01	12:00:00	1776.770	1782.757	1768.249	1770.979	31760	0	0
2021.07.01	16:00:00	1770.948	1776.798	1768.614	1776.077	14851	0	0
2021.07.01	20:00:00	1776.046	1776.961	1775.121	1775.505	3934	0	0
2021.07.02	00:00:00	1775.495	1779.770	1774.976	1778.910	11847	0	0
2021.07.02	04:00:00	1778.907	1779.633	1774.291	1777.992	13615	0	0
2021.07.02	08:00:00	1777.992	1788.727	1777.746	1785.896	16504	0	0
2021.07.02	12:00:00	1785.893	1794.983	1775.818	1782.815	37961	0	0
2021.07.02	16:00:00	1782.785	1791.777	1781.507	1787.755	14043	0	0
2021.07.02	20:00:00	1787.708	1788.455	1786.023	1787.446	1239	0	0
2021.07.04	00:00:00	1787.277	1787.581	1785.461	1786.184	2611	0	0
2021.07.04	20:00:00	1787.277	1787.581	1785.461	1786.184	2628	0	0
2021.07.05	00:00:00	1786.187	1789.843	1784.426	1785.447	11238	0	0
2021.07.05	04:00:00	1785.460	1793.002	1784.662	1792.620	11573	0	0
2021.07.05	08:00:00	1792.650	1794.547	1789.150	1789.559	11571	0	0
2021.07.05	12:00:00	1789.563	1793.098	1789.563	1790.823	11282	0	0
2021.07.05	16:00:00	1790.839	1791.812	1789.962	1791.649	1827	0	0
2021.07.05	20:00:00	1791.634	1792.698	1790.794	1791.224	2366	0	0
2021.07.06	00:00:00	1791.212	1799.833	1790.680	1797.315	12428	0	0
2021.07.06	04:00:00	1797.316	1809.062	1797.316	1807.330	13981	0	0
2021.07.06	08:00:00	1807.284	1810.759	1802.284	1809.821	14048	0	0
2021.07.06	12:00:00	1809.772	1814.961	1795.733	1796.641	26387	0	0
2021.07.06	16:00:00	1796.594	1797.590	1789.852	1796.540	16754	0	0
2021.07.06	20:00:00	1796.493	1797.268	1795.030	1795.550	4528	0	0
2021.07.07	00:00:00	1795.503	1802.815	1793.869	1801.037	11874	0	0
2021.07.07	04:00:00	1801.042	1806.551	1797.199	1805.419	12914	0	0
2021.07.07	08:00:00	1805.372	1808.411	1803.223	1806.501	12629	0	0
2021.07.07	12:00:00	1806.524	1809.674	1796.903	1803.435	23999	0	0
2021.07.07	16:00:00	1803.470	1808.160	1800.512	1803.451	16305	0	0
2021.07.07	20:00:00	1803.404	1805.502	1802.353	1803.285	4353	0	0
2021.07.08	00:00:00	1803.280	1804.902	1796.384	1797.421	11902	0	0
2021.07.08	04:00:00	1797.420	1810.749	1796.217	1807.313	15130	0	0
2021.07.08	08:00:00	1807.362	1817.836	1805.242	1814.041	19499	0	0
2021.07.08	12:00:00	1814.023	1818.312	1793.986	1796.722	27286	0	0
2021.07.08	16:00:00	1796.687	1802.798	1796.178	1802.170	13815	0	0
2021.07.08	20:00:00	1802.125	1804.422	1801.727	1803.723	4350	0	0
2021.07.09	00:00:00	1803.736	1807.751	1799.230	1805.178	13038	0	0
2021.07.09	04:00:00	1805.192	1805.931	1796.594	1804.546	15241	0	0
2021.07.09	08:00:00	1804.591	1805.644	1798.182	1800.192	15561	0	0
2021.07.09	12:00:00	1800.146	1811.501	1798.427	1807.862	19495	0	0
2021.07.09	16:00:00	1807.863	1812.270	1807.691	1807.898	11345	0	0
2021.07.09	20:00:00	1807.925	1808.863	1807.157	1808.222	1205	0	0
2021.07.11	00:00:00	1808.049	1808.455	1806.301	1806.405	2546	0	0
2021.07.11	20:00:00	1808.049	1808.455	1806.301	1806.405	2559	0	0
2021.07.12	00:00:00	1806.452	1810.773	1802.241	1802.915	11344	0	0
2021.07.12	04:00:00	1802.915	1805.954	1798.882	1803.965	11795	0	0
2021.07.12	08:00:00	1803.978	1804.969	1798.196	1799.979	13420	0	0
2021.07.12	12:00:00	1799.974	1807.420	1791.409	1805.090	20941	0	0
2021.07.12	16:00:00	1805.145	1807.434	1803.913	1806.278	11335	0	0
2021.07.12	20:00:00	1806.233	1807.489	1805.024	1807.082	3305	0	0
2021.07.13	00:00:00	1807.079	1812.673	1806.707	1809.291	9289	0	0
2021.07.13	04:00:00	1809.296	1812.275	1806.055	1809.884	10805	0	0
2021.07.13	08:00:00	1809.931	1809.939	1805.766	1809.353	11437	0	0
2021.07.13	12:00:00	1809.353	1816.915	1798.539	1813.205	29017	0	0
2021.07.13	16:00:00	1813.215	1813.882	1805.148	1808.401	14573	0	0
2021.07.13	20:00:00	1808.452	1808.709	1805.550	1805.994	3808	0	0
2021.07.14	00:00:00	1805.999	1813.474	1804.457	1812.592	10663	0	0
2021.07.14	04:00:00	1812.594	1814.937	1809.690	1812.595	10940	0	0
2021.07.14	08:00:00	1812.605	1817.709	1811.467	1816.795	13204	0	0
2021.07.14	12:00:00	1816.840	1829.707	1816.438	1822.528	25886	0	0
2021.07.14	16:00:00	1822.574	1827.333	1820.049	1827.333	12589	0	0
2021.07.14	20:00:00	1827.303	1828.603	1825.557	1826.376	4701	0	0
2021.07.15	00:00:00	1826.388	1829.086	1823.613	1825.500	10379	0	0
2021.07.15	04:00:00	1825.503	1834.039	1825.417	1830.735	11975	0	0
2021.07.15	08:00:00	1830.689	1832.854	1822.592	1825.702	14532	0	0
2021.07.15	12:00:00	1825.747	1828.515	1820.217	1825.372	19433	0	0
2021.07.15	16:00:00	1825.417	1830.194	1824.715	1828.382	13252	0	0
2021.07.15	20:00:00	1828.332	1831.928	1828.191	1829.450	3928	0	0
2021.07.16	00:00:00	1829.450	1831.446	1825.645	1827.383	10288	0	0
2021.07.16	04:00:00	1827.403	1827.804	1820.618	1822.656	11004	0	0
2021.07.16	08:00:00	1822.609	1824.620	1815.394	1817.815	13645	0	0
2021.07.16	12:00:00	1817.766	1826.468	1809.357	1812.714	25902	0	0
2021.07.16	16:00:00	1812.691	1817.070	1808.937	1810.295	13578	0	0
2021.07.16	20:00:00	1810.340	1812.008	1810.010	1812.007	1446	0	0
2021.07.18	00:00:00	1811.224	1815.844	1810.351	1815.700	3327	0	0
2021.07.18	20:00:00	1811.224	1815.844	1810.351	1815.700	3341	0	0
2021.07.19	00:00:00	1815.700	1817.250	1811.075	1812.988	11080	0	0
2021.07.19	04:00:00	1813.007	1815.282	1802.479	1805.847	13217	0	0
2021.07.19	08:00:00	1805.800	1806.523	1798.965	1800.523	15296	0	0
2021.07.19	12:00:00	1800.476	1815.491	1794.815	1808.279	26099	0	0
2021.07.19	16:00:00	1808.325	1812.060	1805.607	1812.047	14148	0	0
2021.07.19	20:00:00	1812.093	1813.277	1810.643	1811.304	3826	0	0
2021.07.20	00:00:00	1811.325	1819.045	1811.325	1817.171	11863	0	0
2021.07.20	04:00:00	1817.171	1818.121	1813.351	1813.745	12515	0	0
2021.07.20	08:00:00	1813.732	1818.950	1811.638	1817.766	15297	0	0
2021.07.20	12:00:00	1817.721	1824.880	1804.850	1807.370	24996	0	0
2021.07.20	16:00:00	1807.417	1811.921	1806.990	1809.924	11331	0	0
2021.07.20	20:00:00	1809.871	1810.987	1808.995	1809.737	3680	0	0
2021.07.21	00:00:00	1809.735	1809.771	1805.096	1808.648	10071	0	0
2021.07.21	04:00:00	1808.650	1813.643	1805.995	1807.265	12283	0	0
2021.07.21	08:00:00	1807.272	1808.939	1799.921	1800.568	15227	0	0
2021.07.21	12:00:00	1800.528	1805.701	1794.420	1804.077	22746	0	0
2021.07.21	16:00:00	1804.036	1805.277	1801.802	1803.536	11395	0	0
2021.07.21	20:00:00	1803.542	1804.338	1802.076	1802.540	3404	0	0
2021.07.22	00:00:00	1802.492	1802.989	1797.243	1798.398	9113	0	0
2021.07.22	04:00:00	1798.398	1803.294	1797.179	1800.441	10991	0	0
2021.07.22	08:00:00	1800.450	1800.450	1792.692	1796.559	14933	0	0
2021.07.22	12:00:00	1796.512	1807.955	1793.977	1807.099	22696	0	0
2021.07.22	16:00:00	1807.147	1807.938	1804.295	1807.142	11620	0	0
2021.07.22	20:00:00	1807.190	1808.426	1806.102	1807.081	3447	0	0
2021.07.23	00:00:00	1807.077	1808.426	1802.194	1803.031	9335	0	0
2021.07.23	04:00:00	1803.077	1810.260	1801.204	1809.204	11157	0	0
2021.07.23	08:00:00	1809.250	1809.646	1789.193	1795.734	15211	0	0
2021.07.23	12:00:00	1795.686	1804.899	1792.852	1802.544	19552	0	0
2021.07.23	16:00:00	1802.551	1804.502	1800.666	1801.283	10301	0	0
2021.07.23	20:00:00	1801.237	1802.668	1801.119	1802.126	1133	0	0
2021.07.25	00:00:00	1802.274	1802.712	1800.053	1800.344	2119	0	0
2021.07.25	20:00:00	1802.274	1802.712	1800.053	1800.344	2119	0	0
2021.07.26	00:00:00	1800.329	1807.228	1798.361	1806.619	10268	0	0
2021.07.26	04:00:00	1806.618	1811.448	1804.370	1807.712	11995	0	0
2021.07.26	08:00:00	1807.760	1809.808	1806.218	1807.837	11570	0	0
2021.07.26	12:00:00	1807.882	1808.213	1796.559	1799.412	19247	0	0
2021.07.26	16:00:00	1799.442	1800.699	1796.276	1797.397	9285	0	0
2021.07.26	20:00:00	1797.430	1798.485	1796.435	1797.550	2933	0	0
2021.07.27	00:00:00	1797.556	1799.752	1794.441	1799.320	9547	0	0
2021.07.27	04:00:00	1799.350	1800.940	1793.332	1798.654	11881	0	0
2021.07.27	08:00:00	1798.676	1799.458	1794.773	1798.501	11498	0	0
2021.07.27	12:00:00	1798.546	1805.172	1794.499	1798.519	21315	0	0
2021.07.27	16:00:00	1798.570	1802.096	1797.687	1800.217	11305	0	0
2021.07.27	20:00:00	1800.172	1800.780	1798.532	1799.873	4182	0	0
2021.07.28	00:00:00	1799.828	1807.311	1797.963	1806.226	10554	0	0
2021.07.28	04:00:00	1806.223	1807.016	1801.782	1801.782	10339	0	0
2021.07.28	08:00:00	1801.828	1802.447	1795.109	1796.465	12176	0	0
2021.07.28	12:00:00	1796.420	1802.173	1794.466	1800.839	16572	0	0
2021.07.28	16:00:00	1800.880	1809.718	1792.394	1808.733	23786	0	0
2021.07.28	20:00:00	1808.779	1810.216	1806.588	1809.307	4246	0	0
2021.07.29	00:00:00	1809.275	1817.448	1808.585	1814.997	11464	0	0
2021.07.29	04:00:00	1815.000	1819.750	1814.490	1816.086	11050	0	0
2021.07.29	08:00:00	1816.089	1828.077	1815.142	1824.959	13649	0	0
2021.07.29	12:00:00	1824.934	1831.999	1823.272	1831.017	18959	0	0
2021.07.29	16:00:00	1831.063	1832.548	1828.137	1828.703	10026	0	0
2021.07.29	20:00:00	1828.643	1831.114	1827.690	1830.189	3414	0	0
2021.07.30	00:00:00	1830.198	1830.347	1826.552	1828.524	10424	0	0
2021.07.30	04:00:00	1828.477	1831.257	1825.830	1829.190	10087	0	0
2021.07.30	08:00:00	1829.163	1829.888	1826.524	1827.548	9386	0	0
2021.07.30	12:00:00	1827.545	1829.809	1820.793	1822.571	17316	0	0
2021.07.30	16:00:00	1822.525	1822.646	1810.141	1814.348	11821	0	0
2021.07.30	20:00:00	1814.300	1814.510	1813.141	1813.934	1169	0	0
2021.08.01	00:00:00	1814.431	1814.955	1812.009	1813.790	2616	0	0
2021.08.01	20:00:00	1814.431	1814.955	1812.009	1813.790	2616	0	0
2021.08.02	00:00:00	1813.796	1816.823	1808.300	1812.016	11860	0	0
2021.08.02	04:00:00	1812.013	1813.172	1806.595	1808.019	11448	0	0
2021.08.02	08:00:00	1808.014	1811.639	1806.311	1811.297	9853	0	0
2021.08.02	12:00:00	1811.335	1816.371	1805.525	1814.462	18872	0	0
2021.08.02	16:00:00	1814.510	1819.432	1812.563	1813.101	9997	0	0
2021.08.02	20:00:00	1813.045	1814.205	1812.275	1812.447	2884	0	0
2021.08.03	00:00:00	1812.492	1813.844	1809.371	1810.777	8961	0	0
2021.08.03	04:00:00	1810.732	1812.424	1808.137	1809.627	9944	0	0
2021.08.03	08:00:00	1809.624	1811.997	1808.383	1810.056	9452	0	0
2021.08.03	12:00:00	1810.028	1814.924	1806.999	1809.219	17280	0	0
2021.08.03	16:00:00	1809.244	1811.518	1808.680	1811.105	7166	0	0
2021.08.03	20:00:00	1811.060	1811.138	1809.990	1811.071	1857	0	0
2021.08.04	00:00:00	1811.063	1814.758	1808.852	1813.124	8172	0	0
2021.08.04	04:00:00	1813.128	1815.049	1811.951	1814.518	8286	0	0
2021.08.04	08:00:00	1814.502	1819.057	1810.675	1817.767	9151	0	0
2021.08.04	12:00:00	1817.794	1831.657	1806.308	1811.122	29445	0	0
2021.08.04	16:00:00	1811.143	1813.017	1810.073	1811.826	9574	0	0
2021.08.04	20:00:00	1811.876	1812.405	1810.854	1811.614	2695	0	0
2021.08.05	00:00:00	1811.606	1811.870	1808.989	1811.010	8346	0	0
2021.08.05	04:00:00	1810.964	1814.550	1808.346	1813.655	8741	0	0
2021.08.05	08:00:00	1813.609	1814.766	1808.258	1813.068	11062	0	0
2021.08.05	12:00:00	1813.022	1813.684	1797.515	1804.164	21128	0	0
2021.08.05	16:00:00	1804.171	1808.154	1803.248	1804.377	8716	0	0
2021.08.05	20:00:00	1804.422	1804.793	1803.317	1803.396	2263	0	0
2021.08.06	00:00:00	1803.351	1803.601	1799.232	1801.027	7921	0	0
2021.08.06	04:00:00	1800.981	1801.930	1796.766	1800.003	8953	0	0
2021.08.06	08:00:00	1799.999	1800.644	1794.509	1799.592	9826	0	0
2021.08.06	12:00:00	1799.612	1801.357	1758.355	1761.934	44093	0	0
2021.08.06	16:00:00	1761.964	1765.693	1758.500	1760.165	14375	0	0
2021.08.06	20:00:00	1760.105	1764.096	1759.968	1763.819	2208	0	0
2021.08.08	00:00:00	1761.426	1762.323	1686.784	1719.053	34651	0	0
2021.08.08	20:00:00	1761.426	1762.323	1686.694	1719.053	34634	0	0
2021.08.09	00:00:00	1719.031	1741.908	1705.881	1738.118	36567	0	0
2021.08.09	04:00:00	1738.152	1752.663	1737.451	1749.224	20561	0	0
2021.08.09	08:00:00	1749.194	1749.644	1738.973	1744.124	24512	0	0
2021.08.09	12:00:00	1744.140	1748.391	1726.231	1728.364	44438	0	0
2021.08.09	16:00:00	1728.376	1731.661	1723.809	1728.546	16664	0	0
2021.08.09	20:00:00	1728.516	1733.139	1728.455	1731.457	5596	0	0
2021.08.10	00:00:00	1731.450	1737.409	1730.207	1737.315	12996	0	0
2021.08.10	04:00:00	1737.298	1738.240	1732.724	1735.734	15315	0	0
2021.08.10	08:00:00	1735.719	1735.751	1727.497	1732.391	16547	0	0
2021.08.10	12:00:00	1732.358	1733.707	1717.704	1731.463	31988	0	0
2021.08.10	16:00:00	1731.430	1732.393	1728.320	1729.150	11598	0	0
2021.08.10	20:00:00	1729.120	1729.772	1726.890	1726.890	3410	0	0
2021.08.11	00:00:00	1726.899	1735.146	1723.979	1733.836	12233	0	0
2021.08.11	04:00:00	1733.846	1734.649	1728.894	1732.624	13764	0	0
2021.08.11	08:00:00	1732.615	1738.437	1730.912	1737.596	12899	0	0
2021.08.11	12:00:00	1737.591	1752.054	1734.754	1751.624	42386	0	0
2021.08.11	16:00:00	1751.592	1754.404	1747.613	1752.747	16001	0	0
2021.08.11	20:00:00	1752.774	1752.946	1750.662	1752.326	3820	0	0
2021.08.12	00:00:00	1752.311	1753.579	1748.852	1750.662	11065	0	0
2021.08.12	04:00:00	1750.695	1758.105	1750.529	1756.773	13531	0	0
2021.08.12	08:00:00	1756.771	1757.603	1749.363	1749.468	13634	0	0
2021.08.12	12:00:00	1749.438	1752.240	1741.322	1751.705	33564	0	0
2021.08.12	16:00:00	1751.670	1753.926	1749.605	1753.488	11891	0	0
2021.08.12	20:00:00	1753.457	1754.174	1752.551	1753.415	3124	0	0
2021.08.13	00:00:00	1753.382	1756.747	1751.651	1755.224	9856	0	0
2021.08.13	04:00:00	1755.225	1760.267	1754.476	1757.614	12076	0	0
2021.08.13	08:00:00	1757.582	1761.693	1755.659	1759.215	12427	0	0
2021.08.13	12:00:00	1759.246	1777.833	1756.989	1776.621	25238	0	0
2021.08.13	16:00:00	1776.598	1779.253	1775.854	1778.758	10817	0	0
2021.08.13	20:00:00	1778.746	1779.901	1777.880	1779.509	1383	0	0
2021.08.15	00:00:00	1779.017	1779.976	1778.408	1778.763	2836	0	0
2021.08.15	20:00:00	1779.017	1779.976	1778.408	1778.763	2836	0	0
2021.08.16	00:00:00	1778.734	1782.556	1776.703	1776.742	12166	0	0
2021.08.16	04:00:00	1776.772	1777.545	1771.699	1774.563	13868	0	0
2021.08.16	08:00:00	1774.601	1776.717	1770.840	1772.113	14310	0	0
2021.08.16	12:00:00	1772.145	1789.175	1771.961	1786.016	22436	0	0
2021.08.16	16:00:00	1786.042	1788.363	1785.425	1787.341	8351	0	0
2021.08.16	20:00:00	1787.294	1788.379	1786.473	1787.457	4182	0	0
2021.08.17	00:00:00	1787.424	1788.631	1784.347	1785.925	10175	0	0
2021.08.17	04:00:00	1785.957	1795.275	1785.412	1792.837	11561	0	0
2021.08.17	08:00:00	1792.867	1795.519	1790.925	1791.272	10694	0	0
2021.08.17	12:00:00	1791.227	1794.550	1780.495	1782.677	24105	0	0
2021.08.17	16:00:00	1782.674	1786.200	1782.102	1785.082	11026	0	0
2021.08.17	20:00:00	1785.030	1786.835	1784.661	1786.126	4821	0	0
2021.08.18	00:00:00	1786.121	1792.177	1785.033	1790.174	9330	0	0
2021.08.18	04:00:00	1790.127	1793.685	1787.833	1790.115	9645	0	0
2021.08.18	08:00:00	1790.152	1790.218	1782.827	1786.982	10730	0	0
2021.08.18	12:00:00	1787.029	1791.170	1777.122	1783.819	21078	0	0
2021.08.18	16:00:00	1783.820	1790.280	1780.408	1786.448	17092	0	0
2021.08.18	20:00:00	1786.403	1788.833	1785.347	1787.381	5723	0	0
2021.08.19	00:00:00	1787.379	1787.399	1774.043	1779.879	13259	0	0
2021.08.19	04:00:00	1779.876	1782.516	1775.533	1781.403	14706	0	0
2021.08.19	08:00:00	1781.414	1790.081	1777.778	1786.850	13679	0	0
2021.08.19	12:00:00	1786.846	1792.366	1777.180	1783.145	22870	0	0
2021.08.19	16:00:00	1783.114	1783.178	1776.336	1780.991	12370	0	0
2021.08.19	20:00:00	1780.985	1781.683	1778.744	1778.970	5329	0	0
2021.08.20	00:00:00	1779.033	1785.570	1778.921	1785.185	9412	0	0
2021.08.20	04:00:00	1785.193	1788.339	1783.958	1785.336	11005	0	0
2021.08.20	08:00:00	1785.382	1787.077	1779.759	1784.523	10759	0	0
2021.08.20	12:00:00	1784.478	1786.627	1778.279	1784.875	20613	0	0
2021.08.20	16:00:00	1784.879	1786.621	1781.655	1782.334	10029	0	0
2021.08.20	20:00:00	1782.419	1782.419	1780.262	1781.235	1148	0	0
2021.08.22	20:00:00	1781.378	1782.284	1777.329	1778.626	4530	0	0
2021.08.23	00:00:00	1778.613	1788.616	1776.413	1786.903	12146	0	0
2021.08.23	04:00:00	1786.897	1788.352	1784.273	1785.324	9840	0	0
2021.08.23	08:00:00	1785.308	1793.010	1784.639	1790.796	11069	0	0
2021.08.23	12:00:00	1790.798	1806.232	1789.795	1804.560	20590	0	0
2021.08.23	16:00:00	1804.610	1805.494	1802.485	1803.665	7718	0	0
2021.08.23	20:00:00	1803.711	1805.851	1803.429	1804.758	3637	0	0
2021.08.24	00:00:00	1804.712	1804.968	1800.768	1801.073	7923	0	0
2021.08.24	04:00:00	1801.027	1805.010	1800.678	1801.900	10116	0	0
2021.08.24	08:00:00	1801.851	1805.617	1800.680	1804.132	9003	0	0
2021.08.24	12:00:00	1804.135	1809.502	1801.404	1806.578	19307	0	0
2021.08.24	16:00:00	1806.577	1807.293	1803.069	1803.082	7600	0	0
2021.08.24	20:00:00	1803.061	1803.886	1801.119	1801.705	3032	0	0
2021.08.25	00:00:00	1801.715	1802.593	1793.427	1794.795	10298	0	0
2021.08.25	04:00:00	1794.794	1797.375	1791.726	1794.346	9565	0	0
2021.08.25	08:00:00	1794.391	1796.193	1790.247	1794.175	10722	0	0
2021.08.25	12:00:00	1794.157	1797.666	1782.309	1789.045	23547	0	0
2021.08.25	16:00:00	1789.105	1792.875	1788.268	1790.779	9660	0	0
2021.08.25	20:00:00	1790.734	1791.520	1789.776	1791.520	2958	0	0
2021.08.26	00:00:00	1791.518	1791.867	1787.198	1787.852	7528	0	0
2021.08.26	04:00:00	1787.839	1788.234	1783.480	1786.927	10225	0	0
2021.08.26	08:00:00	1786.934	1790.171	1783.264	1788.453	10492	0	0
2021.08.26	12:00:00	1788.407	1798.112	1779.770	1793.039	25356	0	0
2021.08.26	16:00:00	1792.990	1794.114	1790.146	1792.625	9969	0	0
2021.08.26	20:00:00	1792.713	1793.650	1791.179	1793.451	3215	0	0
2021.08.27	00:00:00	1793.400	1799.160	1792.865	1798.022	9586	0	0
2021.08.27	04:00:00	1798.067	1804.995	1797.611	1801.521	10188	0	0
2021.08.27	08:00:00	1801.506	1801.630	1792.439	1796.552	9885	0	0
2021.08.27	12:00:00	1796.597	1813.275	1784.410	1812.896	34226	0	0
2021.08.27	16:00:00	1812.942	1819.125	1812.754	1818.982	11822	0	0
2021.08.27	20:00:00	1818.976	1819.008	1816.760	1816.778	1310	0	0
2021.08.29	20:00:00	1817.936	1819.111	1817.133	1818.390	4404	0	0
2021.08.30	00:00:00	1818.386	1823.157	1813.299	1815.036	11547	0	0
2021.08.30	04:00:00	1814.984	1818.064	1812.687	1815.012	8957	0	0
2021.08.30	08:00:00	1815.008	1817.745	1813.688	1817.098	8002	0	0
2021.08.30	12:00:00	1817.141	1817.737	1809.049	1810.103	15831	0	0
2021.08.30	16:00:00	1810.100	1811.199	1807.650	1810.525	7328	0	0
2021.08.30	20:00:00	1810.476	1811.065	1809.345	1810.386	2864	0	0
2021.08.31	00:00:00	1810.341	1815.736	1809.685	1815.689	8393	0	0
2021.08.31	04:00:00	1815.695	1819.047	1814.300	1815.278	9179	0	0
2021.08.31	08:00:00	1815.273	1816.907	1811.878	1812.636	10567	0	0
2021.08.31	12:00:00	1812.605	1815.736	1801.544	1807.780	22817	0	0
2021.08.31	16:00:00	1807.827	1816.327	1807.443	1814.710	10957	0	0
2021.08.31	20:00:00	1814.654	1815.477	1813.576	1814.435	3791	0	0
2021.09.01	00:00:00	1814.426	1815.444	1810.214	1815.219	9224	0	0
2021.09.01	04:00:00	1815.174	1816.886	1811.032	1811.289	10347	0	0
2021.09.01	08:00:00	1811.240	1814.422	1809.250	1812.892	9445	0	0
2021.09.01	12:00:00	1812.881	1819.911	1808.588	1815.325	22245	0	0
2021.09.01	16:00:00	1815.278	1816.404	1811.888	1814.708	8106	0	0
2021.09.01	20:00:00	1814.663	1814.663	1812.750	1813.020	2561	0	0
2021.09.02	00:00:00	1813.018	1815.983	1811.079	1811.105	8037	0	0
2021.09.02	04:00:00	1811.058	1815.190	1810.596	1814.660	7471	0	0
2021.09.02	08:00:00	1814.664	1817.008	1813.061	1815.430	8082	0	0
2021.09.02	12:00:00	1815.383	1816.255	1804.630	1808.910	17959	0	0
2021.09.02	16:00:00	1808.863	1810.963	1806.926	1809.729	8008	0	0
2021.09.02	20:00:00	1809.715	1810.179	1808.956	1809.364	2469	0	0
2021.09.03	00:00:00	1809.362	1814.758	1808.878	1812.540	7760	0	0
2021.09.03	04:00:00	1812.538	1814.344	1810.592	1811.127	7523	0	0
2021.09.03	08:00:00	1811.135	1815.300	1811.025	1814.609	7686	0	0
2021.09.03	12:00:00	1814.606	1833.859	1813.061	1829.256	31616	0	0
2021.09.03	16:00:00	1829.210	1832.694	1828.020	1828.498	8397	0	0
2021.09.03	20:00:00	1828.452	1828.834	1827.186	1827.573	1117	0	0
2021.09.05	20:00:00	1828.089	1830.149	1827.417	1827.555	4329	0	0
2021.09.06	00:00:00	1827.545	1828.416	1825.085	1825.747	8755	0	0
2021.09.06	04:00:00	1825.749	1828.205	1825.427	1825.947	7199	0	0
2021.09.06	08:00:00	1825.901	1826.868	1822.712	1823.762	7096	0	0
2021.09.06	12:00:00	1823.809	1824.105	1821.315	1821.889	7811	0	0
2021.09.06	16:00:00	1821.842	1823.490	1821.842	1823.089	1121	0	0
2021.09.06	20:00:00	1823.809	1824.069	1821.892	1823.520	2625	0	0
2021.09.07	00:00:00	1823.475	1827.179	1822.572	1823.066	7961	0	0
2021.09.07	04:00:00	1823.069	1823.204	1815.488	1817.571	10738	0	0
2021.09.07	08:00:00	1817.545	1817.596	1808.264	1810.888	12347	0	0
2021.09.07	12:00:00	1810.841	1814.943	1792.280	1797.234	21994	0	0
2021.09.07	16:00:00	1797.280	1798.768	1792.991	1793.467	10365	0	0
2021.09.07	20:00:00	1793.474	1795.721	1793.235	1795.591	4044	0	0
2021.09.08	00:00:00	1795.589	1800.927	1795.360	1798.031	9155	0	0
2021.09.08	04:00:00	1798.042	1801.159	1794.183	1798.813	10505	0	0
2021.09.08	08:00:00	1798.858	1799.784	1796.300	1796.873	10545	0	0
2021.09.08	12:00:00	1796.920	1802.087	1782.300	1791.842	25203	0	0
2021.09.08	16:00:00	1791.888	1793.435	1788.494	1788.629	12022	0	0
2021.09.08	20:00:00	1788.584	1790.779	1788.555	1790.683	4797	0	0
2021.09.09	00:00:00	1790.694	1790.694	1787.079	1788.227	9527	0	0
2021.09.09	04:00:00	1788.261	1792.796	1786.594	1792.295	10839	0	0
2021.09.09	08:00:00	1792.249	1800.893	1792.061	1798.888	10629	0	0
2021.09.09	12:00:00	1798.934	1799.899	1783.752	1792.272	23274	0	0
2021.09.09	16:00:00	1792.305	1799.056	1790.818	1795.982	12065	0	0
2021.09.09	20:00:00	1795.937	1796.327	1792.484	1794.695	5824	0	0
2021.09.10	00:00:00	1794.670	1799.835	1792.616	1798.039	10292	0	0
2021.09.10	04:00:00	1798.055	1803.772	1796.125	1801.597	10345	0	0
2021.09.10	08:00:00	1801.600	1803.278	1792.919	1797.605	11143	0	0
2021.09.10	12:00:00	1797.560	1800.453	1789.440	1792.723	20138	0	0
2021.09.10	16:00:00	1792.753	1793.599	1787.080	1787.727	11094	0	0
2021.09.10	20:00:00	1787.773	1788.690	1787.390	1787.614	1246	0	0
2021.09.12	20:00:00	1787.288	1788.683	1786.960	1787.290	3529	0	0
2021.09.13	00:00:00	1787.245	1792.534	1783.302	1792.345	11023	0	0
2021.09.13	04:00:00	1792.314	1793.585	1786.930	1789.878	11425	0	0
2021.09.13	08:00:00	1789.847	1791.287	1787.595	1789.864	9640	0	0
2021.09.13	12:00:00	1789.909	1798.314	1785.117	1795.386	20252	0	0
2021.09.13	16:00:00	1795.432	1795.478	1790.972	1793.114	9643	0	0
2021.09.13	20:00:00	1793.163	1793.608	1792.455	1792.955	3223	0	0
2021.09.14	00:00:00	1792.956	1793.216	1789.638	1791.017	8959	0	0
2021.09.14	04:00:00	1791.006	1794.764	1790.134	1790.573	9874	0	0
2021.09.14	08:00:00	1790.542	1790.611	1781.812	1784.448	11322	0	0
2021.09.14	12:00:00	1784.417	1808.590	1780.279	1805.702	27174	0	0
2021.09.14	16:00:00	1805.750	1806.532	1802.873	1805.104	9221	0	0
2021.09.14	20:00:00	1805.149	1805.316	1803.466	1803.691	4038	0	0
2021.09.15	00:00:00	1803.701	1804.560	1801.308	1803.362	8416	0	0
2021.09.15	04:00:00	1803.314	1804.227	1799.558	1801.833	10011	0	0
2021.09.15	08:00:00	1801.879	1803.327	1798.842	1802.358	10195	0	0
2021.09.15	12:00:00	1802.403	1806.763	1791.246	1793.782	22360	0	0
2021.09.15	16:00:00	1793.774	1794.253	1790.604	1794.234	9466	0	0
2021.09.15	20:00:00	1794.280	1795.651	1793.093	1795.002	5540	0	0
2021.09.16	00:00:00	1794.956	1796.083	1790.969	1791.330	8961	0	0
2021.09.16	04:00:00	1791.284	1792.120	1782.669	1785.971	13555	0	0
2021.09.16	08:00:00	1786.003	1786.488	1770.758	1770.758	17905	0	0
2021.09.16	12:00:00	1770.712	1773.173	1745.019	1754.690	44828	0	0
2021.09.16	16:00:00	1754.701	1757.100	1753.092	1754.244	11570	0	0
2021.09.16	20:00:00	1754.276	1754.643	1751.540	1753.841	5867	0	0
2021.09.17	00:00:00	1753.851	1759.420	1753.802	1757.955	12203	0	0
2021.09.17	04:00:00	1757.986	1765.385	1757.770	1761.409	12416	0	0
2021.09.17	08:00:00	1761.440	1767.452	1758.207	1759.894	14251	0	0
2021.09.17	12:00:00	1759.916	1763.389	1747.306	1752.658	38155	0	0
2021.09.17	16:00:00	1752.626	1754.393	1750.047	1751.504	11576	0	0
2021.09.17	20:00:00	1751.470	1754.605	1751.439	1754.536	1309	0	0
2021.09.19	20:00:00	1754.698	1755.162	1751.188	1754.118	8278	0	0
2021.09.20	00:00:00	1754.088	1754.545	1741.681	1746.250	12682	0	0
2021.09.20	04:00:00	1746.259	1754.774	1744.990	1754.242	13894	0	0
2021.09.20	08:00:00	1754.273	1760.113	1753.044	1755.635	13395	0	0
2021.09.20	12:00:00	1755.666	1766.923	1754.455	1761.956	28916	0	0
2021.09.20	16:00:00	1761.989	1764.891	1759.128	1763.929	12903	0	0
2021.09.20	20:00:00	1763.898	1765.503	1763.573	1764.948	4470	0	0
2021.09.21	00:00:00	1764.917	1766.039	1761.675	1761.859	9645	0	0
2021.09.21	04:00:00	1761.869	1763.713	1757.869	1760.694	11476	0	0
2021.09.21	08:00:00	1760.663	1768.316	1759.266	1767.940	12174	0	0
2021.09.21	12:00:00	1767.972	1781.613	1766.632	1777.342	29314	0	0
2021.09.21	16:00:00	1777.312	1778.199	1774.181	1775.212	11383	0	0
2021.09.21	20:00:00	1775.206	1775.381	1773.862	1774.882	4156	0	0
2021.09.22	00:00:00	1774.886	1779.159	1772.271	1777.611	13165	0	0
2021.09.22	04:00:00	1777.643	1780.254	1775.810	1777.166	11396	0	0
2021.09.22	08:00:00	1777.184	1777.843	1772.060	1772.509	9568	0	0
2021.09.22	12:00:00	1772.479	1779.308	1771.424	1777.961	20363	0	0
2021.09.22	16:00:00	1777.994	1787.164	1764.582	1768.686	37819	0	0
2021.09.22	20:00:00	1768.717	1769.420	1766.258	1766.984	8216	0	0
2021.09.23	00:00:00	1767.014	1767.647	1760.736	1764.105	13274	0	0
2021.09.23	04:00:00	1764.088	1767.177	1760.195	1766.755	12672	0	0
2021.09.23	08:00:00	1766.766	1776.510	1765.562	1773.067	16997	0	0
2021.09.23	12:00:00	1773.098	1774.137	1745.817	1751.817	36653	0	0
2021.09.23	16:00:00	1751.850	1753.187	1747.678	1748.601	11698	0	0
2021.09.23	20:00:00	1748.570	1748.570	1737.392	1746.235	9318	0	0
2021.09.24	00:00:00	1746.247	1752.755	1745.774	1752.199	12185	0	0
2021.09.24	04:00:00	1752.201	1756.484	1750.221	1754.791	13886	0	0
2021.09.24	08:00:00	1754.794	1757.561	1749.376	1749.376	12546	0	0
2021.09.24	12:00:00	1749.407	1753.874	1740.411	1752.617	29103	0	0
2021.09.24	16:00:00	1752.615	1753.725	1745.948	1746.636	10748	0	0
2021.09.24	20:00:00	1746.604	1750.653	1746.367	1750.494	1435	0	0
2021.09.26	20:00:00	1750.033	1750.774	1748.214	1749.526	4180	0	0
2021.09.27	00:00:00	1749.536	1760.795	1749.160	1759.259	12468	0	0
2021.09.27	04:00:00	1759.283	1760.682	1753.827	1753.827	12093	0	0
2021.09.27	08:00:00	1753.858	1755.075	1744.808	1748.213	15528	0	0
2021.09.27	12:00:00	1748.237	1757.806	1748.098	1751.078	29714	0	0
2021.09.27	16:00:00	1751.063	1753.987	1749.820	1750.353	10008	0	0
2021.09.27	20:00:00	1750.386	1751.631	1749.827	1751.215	3721	0	0
2021.09.28	00:00:00	1751.213	1754.411	1747.162	1749.802	10445	0	0
2021.09.28	04:00:00	1749.780	1751.812	1735.335	1743.740	16928	0	0
2021.09.28	08:00:00	1743.710	1744.553	1731.773	1734.278	20011	0	0
2021.09.28	12:00:00	1734.248	1741.190	1728.069	1736.630	41140	0	0
2021.09.28	16:00:00	1736.598	1739.039	1732.778	1733.352	14427	0	0
2021.09.28	20:00:00	1733.321	1735.318	1732.778	1735.300	4346	0	0
2021.09.29	00:00:00	1735.309	1741.316	1733.289	1740.533	11796	0	0
2021.09.29	04:00:00	1740.540	1741.946	1736.699	1740.067	16212	0	0
2021.09.29	08:00:00	1740.099	1745.472	1738.275	1743.352	13358	0	0
2021.09.29	12:00:00	1743.321	1743.545	1725.449	1730.649	34453	0	0
2021.09.29	16:00:00	1730.618	1730.796	1721.571	1725.596	15330	0	0
2021.09.29	20:00:00	1725.550	1729.249	1725.089	1728.823	4619	0	0
2021.09.30	00:00:00	1728.854	1734.833	1728.796	1732.865	11051	0	0
2021.09.30	04:00:00	1732.896	1733.567	1726.221	1731.681	13892	0	0
2021.09.30	08:00:00	1731.648	1733.965	1722.212	1725.986	13975	0	0
2021.09.30	12:00:00	1726.017	1764.080	1725.201	1757.973	38846	0	0
2021.09.30	16:00:00	1758.004	1760.271	1754.524	1755.648	15929	0	0
2021.09.30	20:00:00	1755.679	1757.650	1752.849	1753.039	6082	0	0
2021.10.01	00:00:00	1753.006	1756.846	1750.587	1753.988	12056	0	0
2021.10.01	04:00:00	1753.981	1757.208	1750.850	1753.112	15203	0	0
2021.10.01	08:00:00	1753.145	1756.651	1751.271	1754.565	16049	0	0
2021.10.01	12:00:00	1754.534	1764.191	1749.685	1761.614	38011	0	0
2021.10.01	16:00:00	1761.647	1762.744	1757.203	1759.857	12764	0	0
2021.10.01	20:00:00	1759.888	1760.855	1759.268	1760.466	1016	0	0
2021.10.03	20:00:00	1760.954	1765.195	1760.954	1763.118	7494	0	0
2021.10.04	00:00:00	1763.088	1765.657	1757.740	1758.752	11005	0	0
2021.10.04	04:00:00	1758.749	1762.619	1752.958	1753.450	13327	0	0
2021.10.04	08:00:00	1753.481	1755.395	1747.675	1753.474	14296	0	0
2021.10.04	12:00:00	1753.506	1770.487	1748.223	1765.475	33979	0	0
2021.10.04	16:00:00	1765.444	1770.183	1763.571	1768.691	14684	0	0
2021.10.04	20:00:00	1768.660	1769.392	1767.365	1768.073	5714	0	0
2021.10.05	00:00:00	1768.042	1768.320	1759.427	1759.934	10915	0	0
2021.10.05	04:00:00	1759.943	1760.917	1754.953	1759.215	15574	0	0
2021.10.05	08:00:00	1759.221	1760.119	1753.523	1757.052	13111	0	0
2021.10.05	12:00:00	1757.021	1761.365	1748.561	1760.813	30856	0	0
2021.10.05	16:00:00	1760.809	1762.981	1757.989	1760.144	10687	0	0
2021.10.05	20:00:00	1760.114	1760.375	1759.008	1759.285	3416	0	0
2021.10.06	00:00:00	1759.317	1759.354	1754.156	1755.602	10420	0	0
2021.10.06	04:00:00	1755.631	1755.640	1747.163	1747.800	17101	0	0
2021.10.06	08:00:00	1747.820	1756.806	1745.822	1754.568	18344	0	0
2021.10.06	12:00:00	1754.599	1764.229	1753.477	1762.017	33326	0	0
2021.10.06	16:00:00	1762.013	1765.063	1760.375	1764.391	13261	0	0
2021.10.06	20:00:00	1764.424	1764.775	1762.240	1763.946	4598	0	0
2021.10.07	00:00:00	1763.913	1764.166	1757.700	1760.119	8960	0	0
2021.10.07	04:00:00	1760.121	1766.891	1756.009	1765.954	13022	0	0
2021.10.07	08:00:00	1765.965	1766.037	1758.117	1761.425	12818	0	0
2021.10.07	12:00:00	1761.456	1763.161	1751.935	1758.346	28385	0	0
2021.10.07	16:00:00	1758.378	1759.880	1754.735	1755.467	11713	0	0
2021.10.07	20:00:00	1755.499	1758.030	1754.238	1755.097	4342	0	0
2021.10.08	00:00:00	1755.098	1760.492	1753.320	1759.262	12492	0	0
2021.10.08	04:00:00	1759.259	1760.268	1754.338	1756.337	12603	0	0
2021.10.08	08:00:00	1756.309	1763.195	1754.935	1761.677	11750	0	0
2021.10.08	12:00:00	1761.710	1781.292	1755.483	1758.574	43748	0	0
2021.10.08	16:00:00	1758.577	1760.160	1756.529	1757.054	12293	0	0
2021.10.08	20:00:00	1757.023	1757.286	1755.950	1757.212	1403	0	0
2021.10.10	20:00:00	1757.272	1757.764	1750.915	1753.953	8800	0	0
2021.10.11	00:00:00	1753.956	1760.948	1753.848	1755.423	12820	0	0
2021.10.11	04:00:00	1755.427	1757.721	1753.416	1757.178	12460	0	0
2021.10.11	08:00:00	1757.171	1757.174	1752.285	1754.846	10866	0	0
2021.10.11	12:00:00	1754.879	1760.130	1750.128	1757.478	18415	0	0
2021.10.11	16:00:00	1757.444	1757.697	1753.244	1753.244	9466	0	0
2021.10.11	20:00:00	1753.213	1754.543	1752.546	1753.295	4149	0	0
2021.10.12	00:00:00	1753.334	1758.959	1750.573	1758.275	13298	0	0
2021.10.12	04:00:00	1758.306	1762.582	1756.526	1756.714	13201	0	0
2021.10.12	08:00:00	1756.745	1764.896	1756.432	1761.830	12839	0	0
2021.10.12	12:00:00	1761.800	1769.300	1753.938	1760.777	31909	0	0
2021.10.12	16:00:00	1760.808	1761.870	1757.914	1761.272	12215	0	0
2021.10.12	20:00:00	1761.236	1761.397	1759.781	1760.362	3813	0	0
2021.10.13	00:00:00	1760.331	1762.934	1759.508	1762.015	10501	0	0
2021.10.13	04:00:00	1762.019	1765.698	1760.711	1765.023	11106	0	0
2021.10.13	08:00:00	1765.018	1774.350	1764.994	1773.538	12663	0	0
2021.10.13	12:00:00	1773.570	1795.969	1757.826	1794.429	39253	0	0
2021.10.13	16:00:00	1794.353	1795.476	1790.605	1791.797	12931	0	0
2021.10.13	20:00:00	1791.843	1793.588	1791.595	1791.698	4738	0	0
2021.10.14	00:00:00	1791.671	1793.528	1786.625	1788.540	9648	0	0
2021.10.14	04:00:00	1788.535	1794.919	1788.202	1793.866	9975	0	0
2021.10.14	08:00:00	1793.886	1800.406	1793.672	1795.495	11128	0	0
2021.10.14	12:00:00	1795.490	1799.608	1793.709	1798.195	19057	0	0
2021.10.14	16:00:00	1798.150	1799.078	1795.809	1796.510	8328	0	0
2021.10.14	20:00:00	1796.557	1797.134	1794.735	1795.327	3498	0	0
2021.10.15	00:00:00	1795.277	1796.369	1793.780	1795.000	8487	0	0
2021.10.15	04:00:00	1795.014	1795.258	1785.356	1786.653	10048	0	0
2021.10.15	08:00:00	1786.710	1789.863	1777.208	1778.271	14214	0	0
2021.10.15	12:00:00	1778.239	1778.976	1764.652	1768.396	34771	0	0
2021.10.15	16:00:00	1768.363	1769.315	1766.529	1768.267	10774	0	0
2021.10.15	20:00:00	1768.298	1768.488	1766.684	1767.427	1346	0	0
2021.10.17	20:00:00	1766.961	1772.013	1764.565	1770.952	6830	0	0
2021.10.18	00:00:00	1770.983	1772.007	1767.304	1767.699	12739	0	0
2021.10.18	04:00:00	1767.698	1769.449	1761.609	1764.371	15228	0	0
2021.10.18	08:00:00	1764.373	1766.805	1760.276	1763.097	16594	0	0
2021.10.18	12:00:00	1763.131	1771.125	1761.518	1767.811	33364	0	0
2021.10.18	16:00:00	1767.844	1767.844	1763.881	1764.002	9990	0	0
2021.10.18	20:00:00	1764.032	1764.954	1762.886	1763.964	3319	0	0
2021.10.19	00:00:00	1763.995	1774.948	1763.269	1774.748	11299	0	0
2021.10.19	04:00:00	1774.746	1782.768	1773.696	1781.388	13595	0	0
2021.10.19	08:00:00	1781.357	1782.893	1775.872	1780.454	13945	0	0
2021.10.19	12:00:00	1780.422	1785.062	1769.339	1771.119	31188	0	0
2021.10.19	16:00:00	1771.150	1771.444	1767.101	1770.119	11995	0	0
2021.10.19	20:00:00	1770.128	1770.128	1768.171	1768.661	3437	0	0
2021.10.20	00:00:00	1768.664	1774.569	1766.839	1774.049	12404	0	0
2021.10.20	04:00:00	1774.081	1777.986	1773.287	1776.669	13006	0	0
2021.10.20	08:00:00	1776.639	1781.744	1776.457	1779.458	11600	0	0
2021.10.20	12:00:00	1779.488	1788.368	1774.613	1783.514	26738	0	0
2021.10.20	16:00:00	1783.508	1787.438	1782.966	1785.307	13176	0	0
2021.10.20	20:00:00	1785.340	1785.812	1780.760	1781.408	4210	0	0
2021.10.21	00:00:00	1781.376	1789.316	1781.205	1786.351	12512	0	0
2021.10.21	04:00:00	1786.382	1787.537	1780.766	1782.556	15411	0	0
2021.10.21	08:00:00	1782.588	1787.859	1777.471	1778.349	14117	0	0
2021.10.21	12:00:00	1778.315	1785.991	1776.245	1782.481	28682	0	0
2021.10.21	16:00:00	1782.514	1784.748	1778.357	1783.945	11570	0	0
2021.10.21	20:00:00	1783.953	1786.094	1781.979	1784.594	3778	0	0
2021.10.22	00:00:00	1784.561	1788.048	1783.510	1787.058	12453	0	0
2021.10.22	04:00:00	1787.048	1794.373	1786.047	1793.107	12566	0	0
2021.10.22	08:00:00	1793.079	1794.960	1790.413	1792.291	10904	0	0
2021.10.22	12:00:00	1792.245	1813.560	1782.595	1785.814	27952	0	0
2021.10.22	16:00:00	1785.783	1798.483	1784.372	1794.119	15354	0	0
2021.10.22	20:00:00	1794.164	1794.262	1791.931	1792.853	1240	0	0
2021.10.24	20:00:00	1792.926	1794.371	1792.388	1794.347	2853	0	0
2021.10.25	00:00:00	1794.376	1799.011	1792.182	1798.391	13263	0	0
2021.10.25	04:00:00	1798.401	1801.003	1795.983	1798.954	12031	0	0
2021.10.25	08:00:00	1798.974	1803.578	1798.385	1801.675	11065	0	0
2021.10.25	12:00:00	1801.628	1809.913	1800.401	1808.053	18736	0	0
2021.10.25	16:00:00	1808.032	1808.605	1805.006	1806.653	8004	0	0
2021.10.25	20:00:00	1806.703	1808.217	1806.309	1807.792	2484	0	0
2021.10.26	00:00:00	1807.777	1807.848	1802.631	1803.170	8974	0	0
2021.10.26	04:00:00	1803.147	1806.463	1799.797	1800.488	10203	0	0
2021.10.26	08:00:00	1800.440	1804.345	1799.873	1802.864	10748	0	0
2021.10.26	12:00:00	1802.831	1804.560	1782.191	1789.841	33084	0	0
2021.10.26	16:00:00	1789.827	1795.029	1789.820	1793.521	11063	0	0
2021.10.26	20:00:00	1793.553	1794.297	1791.895	1793.554	3542	0	0
2021.10.27	00:00:00	1793.571	1794.350	1787.068	1789.086	11915	0	0
2021.10.27	04:00:00	1789.089	1791.575	1785.400	1787.508	12632	0	0
2021.10.27	08:00:00	1787.490	1791.885	1783.447	1791.226	14179	0	0
2021.10.27	12:00:00	1791.258	1797.987	1784.762	1794.460	33679	0	0
2021.10.27	16:00:00	1794.429	1799.027	1793.870	1798.168	14502	0	0
2021.10.27	20:00:00	1798.132	1798.333	1795.987	1796.583	3962	0	0
2021.10.28	00:00:00	1796.552	1803.165	1794.128	1798.764	13472	0	0
2021.10.28	04:00:00	1798.763	1803.898	1798.477	1801.943	13737	0	0
2021.10.28	08:00:00	1801.948	1803.503	1795.714	1801.808	14207	0	0
2021.10.28	12:00:00	1801.838	1810.380	1791.986	1801.004	48298	0	0
2021.10.28	16:00:00	1800.987	1803.336	1797.876	1798.250	13517	0	0
2021.10.28	20:00:00	1798.270	1801.143	1797.631	1799.575	5751	0	0
2021.10.29	00:00:00	1799.559	1799.944	1795.101	1796.948	12736	0	0
2021.10.29	04:00:00	1796.917	1797.882	1792.975	1795.529	14767	0	0
2021.10.29	08:00:00	1795.523	1799.012	1790.879	1792.982	14713	0	0
2021.10.29	12:00:00	1792.952	1793.415	1771.896	1778.074	49867	0	0
2021.10.29	16:00:00	1778.105	1783.646	1777.281	1782.828	14494	0	0
2021.10.29	20:00:00	1782.868	1783.523	1782.322	1783.296	1704	0	0
2021.10.31	20:00:00	1783.269	1783.269	1779.055	1780.020	3101	0	0
2021.11.01	00:00:00	1779.988	1787.262	1779.988	1784.348	11577	0	0
2021.11.01	04:00:00	1784.350	1787.700	1781.172	1781.634	11422	0	0
2021.11.01	08:00:00	1781.667	1788.099	1780.952	1786.537	13283	0	0
2021.11.01	12:00:00	1786.568	1795.686	1785.581	1792.994	27377	0	0
2021.11.01	16:00:00	1792.992	1794.938	1789.767	1792.310	10756	0	0
2021.11.01	20:00:00	1792.276	1793.549	1791.357	1792.077	3165	0	0
2021.11.02	00:00:00	1792.107	1792.590	1789.234	1791.140	9647	0	0
2021.11.02	04:00:00	1791.133	1796.349	1790.952	1793.930	11395	0	0
2021.11.02	08:00:00	1793.898	1795.525	1788.046	1790.002	15046	0	0
2021.11.02	12:00:00	1789.969	1794.341	1786.172	1788.784	28288	0	0
2021.11.02	16:00:00	1788.753	1789.678	1786.349	1788.263	10066	0	0
2021.11.02	20:00:00	1788.258	1788.310	1786.654	1787.125	2660	0	0
2021.11.03	00:00:00	1787.099	1787.579	1779.101	1783.183	9992	0	0
2021.11.03	04:00:00	1783.176	1783.294	1777.942	1781.680	9426	0	0
2021.11.03	08:00:00	1781.710	1785.525	1780.479	1784.563	12167	0	0
2021.11.03	12:00:00	1784.533	1785.604	1758.534	1763.508	35123	0	0
2021.11.03	16:00:00	1763.475	1775.044	1761.444	1773.552	39038	0	0
2021.11.03	20:00:00	1773.585	1777.368	1769.328	1777.368	5671	0	0
2021.11.04	00:00:00	1777.398	1778.247	1773.406	1775.033	10815	0	0
2021.11.04	04:00:00	1775.013	1775.927	1770.712	1774.771	10434	0	0
2021.11.04	08:00:00	1774.765	1782.026	1772.249	1781.269	15025	0	0
2021.11.04	12:00:00	1781.309	1798.894	1779.082	1792.183	35363	0	0
2021.11.04	16:00:00	1792.187	1794.070	1790.727	1793.794	11971	0	0
2021.11.04	20:00:00	1793.759	1793.838	1790.428	1791.317	3961	0	0
2021.11.05	00:00:00	1791.322	1796.081	1790.057	1792.851	11436	0	0
2021.11.05	04:00:00	1792.840	1798.348	1792.616	1796.612	10617	0	0
2021.11.05	08:00:00	1796.642	1800.049	1791.723	1793.891	14820	0	0
2021.11.05	12:00:00	1793.860	1811.770	1784.842	1809.778	46747	0	0
2021.11.05	16:00:00	1809.809	1818.029	1807.734	1816.714	16331	0	0
2021.11.05	20:00:00	1816.746	1818.269	1816.194	1818.127	1659	0	0
2021.11.07	20:00:00	1815.750	1818.072	1815.470	1815.820	2370	0	0
2021.11.08	00:00:00	1815.830	1821.023	1812.874	1819.106	14378	0	0
2021.11.08	04:00:00	1819.085	1821.395	1814.466	1816.292	12525	0	0
2021.11.08	08:00:00	1816.246	1818.285	1812.403	1816.739	12969	0	0
2021.11.08	12:00:00	1816.761	1825.998	1815.766	1821.492	25655	0	0
2021.11.08	16:00:00	1821.523	1826.395	1819.402	1825.836	11062	0	0
2021.11.08	20:00:00	1825.805	1826.215	1823.589	1824.498	5065	0	0
2021.11.09	00:00:00	1824.463	1826.970	1821.849	1822.990	11779	0	0
2021.11.09	04:00:00	1822.986	1826.973	1819.069	1820.274	11618	0	0
2021.11.09	08:00:00	1820.305	1828.506	1820.241	1823.796	14839	0	0
2021.11.09	12:00:00	1823.779	1830.332	1820.222	1825.845	29002	0	0
2021.11.09	16:00:00	1825.882	1831.257	1823.421	1830.164	14692	0	0
2021.11.09	20:00:00	1830.195	1832.624	1828.576	1829.822	6155	0	0
2021.11.10	00:00:00	1829.849	1830.989	1826.105	1827.091	10266	0	0
2021.11.10	04:00:00	1827.086	1827.313	1822.919	1823.927	10484	0	0
2021.11.10	08:00:00	1823.896	1827.149	1822.710	1824.520	11717	0	0
2021.11.10	12:00:00	1824.521	1868.473	1822.256	1851.756	46559	0	0
2021.11.10	16:00:00	1851.786	1858.614	1841.438	1846.913	27006	0	0
2021.11.10	20:00:00	1846.944	1852.739	1845.301	1848.511	7385	0	0
2021.11.11	00:00:00	1848.493	1853.608	1842.860	1849.928	14282	0	0
2021.11.11	04:00:00	1849.936	1857.123	1847.039	1857.123	13706	0	0
2021.11.11	08:00:00	1857.108	1865.524	1855.172	1863.780	13239	0	0
2021.11.11	12:00:00	1863.793	1865.917	1854.837	1861.634	25845	0	0
2021.11.11	16:00:00	1861.602	1863.675	1859.703	1862.066	10157	0	0
2021.11.11	20:00:00	1862.097	1863.057	1861.205	1862.059	4817	0	0
2021.11.12	00:00:00	1862.018	1862.317	1855.073	1855.128	11354	0	0
2021.11.12	04:00:00	1855.130	1859.979	1855.123	1856.392	11047	0	0
2021.11.12	08:00:00	1856.414	1858.672	1845.229	1849.157	17767	0	0
2021.11.12	12:00:00	1849.187	1865.963	1849.156	1860.783	27174	0	0
2021.11.12	16:00:00	1860.814	1868.574	1859.749	1863.731	15067	0	0
2021.11.12	20:00:00	1863.699	1866.158	1862.509	1864.361	4017	0	0
2021.11.14	20:00:00	1866.804	1867.783	1865.240	1865.476	2251	0	0
2021.11.15	00:00:00	1865.490	1866.011	1856.426	1856.808	14715	0	0
2021.11.15	04:00:00	1856.775	1862.209	1856.308	1861.124	10811	0	0
2021.11.15	08:00:00	1861.094	1864.811	1858.319	1864.331	10994	0	0
2021.11.15	12:00:00	1864.300	1870.267	1858.094	1861.968	23965	0	0
2021.11.15	16:00:00	1862.000	1867.863	1859.982	1867.170	12018	0	0
2021.11.15	20:00:00	1867.138	1867.236	1861.883	1862.291	5672	0	0
2021.11.16	00:00:00	1862.259	1868.601	1861.888	1866.925	12121	0	0
2021.11.16	04:00:00	1866.910	1867.733	1862.212	1863.939	11817	0	0
2021.11.16	08:00:00	1863.928	1874.905	1863.868	1873.898	16454	0	0
2021.11.16	12:00:00	1873.865	1877.067	1856.371	1861.133	34131	0	0
2021.11.16	16:00:00	1861.096	1861.371	1849.645	1851.390	18112	0	0
2021.11.16	20:00:00	1851.358	1851.461	1849.644	1850.410	6511	0	0
2021.11.17	00:00:00	1850.379	1856.052	1849.530	1853.602	13196	0	0
2021.11.17	04:00:00	1853.630	1857.313	1851.991	1856.164	10856	0	0
2021.11.17	08:00:00	1856.194	1862.812	1855.808	1861.608	12913	0	0
2021.11.17	12:00:00	1861.640	1868.063	1859.979	1862.917	21888	0	0
2021.11.17	16:00:00	1862.912	1867.992	1862.290	1863.827	13993	0	0
2021.11.17	20:00:00	1863.831	1867.544	1862.723	1866.636	5707	0	0
2021.11.18	00:00:00	1866.651	1870.883	1864.079	1864.925	11483	0	0
2021.11.18	04:00:00	1864.923	1869.200	1862.349	1868.632	11232	0	0
2021.11.18	08:00:00	1868.598	1869.750	1858.731	1862.716	14315	0	0
2021.11.18	12:00:00	1862.715	1866.843	1855.023	1860.062	29835	0	0
2021.11.18	16:00:00	1860.072	1862.651	1858.204	1858.912	11702	0	0
2021.11.18	20:00:00	1858.945	1861.010	1856.724	1859.578	5213	0	0
2021.11.19	00:00:00	1859.585	1863.506	1858.571	1863.070	9597	0	0
2021.11.19	04:00:00	1863.056	1863.720	1855.737	1857.476	9946	0	0
2021.11.19	08:00:00	1857.462	1864.788	1851.393	1861.640	21704	0	0
2021.11.19	12:00:00	1861.658	1865.621	1851.717	1860.371	30804	0	0
2021.11.19	16:00:00	1860.402	1860.690	1842.813	1849.381	24435	0	0
2021.11.19	20:00:00	1849.411	1849.600	1845.373	1846.196	4974	0	0
2021.11.21	20:00:00	1842.207	1847.169	1841.485	1844.909	3841	0	0
2021.11.22	00:00:00	1844.934	1848.376	1844.044	1847.106	13046	0	0
2021.11.22	04:00:00	1847.101	1849.046	1839.893	1843.936	11930	0	0
2021.11.22	08:00:00	1843.927	1846.991	1837.175	1842.351	15910	0	0
2021.11.22	12:00:00	1842.321	1843.003	1811.457	1818.486	41709	0	0
2021.11.22	16:00:00	1818.518	1822.133	1802.202	1803.523	23330	0	0
2021.11.22	20:00:00	1803.492	1809.749	1802.912	1808.997	8512	0	0
2021.11.23	00:00:00	1809.027	1812.370	1806.318	1808.339	12720	0	0
2021.11.23	04:00:00	1808.327	1809.831	1802.836	1807.175	13988	0	0
2021.11.23	08:00:00	1807.143	1808.339	1792.492	1793.945	21802	0	0
2021.11.23	12:00:00	1793.913	1797.458	1783.987	1786.302	37855	0	0
2021.11.23	16:00:00	1786.268	1790.304	1781.914	1788.091	18182	0	0
2021.11.23	20:00:00	1788.086	1791.860	1787.616	1791.231	8166	0	0
2021.11.24	00:00:00	1791.262	1795.899	1788.931	1793.649	12309	0	0
2021.11.24	04:00:00	1793.625	1796.270	1791.801	1793.885	11746	0	0
2021.11.24	08:00:00	1793.888	1794.714	1785.436	1787.174	16218	0	0
2021.11.24	12:00:00	1787.205	1787.650	1778.150	1784.659	34503	0	0
2021.11.24	16:00:00	1784.690	1791.362	1782.457	1784.659	16400	0	0
2021.11.24	20:00:00	1784.629	1791.116	1784.598	1789.698	7571	0	0
2021.11.25	00:00:00	1789.676	1794.260	1789.201	1792.074	9934	0	0
2021.11.25	04:00:00	1792.087	1794.275	1791.435	1793.330	7795	0	0
2021.11.25	08:00:00	1793.337	1795.027	1789.846	1790.738	9687	0	0
2021.11.25	12:00:00	1790.733	1792.836	1787.851	1788.627	11374	0	0
2021.11.25	16:00:00	1788.593	1790.437	1788.024	1788.693	3572	0	0
2021.11.25	20:00:00	1790.271	1792.672	1790.148	1792.628	1925	0	0
2021.11.26	00:00:00	1792.616	1798.756	1789.970	1797.044	14978	0	0
2021.11.26	04:00:00	1797.065	1808.160	1795.257	1807.762	14160	0	0
2021.11.26	08:00:00	1807.732	1815.467	1797.597	1811.738	28115	0	0
2021.11.26	12:00:00	1811.734	1812.072	1795.371	1797.589	31315	0	0
2021.11.26	16:00:00	1797.594	1799.702	1780.054	1787.433	17782	0	0
2021.11.28	20:00:00	1788.597	1795.644	1780.188	1795.377	6526	0	0
2021.11.29	00:00:00	1795.346	1796.514	1789.901	1794.404	15637	0	0
2021.11.29	04:00:00	1794.401	1796.962	1791.146	1794.446	15220	0	0
2021.11.29	08:00:00	1794.415	1799.361	1792.870	1793.479	17643	0	0
2021.11.29	12:00:00	1793.503	1794.023	1784.111	1786.875	25774	0	0
2021.11.29	16:00:00	1786.911	1787.868	1781.122	1782.586	16563	0	0
2021.11.29	20:00:00	1782.554	1787.803	1782.011	1786.826	8055	0	0
2021.11.30	00:00:00	1786.816	1790.340	1782.810	1788.922	11389	0	0
2021.11.30	04:00:00	1788.892	1795.771	1787.963	1791.677	19004	0	0
2021.11.30	08:00:00	1791.701	1798.424	1791.457	1792.459	19662	0	0
2021.11.30	12:00:00	1792.463	1808.561	1783.303	1784.194	41807	0	0
2021.11.30	16:00:00	1784.162	1784.706	1769.831	1776.101	37266	0	0
2021.11.30	20:00:00	1776.070	1776.972	1770.846	1773.206	10252	0	0
2021.12.01	00:00:00	1773.209	1780.288	1772.598	1777.922	15280	0	0
2021.12.01	04:00:00	1777.938	1794.267	1777.306	1784.659	20759	0	0
2021.12.01	08:00:00	1784.694	1788.582	1776.623	1785.119	18999	0	0
2021.12.01	12:00:00	1785.113	1792.192	1782.675	1785.914	31560	0	0
2021.12.01	16:00:00	1785.946	1787.873	1779.211	1782.026	24131	0	0
2021.12.01	20:00:00	1782.058	1783.398	1777.321	1781.914	10920	0	0
2021.12.02	00:00:00	1781.925	1781.971	1779.053	1779.311	13074	0	0
2021.12.02	04:00:00	1779.280	1779.280	1774.883	1775.210	12049	0	0
2021.12.02	08:00:00	1775.176	1779.005	1767.122	1777.425	17635	0	0
2021.12.02	12:00:00	1777.413	1781.192	1763.091	1767.504	34416	0	0
2021.12.02	16:00:00	1767.536	1769.139	1761.841	1766.754	19263	0	0
2021.12.02	20:00:00	1766.724	1770.614	1766.267	1768.985	7634	0	0
2021.12.03	00:00:00	1768.994	1774.311	1767.487	1773.436	12258	0	0
2021.12.03	04:00:00	1773.456	1776.450	1770.217	1770.466	11490	0	0
2021.12.03	08:00:00	1770.435	1773.440	1766.078	1771.883	12855	0	0
2021.12.03	12:00:00	1771.892	1778.544	1766.358	1770.653	43198	0	0
2021.12.03	16:00:00	1770.622	1784.587	1769.767	1783.802	23598	0	0
2021.12.03	20:00:00	1783.800	1786.072	1782.160	1783.414	6585	0	0
2021.12.05	20:00:00	1782.102	1784.094	1780.691	1782.901	2235	0	0
2021.12.06	00:00:00	1782.933	1787.683	1782.158	1783.930	11773	0	0
2021.12.06	04:00:00	1783.928	1785.780	1781.071	1782.337	12120	0	0
2021.12.06	08:00:00	1782.304	1782.885	1777.721	1780.025	14262	0	0
2021.12.06	12:00:00	1780.040	1782.085	1775.556	1778.243	21483	0	0
2021.12.06	16:00:00	1778.269	1784.964	1777.663	1778.357	12441	0	0
2021.12.06	20:00:00	1778.327	1781.949	1778.024	1780.864	5769	0	0
2021.12.07	00:00:00	1780.836	1781.845	1777.346	1777.457	9532	0	0
2021.12.07	04:00:00	1777.487	1784.520	1776.841	1782.807	10492	0	0
2021.12.07	08:00:00	1782.837	1783.657	1777.376	1782.282	12573	0	0
2021.12.07	12:00:00	1782.315	1784.646	1771.948	1782.505	23571	0	0
2021.12.07	16:00:00	1782.536	1787.791	1781.915	1784.795	12986	0	0
2021.12.07	20:00:00	1784.826	1786.372	1783.623	1784.617	5205	0	0
2021.12.08	00:00:00	1784.607	1790.511	1784.471	1787.914	10039	0	0
2021.12.08	04:00:00	1787.908	1791.522	1786.497	1789.145	9529	0	0
2021.12.08	08:00:00	1789.141	1793.061	1782.780	1786.380	17092	0	0
2021.12.08	12:00:00	1786.349	1787.009	1779.580	1782.425	24376	0	0
2021.12.08	16:00:00	1782.395	1786.295	1781.090	1785.603	12210	0	0
2021.12.08	20:00:00	1785.628	1786.786	1782.291	1783.474	5758	0	0
2021.12.09	00:00:00	1783.472	1785.405	1782.091	1784.443	9393	0	0
2021.12.09	04:00:00	1784.466	1787.081	1783.158	1786.138	9807	0	0
2021.12.09	08:00:00	1786.125	1787.554	1779.337	1780.194	13866	0	0
2021.12.09	12:00:00	1780.163	1782.938	1773.588	1779.657	25541	0	0
2021.12.09	16:00:00	1779.626	1780.826	1773.417	1776.030	13738	0	0
2021.12.09	20:00:00	1776.042	1776.505	1774.715	1776.327	4993	0	0
2021.12.10	00:00:00	1776.329	1779.606	1775.548	1778.479	8388	0	0
2021.12.10	04:00:00	1778.469	1779.401	1771.209	1772.806	10718	0	0
2021.12.10	08:00:00	1772.774	1773.333	1770.069	1771.974	10656	0	0
2021.12.10	12:00:00	1771.944	1789.283	1771.697	1783.223	32317	0	0
2021.12.10	16:00:00	1783.244	1786.407	1781.370	1782.318	11733	0	0
2021.12.10	20:00:00	1782.325	1783.149	1781.777	1782.805	2861	0	0
2021.12.12	20:00:00	1782.732	1784.389	1782.710	1783.216	1672	0	0
2021.12.13	00:00:00	1783.217	1788.068	1782.450	1785.990	8676	0	0
2021.12.13	04:00:00	1785.976	1786.903	1783.122	1785.908	8037	0	0
2021.12.13	08:00:00	1785.924	1788.482	1783.315	1788.146	10703	0	0
2021.12.13	12:00:00	1788.177	1791.581	1781.775	1786.837	18861	0	0
2021.12.13	16:00:00	1786.855	1790.098	1786.100	1787.749	10374	0	0
2021.12.13	20:00:00	1787.717	1788.182	1785.006	1785.754	5503	0	0
2021.12.14	00:00:00	1785.757	1789.462	1785.063	1785.820	8889	0	0
2021.12.14	04:00:00	1785.793	1788.379	1784.082	1784.501	8050	0	0
2021.12.14	08:00:00	1784.471	1785.671	1781.970	1784.765	11350	0	0
2021.12.14	12:00:00	1784.751	1785.525	1766.419	1774.071	28466	0	0
2021.12.14	16:00:00	1774.103	1776.499	1770.964	1772.208	12226	0	0
2021.12.14	20:00:00	1772.239	1772.879	1770.263	1772.485	5152	0	0
2021.12.15	00:00:00	1772.515	1773.861	1769.482	1769.968	8969	0	0
2021.12.15	04:00:00	1770.000	1771.162	1766.509	1767.957	9495	0	0
2021.12.15	08:00:00	1767.926	1771.334	1767.376	1769.713	10329	0	0
2021.12.15	12:00:00	1769.724	1773.556	1763.888	1766.083	22519	0	0
2021.12.15	16:00:00	1766.079	1770.633	1753.053	1769.619	37100	0	0
2021.12.15	20:00:00	1769.586	1781.409	1768.423	1779.528	15817	0	0
2021.12.16	00:00:00	1779.560	1784.165	1775.504	1781.419	12675	0	0
2021.12.16	04:00:00	1781.400	1786.179	1780.940	1784.964	10317	0	0
2021.12.16	08:00:00	1784.934	1788.282	1784.665	1787.273	11378	0	0
2021.12.16	12:00:00	1787.232	1798.089	1782.164	1797.302	29327	0	0
2021.12.16	16:00:00	1797.333	1799.014	1794.949	1796.974	13042	0	0
2021.12.16	20:00:00	1796.944	1799.621	1796.815	1798.738	6643	0	0
2021.12.17	00:00:00	1798.770	1804.280	1797.237	1803.079	11392	0	0
2021.12.17	04:00:00	1803.048	1809.541	1801.960	1809.287	12176	0	0
2021.12.17	08:00:00	1809.330	1809.924	1805.887	1809.071	12217	0	0
2021.12.17	12:00:00	1809.065	1814.191	1804.077	1804.476	22293	0	0
2021.12.17	16:00:00	1804.507	1806.469	1799.884	1801.460	13427	0	0
2021.12.17	20:00:00	1801.470	1801.613	1795.794	1798.064	5268	0	0
2021.12.19	20:00:00	1800.610	1801.676	1799.386	1800.171	2264	0	0
2021.12.20	00:00:00	1800.202	1802.507	1799.004	1801.790	10647	0	0
2021.12.20	04:00:00	1801.776	1804.089	1797.962	1798.151	10107	0	0
2021.12.20	08:00:00	1798.120	1802.283	1794.682	1795.442	12022	0	0
2021.12.20	12:00:00	1795.411	1799.967	1791.690	1793.605	20347	0	0
2021.12.20	16:00:00	1793.574	1796.003	1790.348	1790.381	12685	0	0
2021.12.20	20:00:00	1790.384	1791.988	1788.286	1791.492	6917	0	0
2021.12.21	00:00:00	1791.510	1792.483	1789.224	1791.821	10118	0	0
2021.12.21	04:00:00	1791.834	1793.932	1788.702	1793.031	9768	0	0
2021.12.21	08:00:00	1793.001	1798.218	1792.374	1797.767	11701	0	0
2021.12.21	12:00:00	1797.736	1800.288	1784.748	1786.005	19459	0	0
2021.12.21	16:00:00	1786.035	1789.238	1785.234	1788.148	11881	0	0
2021.12.21	20:00:00	1788.125	1790.550	1787.625	1790.438	5212	0	0
2021.12.22	00:00:00	1790.468	1791.159	1788.298	1789.143	8367	0	0
2021.12.22	04:00:00	1789.128	1789.254	1786.077	1787.123	7969	0	0
2021.12.22	08:00:00	1787.155	1791.416	1785.846	1790.975	10907	0	0
2021.12.22	12:00:00	1790.985	1795.817	1788.862	1795.690	16446	0	0
2021.12.22	16:00:00	1795.721	1803.830	1795.721	1803.611	12621	0	0
2021.12.22	20:00:00	1803.621	1804.962	1803.073	1803.592	5270	0	0
2021.12.23	00:00:00	1803.558	1808.254	1803.102	1805.590	8939	0	0
2021.12.23	04:00:00	1805.572	1808.214	1804.781	1806.072	8060	0	0
2021.12.23	08:00:00	1806.105	1808.029	1804.136	1806.325	9481	0	0
2021.12.23	12:00:00	1806.308	1809.956	1798.609	1805.934	18732	0	0
2021.12.23	16:00:00	1805.901	1810.687	1805.705	1809.231	9620	0	0
2021.12.23	20:00:00	1809.263	1809.456	1807.417	1808.451	2610	0	0
2021.12.26	20:00:00	1806.207	1808.526	1805.977	1807.260	1460	0	0
2021.12.27	00:00:00	1807.282	1811.842	1806.602	1810.962	8393	0	0
2021.12.27	04:00:00	1810.950	1810.956	1807.602	1808.670	7289	0	0
2021.12.27	08:00:00	1808.702	1809.315	1804.712	1806.320	7710	0	0
2021.12.27	12:00:00	1806.316	1813.384	1802.850	1812.754	15317	0	0
2021.12.27	16:00:00	1812.764	1812.993	1806.666	1809.160	10833	0	0
2021.12.27	20:00:00	1809.157	1812.627	1808.697	1812.329	3785	0	0
2021.12.28	00:00:00	1812.360	1812.624	1808.478	1809.928	6796	0	0
2021.12.28	04:00:00	1809.925	1816.015	1809.535	1813.758	7862	0	0
2021.12.28	08:00:00	1813.727	1818.274	1813.535	1817.772	7709	0	0
2021.12.28	12:00:00	1817.803	1820.191	1809.865	1811.421	18748	0	0
2021.12.28	16:00:00	1811.391	1812.251	1805.006	1806.966	11818	0	0
2021.12.28	20:00:00	1806.936	1807.246	1805.060	1806.557	5161	0	0
2021.12.29	00:00:00	1806.524	1807.626	1804.036	1806.627	8351	0	0
2021.12.29	04:00:00	1806.632	1807.427	1804.130	1804.674	6962	0	0
2021.12.29	08:00:00	1804.720	1805.280	1794.025	1796.834	11977	0	0
2021.12.29	12:00:00	1796.787	1802.193	1789.212	1799.924	22190	0	0
2021.12.29	16:00:00	1799.955	1805.623	1799.955	1805.076	12429	0	0
2021.12.29	20:00:00	1805.074	1805.474	1803.705	1804.526	4429	0	0
2021.12.30	00:00:00	1804.533	1805.498	1801.125	1801.485	8677	0	0
2021.12.30	04:00:00	1801.453	1801.825	1796.118	1798.689	8606	0	0
2021.12.30	08:00:00	1798.722	1803.240	1798.132	1802.597	9097	0	0
2021.12.30	12:00:00	1802.564	1808.584	1798.750	1807.169	18996	0	0
2021.12.30	16:00:00	1807.200	1815.291	1806.799	1815.100	11730	0	0
2021.12.30	20:00:00	1815.068	1817.117	1814.465	1815.704	4871	0	0
2021.12.31	00:00:00	1815.737	1818.998	1814.704	1817.078	9100	0	0
2021.12.31	04:00:00	1817.090	1820.046	1816.640	1816.717	7157	0	0
2021.12.31	08:00:00	1816.754	1820.249	1815.098	1819.497	8123	0	0
2021.12.31	12:00:00	1819.472	1827.424	1818.504	1821.971	19877	0	0
2021.12.31	16:00:00	1821.941	1828.722	1821.584	1827.615	13285	0	0
2022.01.02	20:00:00	1830.615	1831.730	1828.021	1828.453	1680	0	0
2022.01.03	00:00:00	1828.422	1831.542	1824.204	1825.685	9003	0	0
2022.01.03	04:00:00	1825.689	1825.952	1820.826	1824.004	7240	0	0
2022.01.03	08:00:00	1823.973	1827.457	1821.356	1822.834	9956	0	0
2022.01.03	12:00:00	1822.849	1823.183	1799.762	1801.842	30555	0	0
2022.01.03	16:00:00	1801.811	1802.949	1798.304	1801.660	13817	0	0
2022.01.03	20:00:00	1801.652	1804.517	1800.931	1804.101	5498	0	0
2022.01.04	00:00:00	1804.127	1807.045	1802.902	1804.171	11165	0	0
2022.01.04	04:00:00	1804.182	1807.354	1803.133	1805.807	9804	0	0
2022.01.04	08:00:00	1805.839	1808.535	1801.898	1803.948	13070	0	0
2022.01.04	12:00:00	1803.944	1816.680	1798.452	1814.601	27531	0	0
2022.01.04	16:00:00	1814.631	1815.537	1811.620	1814.502	12828	0	0
2022.01.04	20:00:00	1814.469	1815.365	1813.032	1813.873	4521	0	0
2022.01.05	00:00:00	1813.885	1816.448	1812.714	1815.366	8347	0	0
2022.01.05	04:00:00	1815.336	1817.006	1812.310	1813.429	8451	0	0
2022.01.05	08:00:00	1813.436	1820.697	1813.313	1818.639	11326	0	0
2022.01.05	12:00:00	1818.671	1829.591	1814.719	1823.237	23398	0	0
2022.01.05	16:00:00	1823.268	1825.576	1812.416	1812.933	19503	0	0
2022.01.05	20:00:00	1812.903	1814.181	1808.259	1810.306	8732	0	0
2022.01.06	00:00:00	1810.339	1811.475	1806.521	1806.968	11521	0	0
2022.01.06	04:00:00	1806.972	1807.484	1799.019	1800.908	13973	0	0
2022.01.06	08:00:00	1800.903	1806.892	1793.554	1797.416	18515	0	0
2022.01.06	12:00:00	1797.385	1800.387	1786.828	1790.663	34324	0	0
2022.01.06	16:00:00	1790.677	1793.454	1786.332	1787.945	14658	0	0
2022.01.06	20:00:00	1787.962	1791.605	1787.381	1791.365	5886	0	0
2022.01.07	00:00:00	1791.381	1793.133	1789.704	1792.777	8970	0	0
2022.01.07	04:00:00	1792.797	1792.921	1787.996	1789.782	8625	0	0
2022.01.07	08:00:00	1789.752	1793.888	1787.732	1793.247	10810	0	0
2022.01.07	12:00:00	1793.148	1795.926	1782.289	1789.224	37177	0	0
2022.01.07	16:00:00	1789.254	1798.604	1789.242	1796.725	15909	0	0
2022.01.07	20:00:00	1796.692	1797.445	1794.286	1796.899	3925	0	0
2022.01.09	20:00:00	1794.898	1796.069	1794.505	1795.087	1989	0	0
2022.01.10	00:00:00	1795.117	1796.660	1791.675	1792.115	10832	0	0
2022.01.10	04:00:00	1792.084	1795.519	1791.311	1793.578	8495	0	0
2022.01.10	08:00:00	1793.611	1802.257	1792.092	1800.457	13521	0	0
2022.01.10	12:00:00	1800.425	1801.377	1790.033	1793.394	24277	0	0
2022.01.10	16:00:00	1793.363	1801.623	1793.211	1800.849	14056	0	0
2022.01.10	20:00:00	1800.819	1802.899	1799.636	1801.225	6297	0	0
2022.01.11	00:00:00	1801.195	1807.776	1801.195	1805.921	10155	0	0
2022.01.11	04:00:00	1805.941	1809.775	1805.529	1809.138	10447	0	0
2022.01.11	08:00:00	1809.170	1810.196	1804.311	1806.441	11399	0	0
2022.01.11	12:00:00	1806.410	1811.914	1801.700	1811.642	21923	0	0
2022.01.11	16:00:00	1811.611	1821.161	1809.991	1820.767	16924	0	0
2022.01.11	20:00:00	1820.737	1823.249	1820.048	1820.681	6618	0	0
2022.01.12	00:00:00	1820.647	1822.506	1818.058	1818.063	9754	0	0
2022.01.12	04:00:00	1818.055	1821.487	1815.715	1817.220	9271	0	0
2022.01.12	08:00:00	1817.251	1818.457	1814.465	1817.166	10441	0	0
2022.01.12	12:00:00	1817.135	1825.040	1816.329	1823.744	26508	0	0
2022.01.12	16:00:00	1823.718	1827.977	1820.099	1827.966	13175	0	0
2022.01.12	20:00:00	1827.998	1828.061	1824.864	1825.280	5569	0	0
2022.01.13	00:00:00	1825.249	1826.587	1823.987	1825.117	8993	0	0
2022.01.13	04:00:00	1825.105	1828.107	1823.432	1826.633	9320	0	0
2022.01.13	08:00:00	1826.595	1827.517	1819.000	1823.588	12181	0	0
2022.01.13	12:00:00	1823.556	1825.924	1814.161	1814.586	22627	0	0
2022.01.13	16:00:00	1814.556	1821.917	1812.206	1820.970	13288	0	0
2022.01.13	20:00:00	1821.000	1822.844	1820.696	1820.817	5351	0	0
2022.01.14	00:00:00	1820.785	1827.087	1819.543	1826.030	11473	0	0
2022.01.14	04:00:00	1826.026	1828.026	1825.527	1826.711	9733	0	0
2022.01.14	08:00:00	1826.723	1829.045	1819.655	1822.433	12262	0	0
2022.01.14	12:00:00	1822.402	1827.460	1819.193	1821.019	27095	0	0
2022.01.14	16:00:00	1821.033	1821.796	1814.630	1818.196	14875	0	0
2022.01.14	20:00:00	1818.227	1818.856	1816.376	1817.639	4016	0	0
2022.01.16	20:00:00	1817.663	1818.081	1815.859	1816.379	1623	0	0
2022.01.17	00:00:00	1816.377	1819.422	1813.109	1818.793	9608	0	0
2022.01.17	04:00:00	1818.798	1822.298	1818.217	1821.950	8327	0	0
2022.01.17	08:00:00	1821.981	1823.141	1819.756	1821.236	7975	0	0
2022.01.17	12:00:00	1821.239	1821.458	1817.532	1818.808	10985	0	0
2022.01.17	16:00:00	1818.803	1819.950	1817.787	1818.267	3251	0	0
2022.01.17	20:00:00	1818.483	1819.246	1818.337	1819.029	999	0	0
2022.01.18	00:00:00	1818.985	1822.726	1815.062	1816.281	10705	0	0
2022.01.18	04:00:00	1816.279	1818.207	1812.758	1816.185	13696	0	0
2022.01.18	08:00:00	1816.154	1817.150	1809.087	1813.053	14456	0	0
2022.01.18	12:00:00	1813.050	1820.050	1805.730	1819.866	31127	0	0
2022.01.18	16:00:00	1819.896	1820.067	1810.575	1813.958	15769	0	0
2022.01.18	20:00:00	1813.988	1815.264	1813.070	1814.231	6377	0	0
2022.01.19	00:00:00	1814.262	1814.428	1810.042	1811.708	9798	0	0
2022.01.19	04:00:00	1811.691	1815.179	1811.049	1811.472	10645	0	0
2022.01.19	08:00:00	1811.442	1819.859	1811.314	1817.323	12949	0	0
2022.01.19	12:00:00	1817.326	1838.527	1816.685	1838.255	25875	0	0
2022.01.19	16:00:00	1838.287	1843.218	1837.070	1842.788	17493	0	0
2022.01.19	20:00:00	1842.822	1843.326	1838.286	1838.495	7302	0	0
2022.01.20	00:00:00	1838.496	1843.786	1837.942	1839.572	12374	0	0
2022.01.20	04:00:00	1839.585	1840.982	1838.256	1839.059	11053	0	0
2022.01.20	08:00:00	1839.030	1842.040	1836.637	1839.412	11560	0	0
2022.01.20	12:00:00	1839.443	1847.796	1835.726	1846.816	24333	0	0
2022.01.20	16:00:00	1846.786	1846.802	1838.315	1840.048	14294	0	0
2022.01.20	20:00:00	1840.017	1840.431	1837.203	1838.889	8250	0	0
2022.01.21	00:00:00	1838.895	1841.934	1836.267	1840.757	12513	0	0
2022.01.21	04:00:00	1840.759	1842.732	1836.549	1837.999	10786	0	0
2022.01.21	08:00:00	1837.964	1838.976	1828.186	1831.803	14839	0	0
2022.01.21	12:00:00	1831.807	1843.095	1831.104	1834.523	25850	0	0
2022.01.21	16:00:00	1834.555	1835.091	1830.136	1831.540	15330	0	0
2022.01.21	20:00:00	1831.510	1835.008	1828.483	1834.664	5892	0	0
2022.01.23	20:00:00	1833.144	1837.088	1833.123	1834.669	2717	0	0
2022.01.24	00:00:00	1834.699	1837.382	1832.484	1836.502	10098	0	0
2022.01.24	04:00:00	1836.499	1839.529	1836.179	1837.951	9580	0	0
2022.01.24	08:00:00	1837.920	1844.010	1837.068	1838.151	14795	0	0
2022.01.24	12:00:00	1838.136	1842.971	1829.487	1834.421	29447	0	0
2022.01.24	16:00:00	1834.451	1843.022	1832.511	1838.704	18885	0	0
2022.01.24	20:00:00	1838.674	1844.124	1837.703	1843.521	8223	0	0
2022.01.25	00:00:00	1843.527	1843.569	1839.423	1842.190	10384	0	0
2022.01.25	04:00:00	1842.189	1843.260	1840.304	1840.742	9819	0	0
2022.01.25	08:00:00	1840.713	1843.126	1834.667	1837.609	13820	0	0
2022.01.25	12:00:00	1837.599	1852.794	1837.527	1846.895	27739	0	0
2022.01.25	16:00:00	1846.865	1853.785	1845.097	1851.698	17296	0	0
2022.01.25	20:00:00	1851.664	1851.907	1846.950	1849.526	7154	0	0
2022.01.26	00:00:00	1849.505	1849.510	1846.504	1846.991	8024	0	0
2022.01.26	04:00:00	1847.007	1848.645	1843.685	1843.903	7931	0	0
2022.01.26	08:00:00	1843.911	1847.657	1842.622	1843.051	11703	0	0
2022.01.26	12:00:00	1843.085	1848.004	1831.030	1834.087	24500	0	0
2022.01.26	16:00:00	1834.118	1834.410	1815.383	1819.488	36156	0	0
2022.01.26	20:00:00	1819.455	1822.078	1814.840	1821.928	19321	0	0
2022.01.27	00:00:00	1821.924	1821.949	1812.693	1815.907	15407	0	0
2022.01.27	04:00:00	1815.876	1816.508	1809.849	1810.902	15446	0	0
2022.01.27	08:00:00	1810.871	1816.835	1807.240	1811.377	16463	0	0
2022.01.27	12:00:00	1811.345	1813.632	1795.365	1796.429	33531	0	0
2022.01.27	16:00:00	1796.398	1798.377	1791.760	1792.901	20086	0	0
2022.01.27	20:00:00	1792.922	1798.257	1792.140	1797.205	8652	0	0
2022.01.28	00:00:00	1797.232	1799.343	1795.030	1799.079	11401	0	0
2022.01.28	04:00:00	1799.065	1799.322	1795.590	1795.879	11220	0	0
2022.01.28	08:00:00	1795.849	1795.849	1780.165	1785.597	16805	0	0
2022.01.28	12:00:00	1785.570	1792.755	1780.453	1782.833	35809	0	0
2022.01.28	16:00:00	1782.803	1788.304	1781.868	1786.902	17573	0	0
2022.01.28	20:00:00	1786.938	1792.096	1786.748	1791.634	4928	0	0
2022.01.30	20:00:00	1789.345	1790.575	1788.327	1789.464	2523	0	0
2022.01.31	00:00:00	1789.494	1790.243	1786.257	1786.957	9512	0	0
2022.01.31	04:00:00	1786.982	1789.359	1785.425	1788.730	10388	0	0
2022.01.31	08:00:00	1788.763	1793.620	1787.021	1792.263	13940	0	0
2022.01.31	12:00:00	1792.269	1799.629	1789.559	1796.252	25669	0	0
2022.01.31	16:00:00	1796.276	1799.841	1794.833	1798.454	14756	0	0
2022.01.31	20:00:00	1798.485	1799.702	1796.290	1797.738	7155	0	0
2022.02.01	00:00:00	1797.736	1799.323	1795.718	1796.601	7837	0	0
2022.02.01	04:00:00	1796.587	1804.362	1796.288	1803.981	10443	0	0
2022.02.01	08:00:00	1803.949	1808.249	1801.846	1806.167	12578	0	0
2022.02.01	12:00:00	1806.163	1808.524	1797.702	1804.367	30516	0	0
2022.02.01	16:00:00	1804.337	1807.868	1799.342	1799.419	13967	0	0
2022.02.01	20:00:00	1799.388	1802.302	1798.502	1800.694	6427	0	0
2022.02.02	00:00:00	1800.711	1801.591	1797.293	1797.617	7044	0	0
2022.02.02	04:00:00	1797.611	1798.999	1794.218	1796.691	9139	0	0
2022.02.02	08:00:00	1796.721	1803.598	1796.377	1802.784	12398	0	0
2022.02.02	12:00:00	1802.799	1810.423	1800.506	1808.522	26380	0	0
2022.02.02	16:00:00	1808.517	1810.736	1807.303	1807.440	13267	0	0
2022.02.02	20:00:00	1807.422	1808.207	1805.081	1807.830	5704	0	0
2022.02.03	00:00:00	1807.797	1808.931	1805.936	1807.053	6295	0	0
2022.02.03	04:00:00	1807.040	1807.167	1803.063	1804.529	7702	0	0
2022.02.03	08:00:00	1804.499	1806.040	1802.210	1804.241	10458	0	0
2022.02.03	12:00:00	1804.182	1805.056	1788.521	1803.086	41656	0	0
2022.02.03	16:00:00	1803.056	1807.605	1801.049	1805.049	16868	0	0
2022.02.03	20:00:00	1805.079	1806.446	1804.546	1805.719	5855	0	0
2022.02.04	00:00:00	1805.691	1807.526	1804.957	1806.516	7946	0	0
2022.02.04	04:00:00	1806.486	1808.982	1805.770	1807.279	9654	0	0
2022.02.04	08:00:00	1807.309	1814.374	1806.158	1810.949	13775	0	0
2022.02.04	12:00:00	1810.980	1814.862	1792.076	1803.835	42873	0	0
2022.02.04	16:00:00	1803.824	1808.601	1803.086	1806.822	14676	0	0
2022.02.04	20:00:00	1806.852	1808.248	1805.995	1807.732	4086	0	0
2022.02.06	20:00:00	1808.436	1811.438	1807.877	1810.028	2355	0	0
2022.02.07	00:00:00	1810.035	1815.190	1808.658	1809.866	13064	0	0
2022.02.07	04:00:00	1809.842	1812.974	1808.628	1812.974	9555	0	0
2022.02.07	08:00:00	1813.005	1814.104	1809.965	1813.580	13176	0	0
2022.02.07	12:00:00	1813.553	1816.964	1811.635	1815.841	21110	0	0
2022.02.07	16:00:00	1815.874	1823.503	1814.243	1822.251	13469	0	0
2022.02.07	20:00:00	1822.284	1822.599	1820.198	1822.004	5214	0	0
2022.02.08	00:00:00	1821.979	1823.238	1820.223	1821.836	9085	0	0
2022.02.08	04:00:00	1821.833	1822.270	1815.347	1817.227	10775	0	0
2022.02.08	08:00:00	1817.250	1820.976	1817.135	1818.046	11930	0	0
2022.02.08	12:00:00	1818.069	1828.344	1817.194	1824.497	20190	0	0
2022.02.08	16:00:00	1824.494	1828.737	1824.333	1826.886	10831	0	0
2022.02.08	20:00:00	1826.910	1827.782	1825.469	1826.134	4457	0	0
2022.02.09	00:00:00	1825.759	1828.653	1825.342	1828.038	6623	0	0
2022.02.09	04:00:00	1828.072	1829.050	1825.647	1826.692	8896	0	0
2022.02.09	08:00:00	1826.662	1828.329	1825.656	1826.817	9910	0	0
2022.02.09	12:00:00	1826.828	1832.361	1824.344	1828.391	20682	0	0
2022.02.09	16:00:00	1828.358	1835.783	1828.265	1833.269	12988	0	0
2022.02.09	20:00:00	1833.292	1833.440	1831.127	1832.541	4988	0	0
2022.02.10	00:00:00	1832.543	1834.712	1831.505	1834.050	8078	0	0
2022.02.10	04:00:00	1834.051	1836.020	1833.439	1834.610	8421	0	0
2022.02.10	08:00:00	1834.578	1834.734	1830.237	1832.271	10655	0	0
2022.02.10	12:00:00	1832.296	1840.499	1821.482	1835.628	40963	0	0
2022.02.10	16:00:00	1835.623	1841.879	1828.761	1829.669	27079	0	0
2022.02.10	20:00:00	1829.700	1830.208	1825.407	1826.796	10445	0	0
2022.02.11	00:00:00	1826.765	1827.130	1823.682	1824.939	10931	0	0
2022.02.11	04:00:00	1824.936	1826.010	1820.541	1825.960	13019	0	0
2022.02.11	08:00:00	1826.117	1827.751	1825.120	1827.177	12446	0	0
2022.02.11	12:00:00	1827.151	1837.017	1824.822	1835.815	26233	0	0
2022.02.11	16:00:00	1835.846	1862.186	1832.715	1858.941	48326	0	0
2022.02.11	20:00:00	1858.909	1865.332	1857.497	1858.955	15075	0	0
2022.02.13	20:00:00	1855.638	1861.547	1855.387	1859.560	4307	0	0
2022.02.14	00:00:00	1859.538	1860.652	1852.009	1853.072	14585	0	0
2022.02.14	04:00:00	1853.050	1855.194	1850.562	1854.304	12445	0	0
2022.02.14	08:00:00	1854.334	1858.436	1852.152	1856.382	16428	0	0
2022.02.14	12:00:00	1856.380	1870.941	1851.234	1868.199	34159	0	0
2022.02.14	16:00:00	1868.168	1874.102	1860.267	1868.033	24917	0	0
2022.02.14	20:00:00	1868.065	1873.510	1868.031	1871.048	8144	0	0
2022.02.15	00:00:00	1871.070	1878.904	1870.045	1877.407	11243	0	0
2022.02.15	04:00:00	1877.376	1879.466	1875.058	1875.634	11805	0	0
2022.02.15	08:00:00	1875.646	1877.137	1849.809	1852.446	25302	0	0
2022.02.15	12:00:00	1852.468	1857.119	1844.121	1847.880	32624	0	0
2022.02.15	16:00:00	1847.882	1856.443	1846.431	1854.358	14547	0	0
2022.02.15	20:00:00	1854.388	1856.193	1851.464	1852.964	6785	0	0
2022.02.16	00:00:00	1852.951	1853.144	1850.275	1852.707	9718	0	0
2022.02.16	04:00:00	1852.676	1856.753	1852.206	1855.174	9813	0	0
2022.02.16	08:00:00	1855.178	1859.565	1853.960	1856.399	11716	0	0
2022.02.16	12:00:00	1856.368	1864.625	1851.281	1862.667	22880	0	0
2022.02.16	16:00:00	1862.636	1872.221	1861.418	1870.382	22124	0	0
2022.02.16	20:00:00	1870.413	1872.512	1867.379	1869.906	8679	0	0
2022.02.17	00:00:00	1869.938	1874.653	1867.772	1874.372	12245	0	0
2022.02.17	04:00:00	1874.405	1877.138	1870.255	1876.097	19933	0	0
2022.02.17	08:00:00	1876.062	1892.973	1875.310	1883.598	24734	0	0
2022.02.17	12:00:00	1883.593	1897.438	1882.752	1895.275	34347	0	0
2022.02.17	16:00:00	1895.307	1900.989	1893.058	1899.854	19166	0	0
2022.02.17	20:00:00	1899.888	1900.234	1897.275	1899.944	7369	0	0
2022.02.18	00:00:00	1899.977	1902.395	1888.033	1891.021	14541	0	0
2022.02.18	04:00:00	1891.031	1893.336	1889.518	1891.618	11837	0	0
2022.02.18	08:00:00	1891.650	1895.788	1886.288	1891.165	15181	0	0
2022.02.18	12:00:00	1891.197	1899.974	1889.375	1891.844	26301	0	0
2022.02.18	16:00:00	1891.833	1897.879	1891.207	1895.491	16390	0	0
2022.02.18	20:00:00	1895.459	1899.425	1893.563	1897.807	5782	0	0
2022.02.20	20:00:00	1903.076	1906.406	1900.349	1904.863	3826	0	0
2022.02.21	00:00:00	1904.861	1908.105	1891.299	1896.819	18258	0	0
2022.02.21	04:00:00	1896.788	1897.002	1887.562	1891.622	13829	0	0
2022.02.21	08:00:00	1891.593	1898.628	1891.289	1894.581	13890	0	0
2022.02.21	12:00:00	1894.587	1897.507	1892.349	1895.344	18374	0	0
2022.02.21	16:00:00	1895.322	1905.110	1895.322	1903.362	7123	0	0
2022.02.21	20:00:00	1909.602	1914.018	1907.745	1909.377	7086	0	0
2022.02.22	00:00:00	1909.376	1913.754	1905.196	1908.418	13254	0	0
2022.02.22	04:00:00	1908.423	1913.224	1907.138	1908.568	11661	0	0
2022.02.22	08:00:00	1908.551	1911.690	1891.161	1893.764	21720	0	0
2022.02.22	12:00:00	1893.798	1907.090	1893.725	1897.826	29932	0	0
2022.02.22	16:00:00	1897.845	1905.640	1896.839	1901.540	19009	0	0
2022.02.22	20:00:00	1901.510	1901.610	1897.596	1898.158	7644	0	0
2022.02.23	00:00:00	1898.156	1901.257	1897.816	1899.736	8655	0	0
2022.02.23	04:00:00	1899.737	1899.797	1893.149	1894.815	11318	0	0
2022.02.23	08:00:00	1894.785	1897.625	1889.367	1894.745	15343	0	0
2022.02.23	12:00:00	1894.715	1908.343	1893.519	1907.422	24602	0	0
2022.02.23	16:00:00	1907.428	1910.458	1905.450	1907.120	16268	0	0
2022.02.23	20:00:00	1907.109	1911.524	1904.583	1910.758	8801	0	0
2022.02.24	00:00:00	1910.754	1930.968	1910.075	1928.997	25488	0	0
2022.02.24	04:00:00	1929.027	1948.640	1928.955	1944.927	43223	0	0
2022.02.24	08:00:00	1945.241	1974.331	1938.896	1961.483	41567	0	0
2022.02.24	12:00:00	1961.514	1966.938	1913.204	1928.779	70375	0	0
2022.02.24	16:00:00	1928.812	1930.203	1877.772	1887.688	45534	0	0
2022.02.24	20:00:00	1887.723	1913.563	1880.373	1906.500	22222	0	0
2022.02.25	00:00:00	1906.531	1921.484	1904.330	1914.170	24896	0	0
2022.02.25	04:00:00	1914.171	1921.285	1910.870	1913.226	18439	0	0
2022.02.25	08:00:00	1913.374	1915.722	1892.629	1898.896	28353	0	0
2022.02.25	12:00:00	1898.863	1906.930	1882.823	1889.133	48301	0	0
2022.02.25	16:00:00	1889.157	1890.871	1883.089	1890.564	20583	0	0
2022.02.25	20:00:00	1890.532	1892.830	1886.768	1889.003	6327	0	0
2022.02.27	20:00:00	1920.950	1927.279	1904.347	1910.214	13716	0	0
2022.02.28	00:00:00	1910.181	1919.182	1904.358	1907.415	27365	0	0
2022.02.28	04:00:00	1907.447	1911.856	1893.111	1896.356	23681	0	0
2022.02.28	08:00:00	1896.387	1908.866	1894.812	1905.600	20408	0	0
2022.02.28	12:00:00	1905.601	1918.249	1904.336	1908.209	32491	0	0
2022.02.28	16:00:00	1908.241	1908.343	1890.826	1906.443	27963	0	0
2022.02.28	20:00:00	1906.479	1910.869	1904.640	1906.268	10282	0	0
2022.03.01	00:00:00	1906.236	1907.804	1901.217	1905.654	11765	0	0
2022.03.01	04:00:00	1905.623	1908.736	1904.570	1907.670	12261	0	0
2022.03.01	08:00:00	1907.702	1926.301	1907.182	1920.251	24249	0	0
2022.03.01	12:00:00	1920.282	1929.705	1910.869	1926.538	40844	0	0
2022.03.01	16:00:00	1926.568	1942.741	1923.269	1940.349	34079	0	0
2022.03.01	20:00:00	1940.358	1949.979	1939.195	1942.269	14738	0	0
2022.03.02	00:00:00	1942.264	1943.775	1930.979	1935.777	19388	0	0
2022.03.02	04:00:00	1935.747	1947.706	1931.555	1944.728	21836	0	0
2022.03.02	08:00:00	1944.744	1944.744	1913.468	1929.352	33064	0	0
2022.03.02	12:00:00	1929.322	1935.584	1922.238	1926.912	41967	0	0
2022.03.02	16:00:00	1926.941	1928.531	1914.908	1927.752	28994	0	0
2022.03.02	20:00:00	1927.783	1933.286	1924.627	1928.835	11076	0	0
2022.03.03	00:00:00	1928.805	1930.783	1926.162	1927.406	13601	0	0
2022.03.03	04:00:00	1927.401	1932.313	1921.838	1932.067	16031	0	0
2022.03.03	08:00:00	1932.097	1938.651	1923.508	1932.448	21135	0	0
2022.03.03	12:00:00	1932.426	1937.034	1924.367	1926.243	36031	0	0
2022.03.03	16:00:00	1926.257	1935.694	1923.018	1935.262	25427	0	0
2022.03.03	20:00:00	1935.256	1941.243	1934.837	1934.870	9656	0	0
2022.03.04	00:00:00	1934.879	1950.820	1929.366	1939.554	34555	0	0
2022.03.04	04:00:00	1939.568	1940.575	1934.028	1936.131	16529	0	0
2022.03.04	08:00:00	1936.163	1949.008	1933.960	1946.416	21786	0	0
2022.03.04	12:00:00	1946.384	1959.367	1939.835	1957.928	42663	0	0
2022.03.04	16:00:00	1957.958	1969.946	1956.684	1967.101	26505	0	0
2022.03.04	20:00:00	1967.069	1970.844	1965.220	1970.317	10687	0	0
2022.03.06	20:00:00	1981.416	1991.349	1981.269	1988.583	11613	0	0
2022.03.07	00:00:00	1988.600	2000.777	1984.726	1989.979	36672	0	0
2022.03.07	04:00:00	1989.952	1993.080	1975.732	1992.957	26872	0	0
2022.03.07	08:00:00	1992.992	2002.716	1985.641	1990.265	34198	0	0
2022.03.07	12:00:00	1990.232	1991.365	1960.799	1980.854	71864	0	0
2022.03.07	16:00:00	1980.886	1997.314	1974.719	1995.936	39055	0	0
2022.03.07	20:00:00	1995.967	1999.819	1992.181	1998.703	14163	0	0
2022.03.08	00:00:00	1998.736	2000.034	1980.856	1985.959	20753	0	0
2022.03.08	04:00:00	1985.938	2020.735	1985.532	2016.256	31917	0	0
2022.03.08	08:00:00	2016.226	2020.120	1999.141	2009.193	36264	0	0
2022.03.08	12:00:00	2009.204	2069.768	2003.473	2047.128	94518	0	0
2022.03.08	16:00:00	2047.161	2070.292	2021.108	2039.377	112787	0	0
2022.03.08	20:00:00	2039.418	2054.176	2032.377	2043.828	21181	0	0
2022.03.09	00:00:00	2043.799	2057.488	2035.119	2056.863	31706	0	0
2022.03.09	04:00:00	2056.885	2059.010	2038.076	2045.861	29688	0	0
2022.03.09	08:00:00	2045.892	2049.282	2003.916	2011.643	52877	0	0
2022.03.09	12:00:00	2011.646	2021.478	1975.866	1995.851	77866	0	0
2022.03.09	16:00:00	1995.853	2005.481	1979.577	1989.567	52691	0	0
2022.03.09	20:00:00	1989.559	1999.081	1986.905	1989.867	17748	0	0
2022.03.10	00:00:00	1989.862	1989.975	1970.412	1976.396	26025	0	0
2022.03.10	04:00:00	1976.398	1988.945	1974.103	1975.103	22714	0	0
2022.03.10	08:00:00	1975.213	2007.865	1974.712	2005.187	44756	0	0
2022.03.10	12:00:00	2005.220	2009.102	1981.503	1995.151	65555	0	0
2022.03.10	16:00:00	1995.158	2005.990	1990.336	1996.217	35511	0	0
2022.03.10	20:00:00	1996.222	2003.349	1993.921	1995.387	11466	0	0
2022.03.11	00:00:00	1995.388	1997.308	1988.201	1991.040	16751	0	0
2022.03.11	04:00:00	1991.045	1992.452	1980.871	1991.398	19951	0	0
2022.03.11	08:00:00	1991.554	1994.983	1969.345	1979.558	28658	0	0
2022.03.11	12:00:00	1979.571	1982.015	1958.366	1980.713	58446	0	0
2022.03.11	16:00:00	1980.734	1989.990	1978.305	1985.488	31239	0	0
2022.03.11	20:00:00	1985.485	1988.392	1982.142	1988.214	7977	0	0
2022.03.13	20:00:00	1980.342	1983.847	1970.760	1974.302	8522	0	0
2022.03.14	00:00:00	1974.263	1978.865	1969.792	1975.640	16348	0	0
2022.03.14	04:00:00	1975.642	1978.272	1970.997	1972.738	15632	0	0
2022.03.14	08:00:00	1972.770	1973.468	1954.337	1965.321	29371	0	0
2022.03.14	12:00:00	1965.288	1967.921	1949.352	1954.603	41498	0	0
2022.03.14	16:00:00	1954.600	1961.861	1950.622	1952.630	22973	0	0
2022.03.14	20:00:00	1952.600	1954.617	1950.197	1952.184	6613	0	0
2022.03.15	00:00:00	1952.176	1952.208	1939.371	1942.142	20274	0	0
2022.03.15	04:00:00	1942.154	1942.336	1924.697	1929.224	24151	0	0
2022.03.15	08:00:00	1929.194	1935.330	1920.527	1926.511	27244	0	0
2022.03.15	12:00:00	1926.481	1928.775	1906.916	1925.182	49306	0	0
2022.03.15	16:00:00	1925.214	1930.951	1916.276	1916.736	27086	0	0
2022.03.15	20:00:00	1916.706	1920.564	1913.874	1918.085	6169	0	0
2022.03.16	00:00:00	1918.082	1924.791	1917.170	1917.903	15825	0	0
2022.03.16	04:00:00	1917.901	1919.946	1912.326	1916.104	14472	0	0
2022.03.16	08:00:00	1916.134	1926.994	1911.517	1924.640	20896	0	0
2022.03.16	12:00:00	1924.607	1925.559	1903.516	1911.708	43202	0	0
2022.03.16	16:00:00	1911.705	1929.333	1894.750	1928.002	50234	0	0
2022.03.16	20:00:00	1927.966	1929.424	1921.339	1926.898	8002	0	0
2022.03.17	00:00:00	1926.899	1938.096	1925.557	1936.376	17395	0	0
2022.03.17	04:00:00	1936.375	1937.409	1929.932	1935.460	14814	0	0
2022.03.17	08:00:00	1935.491	1946.843	1934.724	1943.164	20874	0	0
2022.03.17	12:00:00	1943.219	1949.689	1935.477	1948.121	37591	0	0
2022.03.17	16:00:00	1948.113	1948.269	1935.453	1937.412	20705	0	0
2022.03.17	20:00:00	1937.380	1944.130	1936.372	1943.947	6410	0	0
2022.03.18	00:00:00	1943.915	1945.340	1926.399	1935.063	17716	0	0
2022.03.18	04:00:00	1935.061	1935.981	1929.723	1934.367	13783	0	0
2022.03.18	08:00:00	1934.331	1940.667	1928.886	1939.930	18818	0	0
2022.03.18	12:00:00	1939.953	1940.830	1921.309	1932.370	38531	0	0
2022.03.18	16:00:00	1932.378	1932.961	1917.946	1919.963	21840	0	0
2022.03.18	20:00:00	1919.994	1921.774	1918.162	1921.271	2610	0	0
2022.03.20	20:00:00	1925.067	1926.334	1918.261	1918.985	4780	0	0
2022.03.21	00:00:00	1919.007	1928.643	1918.771	1926.392	13278	0	0
2022.03.21	04:00:00	1926.398	1928.865	1921.825	1925.027	12053	0	0
2022.03.21	08:00:00	1925.033	1928.659	1922.519	1925.325	14966	0	0
2022.03.21	12:00:00	1925.331	1937.276	1917.662	1935.042	28970	0	0
2022.03.21	16:00:00	1935.045	1941.097	1926.962	1935.125	24741	0	0
2022.03.21	20:00:00	1935.092	1937.067	1933.799	1935.506	4932	0	0
2022.03.22	00:00:00	1935.543	1937.935	1929.342	1936.734	14516	0	0
2022.03.22	04:00:00	1936.767	1938.331	1932.167	1933.406	13168	0	0
2022.03.22	08:00:00	1933.475	1933.475	1922.696	1927.693	22595	0	0
2022.03.22	12:00:00	1927.662	1930.671	1910.378	1917.897	35276	0	0
2022.03.22	16:00:00	1917.877	1924.845	1917.640	1921.636	18657	0	0
2022.03.22	20:00:00	1921.667	1922.195	1919.427	1919.665	4881	0	0
2022.03.23	00:00:00	1919.663	1924.364	1915.575	1921.822	12702	0	0
2022.03.23	04:00:00	1921.821	1922.482	1916.683	1920.560	10009	0	0
2022.03.23	08:00:00	1920.572	1934.992	1920.348	1930.619	19094	0	0
2022.03.23	12:00:00	1930.653	1936.657	1924.881	1929.397	26601	0	0
2022.03.23	16:00:00	1929.400	1948.282	1927.726	1946.558	19357	0	0
2022.03.23	20:00:00	1946.590	1947.385	1943.832	1946.104	5820	0	0
2022.03.24	00:00:00	1946.106	1948.555	1938.685	1938.864	13462	0	0
2022.03.24	04:00:00	1938.856	1944.005	1937.434	1943.872	12424	0	0
2022.03.24	08:00:00	1943.875	1956.693	1937.879	1956.197	20283	0	0
2022.03.24	12:00:00	1956.256	1965.654	1942.467	1962.978	41744	0	0
2022.03.24	16:00:00	1963.008	1966.151	1960.651	1961.603	18374	0	0
2022.03.24	20:00:00	1961.633	1962.332	1956.215	1959.217	5144	0	0
2022.03.25	00:00:00	1959.236	1964.253	1957.760	1960.882	12690	0	0
2022.03.25	04:00:00	1960.867	1962.395	1952.985	1954.770	12131	0	0
2022.03.25	08:00:00	1954.774	1960.614	1949.887	1953.195	17699	0	0
2022.03.25	12:00:00	1953.193	1961.617	1943.079	1957.140	37534	0	0
2022.03.25	16:00:00	1957.147	1959.481	1951.643	1954.492	17884	0	0
2022.03.25	20:00:00	1954.495	1958.481	1953.892	1958.248	1819	0	0
2022.03.27	20:00:00	1955.588	1957.911	1954.787	1957.222	4351	0	0
2022.03.28	00:00:00	1957.209	1958.405	1941.909	1944.528	19587	0	0
2022.03.28	04:00:00	1944.553	1944.815	1931.284	1933.034	20550	0	0
2022.03.28	08:00:00	1933.231	1934.280	1925.211	1930.178	23386	0	0
2022.03.28	12:00:00	1930.171	1945.352	1929.599	1936.670	38220	0	0
2022.03.28	16:00:00	1936.700	1940.088	1916.898	1919.232	21016	0	0
2022.03.28	20:00:00	1919.201	1925.009	1918.945	1924.041	7642	0	0
2022.03.29	00:00:00	1924.040	1929.272	1921.346	1924.960	17186	0	0
2022.03.29	04:00:00	1924.993	1925.188	1918.560	1919.215	16266	0	0
2022.03.29	08:00:00	1919.296	1920.757	1900.705	1908.022	26630	0	0
2022.03.29	12:00:00	1907.988	1915.309	1890.113	1915.209	52293	0	0
2022.03.29	16:00:00	1915.240	1921.356	1912.728	1919.306	17251	0	0
2022.03.29	20:00:00	1919.291	1921.390	1916.250	1916.354	5381	0	0
2022.03.30	00:00:00	1916.363	1925.497	1915.905	1923.643	16541	0	0
2022.03.30	04:00:00	1923.636	1928.229	1920.513	1920.970	18552	0	0
2022.03.30	08:00:00	1920.934	1925.534	1917.002	1923.786	19638	0	0
2022.03.30	12:00:00	1923.792	1938.489	1922.371	1936.988	34544	0	0
2022.03.30	16:00:00	1937.020	1937.120	1930.443	1934.231	13673	0	0
2022.03.30	20:00:00	1934.263	1935.923	1931.667	1934.017	4175	0	0
2022.03.31	00:00:00	1934.044	1934.151	1923.787	1925.078	16640	0	0
2022.03.31	04:00:00	1925.077	1933.519	1918.817	1931.294	19327	0	0
2022.03.31	08:00:00	1931.296	1932.596	1922.336	1930.945	18061	0	0
2022.03.31	12:00:00	1930.913	1945.083	1928.085	1944.314	31397	0	0
2022.03.31	16:00:00	1944.344	1949.760	1934.942	1936.653	18850	0	0
2022.03.31	20:00:00	1936.685	1937.893	1934.757	1936.702	6496	0	0
2022.04.01	00:00:00	1936.704	1938.585	1932.514	1938.199	13649	0	0
2022.04.01	04:00:00	1938.201	1939.493	1929.365	1930.670	15270	0	0
2022.04.01	08:00:00	1930.684	1936.289	1924.248	1928.541	19004	0	0
2022.04.01	12:00:00	1928.525	1933.942	1918.473	1925.897	41481	0	0
2022.04.01	16:00:00	1925.928	1926.928	1917.848	1922.578	20083	0	0
2022.04.01	20:00:00	1922.546	1924.908	1922.161	1924.495	2104	0	0
2022.04.03	20:00:00	1924.673	1924.995	1921.444	1924.674	3323	0	0
2022.04.04	00:00:00	1924.635	1926.810	1918.237	1918.950	10290	0	0
2022.04.04	04:00:00	1918.973	1930.762	1915.190	1929.857	14669	0	0
2022.04.04	08:00:00	1929.832	1933.024	1925.604	1929.061	15785	0	0
2022.04.04	12:00:00	1929.056	1936.808	1924.165	1933.609	37595	0	0
2022.04.04	16:00:00	1933.640	1934.002	1928.769	1932.419	15158	0	0
2022.04.04	20:00:00	1932.387	1933.763	1930.813	1931.493	4819	0	0
2022.04.05	00:00:00	1931.510	1933.107	1927.392	1928.527	9561	0	0
2022.04.05	04:00:00	1928.525	1933.558	1926.253	1927.549	12721	0	0
2022.04.05	08:00:00	1927.564	1932.362	1925.434	1927.814	18784	0	0
2022.04.05	12:00:00	1927.845	1944.555	1918.288	1920.323	39101	0	0
2022.04.05	16:00:00	1920.355	1925.629	1917.767	1920.423	20104	0	0
2022.04.05	20:00:00	1920.454	1924.085	1920.048	1920.617	6267	0	0
2022.04.06	00:00:00	1920.618	1925.264	1916.412	1923.828	15578	0	0
2022.04.06	04:00:00	1923.827	1924.354	1914.737	1921.786	16412	0	0
2022.04.06	08:00:00	1921.792	1933.482	1918.256	1921.503	23417	0	0
2022.04.06	12:00:00	1921.496	1931.882	1919.489	1927.893	31166	0	0
2022.04.06	16:00:00	1927.888	1929.373	1915.353	1925.018	31161	0	0
2022.04.06	20:00:00	1924.985	1926.602	1922.236	1923.806	5976	0	0
2022.04.07	00:00:00	1923.783	1927.282	1921.083	1922.271	14023	0	0
2022.04.07	04:00:00	1922.268	1927.919	1920.496	1925.480	14170	0	0
2022.04.07	08:00:00	1925.479	1931.661	1923.349	1930.670	17067	0	0
2022.04.07	12:00:00	1930.668	1937.653	1924.407	1933.719	32588	0	0
2022.04.07	16:00:00	1933.746	1936.844	1929.506	1932.362	16185	0	0
2022.04.07	20:00:00	1932.332	1933.694	1929.989	1932.938	6017	0	0
2022.04.08	00:00:00	1932.968	1935.461	1928.642	1930.913	11733	0	0
2022.04.08	04:00:00	1930.906	1932.828	1927.668	1931.785	12213	0	0
2022.04.08	08:00:00	1931.817	1934.527	1929.849	1933.560	13650	0	0
2022.04.08	12:00:00	1933.595	1948.146	1929.077	1941.531	38154	0	0
2022.04.08	16:00:00	1941.563	1944.715	1938.944	1944.137	13700	0	0
2022.04.08	20:00:00	1944.107	1947.868	1943.274	1947.868	1986	0	0
2022.04.10	20:00:00	1948.292	1950.000	1943.180	1944.606	4962	0	0
2022.04.11	00:00:00	1944.610	1947.704	1940.092	1942.894	13215	0	0
2022.04.11	04:00:00	1942.887	1946.850	1939.925	1945.716	15494	0	0
2022.04.11	08:00:00	1945.735	1961.474	1945.223	1960.582	22086	0	0
2022.04.11	12:00:00	1960.578	1969.585	1945.684	1951.347	40346	0	0
2022.04.11	16:00:00	1951.317	1954.583	1940.755	1953.830	17281	0	0
2022.04.11	20:00:00	1953.799	1955.745	1951.525	1952.799	5931	0	0
2022.04.12	00:00:00	1952.772	1959.092	1949.785	1959.059	13113	0	0
2022.04.12	04:00:00	1959.089	1960.446	1952.624	1953.295	15143	0	0
2022.04.12	08:00:00	1953.281	1957.259	1949.605	1956.604	15748	0	0
2022.04.12	12:00:00	1956.608	1978.253	1955.238	1970.558	43366	0	0
2022.04.12	16:00:00	1970.576	1975.877	1964.698	1968.903	20162	0	0
2022.04.12	20:00:00	1968.936	1968.951	1964.638	1965.922	5133	0	0
2022.04.13	00:00:00	1965.899	1972.219	1962.745	1969.863	14063	0	0
2022.04.13	04:00:00	1969.861	1973.503	1965.426	1971.153	15385	0	0
2022.04.13	08:00:00	1971.201	1980.171	1970.007	1977.994	17381	0	0
2022.04.13	12:00:00	1978.010	1981.532	1971.707	1980.919	30388	0	0
2022.04.13	16:00:00	1980.917	1981.498	1974.766	1978.061	15555	0	0
2022.04.13	20:00:00	1978.093	1979.089	1976.393	1977.083	4779	0	0
2022.04.14	00:00:00	1977.082	1980.198	1973.523	1973.660	12347	0	0
2022.04.14	04:00:00	1973.657	1978.007	1970.416	1975.379	14351	0	0
2022.04.14	08:00:00	1975.452	1979.024	1967.185	1977.134	17436	0	0
2022.04.14	12:00:00	1977.143	1979.865	1960.420	1966.773	35985	0	0
2022.04.14	16:00:00	1966.742	1974.917	1966.662	1971.530	14648	0	0
2022.04.14	20:00:00	1971.584	1973.488	1971.584	1973.111	1025	0	0
2022.04.17	20:00:00	1972.910	1987.767	1971.978	1986.477	7360	0	0
2022.04.18	00:00:00	1986.494	1988.503	1982.550	1984.809	16245	0	0
2022.04.18	04:00:00	1984.823	1992.504	1983.318	1991.492	15301	0	0
2022.04.18	08:00:00	1991.539	1993.833	1987.680	1991.917	13483	0	0
2022.04.18	12:00:00	1991.914	1998.178	1982.791	1988.946	30724	0	0
2022.04.18	16:00:00	1988.954	1990.551	1976.211	1978.261	18665	0	0
2022.04.18	20:00:00	1978.229	1978.950	1976.208	1977.131	6077	0	0
2022.04.19	00:00:00	1977.161	1978.839	1974.660	1978.646	13761	0	0
2022.04.19	04:00:00	1978.640	1980.677	1972.442	1977.899	15505	0	0
2022.04.19	08:00:00	1977.889	1981.150	1974.708	1980.054	16800	0	0
2022.04.19	12:00:00	1980.068	1981.760	1950.212	1956.393	44176	0	0
2022.04.19	16:00:00	1956.386	1958.211	1943.618	1948.115	17306	0	0
2022.04.19	20:00:00	1948.081	1951.513	1947.255	1949.718	7613	0	0
2022.04.20	00:00:00	1949.748	1950.108	1942.389	1944.037	18670	0	0
2022.04.20	04:00:00	1944.042	1946.654	1939.088	1943.768	18034	0	0
2022.04.20	08:00:00	1943.764	1955.068	1940.126	1952.109	20817	0	0
2022.04.20	12:00:00	1952.119	1954.556	1943.664	1950.894	30897	0	0
2022.04.20	16:00:00	1950.931	1958.061	1949.288	1957.911	16509	0	0
2022.04.20	20:00:00	1957.875	1958.332	1954.622	1956.797	6206	0	0
2022.04.21	00:00:00	1956.794	1957.397	1950.131	1951.317	13099	0	0
2022.04.21	04:00:00	1951.287	1953.988	1949.587	1949.745	14360	0	0
2022.04.21	08:00:00	1949.713	1949.841	1936.478	1939.791	20927	0	0
2022.04.21	12:00:00	1939.802	1949.504	1937.486	1940.002	33455	0	0
2022.04.21	16:00:00	1939.988	1954.006	1938.233	1951.041	22063	0	0
2022.04.21	20:00:00	1951.072	1952.754	1950.332	1950.905	5397	0	0
2022.04.22	00:00:00	1950.899	1953.551	1945.691	1950.425	16539	0	0
2022.04.22	04:00:00	1950.427	1955.483	1949.734	1951.073	18230	0	0
2022.04.22	08:00:00	1951.042	1951.445	1930.481	1935.385	24416	0	0
2022.04.22	12:00:00	1935.366	1946.215	1926.267	1939.068	40981	0	0
2022.04.22	16:00:00	1939.102	1940.654	1931.683	1932.591	19471	0	0
2022.04.22	20:00:00	1932.558	1934.619	1930.924	1931.500	2624	0	0
2022.04.24	20:00:00	1932.305	1934.435	1929.527	1932.663	4920	0	0
2022.04.25	00:00:00	1932.661	1932.726	1921.616	1924.115	18871	0	0
2022.04.25	04:00:00	1924.110	1924.395	1911.980	1915.477	24664	0	0
2022.04.25	08:00:00	1915.482	1921.124	1905.109	1907.547	23926	0	0
2022.04.25	12:00:00	1907.545	1909.681	1891.134	1895.729	45972	0	0
2022.04.25	16:00:00	1895.759	1902.518	1894.441	1897.879	22566	0	0
2022.04.25	20:00:00	1897.909	1900.582	1897.135	1899.390	6708	0	0
2022.04.26	00:00:00	1899.375	1905.007	1897.146	1902.231	18141	0	0
2022.04.26	04:00:00	1902.221	1907.370	1895.449	1896.721	20180	0	0
2022.04.26	08:00:00	1896.688	1909.407	1896.073	1903.476	18954	0	0
2022.04.26	12:00:00	1903.510	1911.179	1900.377	1901.670	35592	0	0
2022.04.26	16:00:00	1901.620	1905.195	1896.461	1900.924	18933	0	0
2022.04.26	20:00:00	1900.960	1906.981	1900.851	1906.528	7802	0	0
2022.04.27	00:00:00	1906.529	1906.789	1896.730	1899.066	15537	0	0
2022.04.27	04:00:00	1899.093	1903.138	1895.746	1897.286	17946	0	0
2022.04.27	08:00:00	1897.564	1901.330	1885.925	1900.400	23188	0	0
2022.04.27	12:00:00	1900.399	1906.773	1881.037	1884.964	40607	0	0
2022.04.27	16:00:00	1884.967	1891.474	1884.773	1886.356	18324	0	0
2022.04.27	20:00:00	1886.389	1886.453	1883.234	1885.633	5388	0	0
2022.04.28	00:00:00	1885.625	1886.756	1877.521	1878.907	14978	0	0
2022.04.28	04:00:00	1878.903	1886.482	1871.900	1884.956	20801	0	0
2022.04.28	08:00:00	1884.955	1891.751	1879.953	1886.237	23664	0	0
2022.04.28	12:00:00	1886.191	1895.048	1881.884	1885.857	39989	0	0
2022.04.28	16:00:00	1885.829	1896.735	1884.787	1896.035	17506	0	0
2022.04.28	20:00:00	1896.004	1896.251	1892.536	1895.515	5120	0	0
2022.04.29	00:00:00	1895.526	1905.482	1894.954	1904.330	15730	0	0
2022.04.29	04:00:00	1904.329	1917.633	1903.461	1917.147	19157	0	0
2022.04.29	08:00:00	1917.257	1919.729	1912.857	1919.470	17552	0	0
2022.04.29	12:00:00	1919.502	1919.762	1902.480	1909.629	36819	0	0
2022.04.29	16:00:00	1909.622	1911.528	1894.415	1896.566	19727	0	0
2022.04.29	20:00:00	1896.533	1897.748	1895.409	1896.720	3186	0	0
2022.05.01	20:00:00	1899.389	1899.899	1896.106	1897.236	6224	0	0
2022.05.02	00:00:00	1897.206	1898.451	1884.099	1888.587	16015	0	0
2022.05.02	04:00:00	1888.580	1888.580	1882.716	1884.317	15680	0	0
2022.05.02	08:00:00	1884.283	1885.483	1875.763	1876.082	15704	0	0
2022.05.02	12:00:00	1876.049	1876.624	1854.428	1870.099	39930	0	0
2022.05.02	16:00:00	1870.107	1870.200	1859.946	1861.822	18781	0	0
2022.05.02	20:00:00	1861.791	1864.250	1861.287	1863.149	4129	0	0
2022.05.03	00:00:00	1863.117	1867.101	1859.537	1862.593	11199	0	0
2022.05.03	04:00:00	1862.590	1864.577	1853.426	1855.620	17904	0	0
2022.05.03	08:00:00	1855.651	1863.941	1850.192	1863.885	16817	0	0
2022.05.03	12:00:00	1863.815	1877.892	1856.728	1871.597	31630	0	0
2022.05.03	16:00:00	1871.562	1872.435	1865.266	1866.179	17478	0	0
2022.05.03	20:00:00	1866.147	1869.444	1865.705	1868.330	5173	0	0
2022.05.04	00:00:00	1868.298	1868.409	1861.616	1864.712	10278	0	0
2022.05.04	04:00:00	1864.680	1871.852	1861.388	1870.811	11862	0	0
2022.05.04	08:00:00	1870.842	1872.038	1865.931	1868.920	12614	0	0
2022.05.04	12:00:00	1868.904	1870.877	1861.459	1868.596	25533	0	0
2022.05.04	16:00:00	1868.566	1889.724	1861.720	1883.929	51529	0	0
2022.05.04	20:00:00	1883.898	1894.144	1881.134	1893.782	8480	0	0
2022.05.05	00:00:00	1893.821	1903.279	1893.033	1901.238	18358	0	0
2022.05.05	04:00:00	1901.216	1902.189	1891.502	1895.029	17250	0	0
2022.05.05	08:00:00	1894.998	1900.079	1889.495	1897.348	20516	0	0
2022.05.05	12:00:00	1897.314	1909.551	1874.307	1875.037	47688	0	0
2022.05.05	16:00:00	1875.005	1880.980	1872.327	1877.935	25439	0	0
2022.05.05	20:00:00	1877.972	1879.295	1874.048	1874.231	6433	0	0
2022.05.06	00:00:00	1874.199	1877.380	1865.888	1876.916	19969	0	0
2022.05.06	04:00:00	1876.917	1877.883	1873.048	1874.063	15789	0	0
2022.05.06	08:00:00	1874.094	1885.529	1873.120	1881.765	17873	0	0
2022.05.06	12:00:00	1881.796	1892.504	1874.148	1886.444	40539	0	0
2022.05.06	16:00:00	1886.433	1889.825	1880.648	1881.084	19386	0	0
2022.05.06	20:00:00	1881.053	1883.654	1880.404	1883.631	2198	0	0
2022.05.08	20:00:00	1883.561	1885.697	1879.889	1881.256	5207	0	0
2022.05.09	00:00:00	1881.244	1882.073	1873.617	1874.966	15659	0	0
2022.05.09	04:00:00	1874.978	1876.229	1866.286	1869.764	16755	0	0
2022.05.09	08:00:00	1869.733	1872.132	1855.871	1860.457	21388	0	0
2022.05.09	12:00:00	1860.425	1871.383	1857.760	1861.271	33978	0	0
2022.05.09	16:00:00	1861.290	1866.015	1852.607	1853.507	22159	0	0
2022.05.09	20:00:00	1853.475	1854.822	1851.677	1854.636	6605	0	0
2022.05.10	00:00:00	1854.605	1864.376	1852.526	1864.338	18947	0	0
2022.05.10	04:00:00	1864.326	1865.301	1859.343	1859.534	18501	0	0
2022.05.10	08:00:00	1859.502	1865.049	1856.168	1860.345	18482	0	0
2022.05.10	12:00:00	1860.376	1864.522	1841.314	1844.298	34606	0	0
2022.05.10	16:00:00	1844.258	1847.382	1835.392	1836.882	25200	0	0
2022.05.10	20:00:00	1836.920	1840.526	1833.108	1833.584	7663	0	0
2022.05.11	00:00:00	1833.614	1839.802	1831.974	1836.457	14946	0	0
2022.05.11	04:00:00	1836.427	1850.776	1835.891	1848.677	18914	0	0
2022.05.11	08:00:00	1848.697	1854.172	1846.685	1850.316	14608	0	0
2022.05.11	12:00:00	1850.285	1857.973	1834.797	1852.242	52769	0	0
2022.05.11	16:00:00	1852.257	1856.439	1850.022	1853.020	23790	0	0
2022.05.11	20:00:00	1853.051	1856.153	1850.948	1854.064	4708	0	0
2022.05.12	00:00:00	1854.063	1858.745	1851.790	1852.977	15944	0	0
2022.05.12	04:00:00	1852.997	1854.110	1843.757	1850.809	22197	0	0
2022.05.12	08:00:00	1850.778	1852.323	1839.881	1842.461	28453	0	0
2022.05.12	12:00:00	1842.430	1849.083	1833.205	1835.574	35544	0	0
2022.05.12	16:00:00	1835.543	1837.146	1821.446	1823.954	24542	0	0
2022.05.12	20:00:00	1823.921	1823.921	1810.519	1821.379	11540	0	0
2022.05.13	00:00:00	1821.414	1827.015	1820.854	1824.900	16855	0	0
2022.05.13	04:00:00	1824.873	1828.472	1821.008	1824.247	16543	0	0
2022.05.13	08:00:00	1824.271	1826.576	1812.712	1813.911	17490	0	0
2022.05.13	12:00:00	1813.881	1818.457	1798.810	1809.006	35618	0	0
2022.05.13	16:00:00	1809.039	1813.028	1806.865	1809.714	17302	0	0
2022.05.13	20:00:00	1809.679	1812.333	1809.071	1811.491	1704	0	0
2022.05.15	20:00:00	1813.943	1814.561	1809.718	1813.161	5868	0	0
2022.05.16	00:00:00	1813.190	1817.573	1809.540	1810.736	17094	0	0
2022.05.16	04:00:00	1810.742	1811.259	1786.381	1792.949	20090	0	0
2022.05.16	08:00:00	1792.918	1807.306	1792.650	1800.502	20785	0	0
2022.05.16	12:00:00	1800.485	1815.685	1798.075	1813.788	28314	0	0
2022.05.16	16:00:00	1813.820	1826.863	1811.859	1826.283	17331	0	0
2022.05.16	20:00:00	1826.315	1829.184	1822.097	1826.353	6243	0	0
2022.05.17	00:00:00	1826.388	1828.897	1821.832	1822.632	14639	0	0
2022.05.17	04:00:00	1822.631	1830.230	1822.617	1824.102	13511	0	0
2022.05.17	08:00:00	1824.071	1836.051	1823.696	1834.589	17831	0	0
2022.05.17	12:00:00	1834.583	1835.872	1817.846	1818.715	30108	0	0
2022.05.17	16:00:00	1818.688	1823.124	1813.625	1815.944	20965	0	0
2022.05.17	20:00:00	1815.913	1816.254	1812.886	1814.521	5763	0	0
2022.05.18	00:00:00	1814.490	1817.122	1807.678	1808.478	14065	0	0
2022.05.18	04:00:00	1808.465	1816.550	1807.889	1815.543	14230	0	0
2022.05.18	08:00:00	1815.531	1820.403	1807.507	1808.841	15805	0	0
2022.05.18	12:00:00	1808.872	1824.673	1807.231	1823.412	28653	0	0
2022.05.18	16:00:00	1823.442	1823.599	1815.332	1816.136	17602	0	0
2022.05.18	20:00:00	1816.106	1817.351	1815.364	1816.015	5736	0	0
2022.05.19	00:00:00	1816.029	1817.682	1813.877	1816.055	13390	0	0
2022.05.19	04:00:00	1816.065	1817.358	1810.833	1813.166	14720	0	0
2022.05.19	08:00:00	1813.165	1832.347	1810.919	1830.476	22755	0	0
2022.05.19	12:00:00	1830.453	1849.115	1827.345	1842.335	37453	0	0
2022.05.19	16:00:00	1842.366	1844.075	1839.898	1842.663	17637	0	0
2022.05.19	20:00:00	1842.696	1844.500	1840.896	1842.072	5143	0	0
2022.05.20	00:00:00	1842.064	1843.290	1836.471	1841.564	12772	0	0
2022.05.20	04:00:00	1841.571	1849.365	1840.957	1844.123	16683	0	0
2022.05.20	08:00:00	1844.090	1847.773	1841.154	1842.480	15111	0	0
2022.05.20	12:00:00	1842.463	1846.701	1832.312	1842.426	29022	0	0
2022.05.20	16:00:00	1842.395	1845.418	1839.589	1844.646	15430	0	0
2022.05.20	20:00:00	1844.615	1846.556	1844.449	1846.487	1579	0	0
2022.05.22	20:00:00	1848.976	1849.587	1843.478	1846.283	5062	0	0
2022.05.23	00:00:00	1846.284	1854.883	1845.756	1854.336	13158	0	0
2022.05.23	04:00:00	1854.339	1858.086	1851.954	1856.452	14312	0	0
2022.05.23	08:00:00	1856.433	1865.372	1855.988	1862.192	16945	0	0
2022.05.23	12:00:00	1862.218	1864.520	1850.474	1851.941	25950	0	0
2022.05.23	16:00:00	1851.926	1858.757	1847.034	1853.017	12937	0	0
2022.05.23	20:00:00	1853.055	1854.992	1852.904	1853.883	3785	0	0
2022.05.24	00:00:00	1853.919	1855.886	1849.303	1855.731	10486	0	0
2022.05.24	04:00:00	1855.733	1860.048	1850.392	1860.048	13007	0	0
2022.05.24	08:00:00	1860.111	1860.611	1854.606	1858.062	12184	0	0
2022.05.24	12:00:00	1858.076	1869.619	1854.011	1869.207	27568	0	0
2022.05.24	16:00:00	1869.190	1869.656	1862.716	1866.833	13141	0	0
2022.05.24	20:00:00	1866.797	1867.824	1864.906	1867.329	4290	0	0
2022.05.25	00:00:00	1867.361	1867.995	1859.557	1862.575	11434	0	0
2022.05.25	04:00:00	1862.612	1863.320	1855.882	1858.580	11429	0	0
2022.05.25	08:00:00	1858.575	1860.029	1851.056	1855.080	13951	0	0
2022.05.25	12:00:00	1855.127	1857.091	1841.300	1845.805	25298	0	0
2022.05.25	16:00:00	1845.782	1856.285	1843.264	1855.080	16049	0	0
2022.05.25	20:00:00	1855.113	1855.302	1852.763	1853.974	4178	0	0
2022.05.26	00:00:00	1853.944	1854.260	1848.847	1850.795	11512	0	0
2022.05.26	04:00:00	1850.799	1851.508	1842.656	1847.872	15071	0	0
2022.05.26	08:00:00	1847.840	1849.683	1840.804	1846.552	15755	0	0
2022.05.26	12:00:00	1846.530	1853.406	1841.332	1846.418	24820	0	0
2022.05.26	16:00:00	1846.451	1853.711	1846.062	1852.037	12042	0	0
2022.05.26	20:00:00	1852.071	1853.713	1850.208	1852.779	3904	0	0
2022.05.27	00:00:00	1852.748	1856.391	1847.933	1854.508	13180	0	0
2022.05.27	04:00:00	1854.503	1858.659	1851.913	1858.269	11556	0	0
2022.05.27	08:00:00	1858.299	1860.399	1856.674	1858.272	13652	0	0
2022.05.27	12:00:00	1858.304	1862.113	1850.393	1854.659	27560	0	0
2022.05.27	16:00:00	1854.676	1854.998	1851.958	1853.383	10032	0	0
2022.05.27	20:00:00	1853.419	1854.411	1852.651	1853.024	1193	0	0
2022.05.29	20:00:00	1852.618	1853.909	1848.158	1849.849	3394	0	0
2022.05.30	00:00:00	1849.872	1860.867	1848.661	1860.564	12018	0	0
2022.05.30	04:00:00	1860.562	1863.953	1858.415	1858.669	12403	0	0
2022.05.30	08:00:00	1858.677	1860.060	1854.115	1854.421	11397	0	0
2022.05.30	12:00:00	1854.410	1861.061	1854.031	1855.659	12814	0	0
2022.05.30	16:00:00	1855.628	1856.808	1855.164	1855.265	1926	0	0
2022.05.30	20:00:00	1855.907	1856.885	1851.813	1852.384	3113	0	0
2022.05.31	00:00:00	1852.416	1852.984	1845.564	1852.198	14372	0	0
2022.05.31	04:00:00	1852.196	1856.160	1850.871	1854.747	12071	0	0
2022.05.31	08:00:00	1854.744	1857.070	1844.516	1848.805	15885	0	0
2022.05.31	12:00:00	1848.766	1855.380	1839.843	1843.613	29916	0	0
2022.05.31	16:00:00	1843.587	1846.223	1835.015	1836.037	15288	0	0
2022.05.31	20:00:00	1836.006	1838.427	1835.387	1836.404	5319	0	0
2022.06.01	00:00:00	1836.437	1837.954	1833.268	1836.720	13728	0	0
2022.06.01	04:00:00	1836.721	1836.819	1829.502	1833.685	14846	0	0
2022.06.01	08:00:00	1833.681	1837.121	1828.429	1829.712	14974	0	0
2022.06.01	12:00:00	1829.679	1849.048	1828.900	1845.561	33759	0	0
2022.06.01	16:00:00	1845.593	1849.923	1844.686	1847.203	14613	0	0
2022.06.01	20:00:00	1847.235	1847.776	1845.376	1845.949	4201	0	0
2022.06.02	00:00:00	1845.953	1848.917	1844.074	1844.785	10921	0	0
2022.06.02	04:00:00	1844.816	1853.267	1844.065	1851.159	12213	0	0
2022.06.02	08:00:00	1851.160	1856.947	1850.538	1855.817	12168	0	0
2022.06.02	12:00:00	1855.851	1869.698	1850.852	1867.937	32174	0	0
2022.06.02	16:00:00	1867.914	1870.360	1866.424	1869.581	11541	0	0
2022.06.02	20:00:00	1869.612	1870.543	1868.003	1869.855	3896	0	0
2022.06.03	00:00:00	1869.886	1873.967	1867.740	1868.865	10998	0	0
2022.06.03	04:00:00	1868.832	1869.165	1864.156	1864.605	10374	0	0
2022.06.03	08:00:00	1864.572	1867.842	1863.310	1863.747	11176	0	0
2022.06.03	12:00:00	1863.780	1866.884	1851.596	1851.884	30579	0	0
2022.06.03	16:00:00	1851.851	1851.851	1847.249	1850.659	12662	0	0
2022.06.03	20:00:00	1850.627	1851.623	1850.004	1850.960	1597	0	0
2022.06.05	20:00:00	1850.955	1853.237	1850.103	1851.478	2805	0	0
2022.06.06	00:00:00	1851.480	1856.249	1850.413	1856.078	11313	0	0
2022.06.06	04:00:00	1856.073	1856.626	1851.524	1852.203	10865	0	0
2022.06.06	08:00:00	1852.234	1855.517	1850.930	1853.812	12471	0	0
2022.06.06	12:00:00	1853.820	1857.898	1841.781	1843.508	23078	0	0
2022.06.06	16:00:00	1843.538	1844.052	1840.639	1842.092	11484	0	0
2022.06.06	20:00:00	1842.060	1842.463	1837.957	1839.385	4646	0	0
2022.06.07	00:00:00	1839.404	1842.484	1836.939	1840.163	12429	0	0
2022.06.07	04:00:00	1840.154	1846.173	1838.426	1842.060	13329	0	0
2022.06.07	08:00:00	1842.050	1851.875	1842.050	1847.236	13909	0	0
2022.06.07	12:00:00	1847.198	1853.522	1842.341	1851.346	22992	0	0
2022.06.07	16:00:00	1851.352	1855.484	1848.709	1854.328	11908	0	0
2022.06.07	20:00:00	1854.332	1854.587	1851.126	1853.566	4921	0	0
2022.06.08	00:00:00	1853.569	1853.728	1846.724	1846.762	12145	0	0
2022.06.08	04:00:00	1846.760	1851.266	1845.722	1849.944	11565	0	0
2022.06.08	08:00:00	1849.950	1851.683	1846.688	1851.501	12922	0	0
2022.06.08	12:00:00	1851.470	1859.610	1844.488	1858.383	22401	0	0
2022.06.08	16:00:00	1858.353	1858.823	1852.025	1852.431	11214	0	0
2022.06.08	20:00:00	1852.468	1854.389	1848.910	1852.692	4164	0	0
2022.06.09	00:00:00	1852.695	1855.255	1850.854	1855.058	10495	0	0
2022.06.09	04:00:00	1855.026	1855.172	1848.946	1850.043	12243	0	0
2022.06.09	08:00:00	1850.077	1850.889	1844.603	1846.164	14666	0	0
2022.06.09	12:00:00	1846.196	1852.433	1840.008	1845.726	27693	0	0
2022.06.09	16:00:00	1845.696	1850.467	1845.069	1846.962	12693	0	0
2022.06.09	20:00:00	1846.993	1848.184	1846.243	1846.918	3625	0	0
2022.06.10	00:00:00	1846.945	1848.212	1844.495	1844.763	10227	0	0
2022.06.10	04:00:00	1844.778	1847.568	1843.142	1845.488	12316	0	0
2022.06.10	08:00:00	1845.489	1846.881	1833.542	1834.881	15468	0	0
2022.06.10	12:00:00	1834.862	1867.746	1825.079	1867.268	54453	0	0
2022.06.10	16:00:00	1867.300	1875.847	1865.927	1872.124	21064	0	0
2022.06.10	20:00:00	1872.094	1872.377	1870.422	1871.532	1914	0	0
2022.06.12	20:00:00	1878.070	1878.832	1874.666	1876.949	6102	0	0
2022.06.13	00:00:00	1876.930	1877.351	1860.171	1863.518	18309	0	0
2022.06.13	04:00:00	1863.485	1867.165	1855.594	1857.213	17320	0	0
2022.06.13	08:00:00	1857.192	1858.935	1852.666	1854.709	20028	0	0
2022.06.13	12:00:00	1854.741	1857.630	1823.264	1828.955	45616	0	0
2022.06.13	16:00:00	1828.956	1833.543	1819.266	1822.772	25432	0	0
2022.06.13	20:00:00	1822.741	1823.689	1809.140	1821.013	11556	0	0
2022.06.14	00:00:00	1820.980	1827.986	1819.243	1825.389	17463	0	0
2022.06.14	04:00:00	1825.391	1831.570	1823.940	1827.903	18434	0	0
2022.06.14	08:00:00	1827.900	1830.172	1816.020	1817.195	24163	0	0
2022.06.14	12:00:00	1817.177	1822.572	1809.397	1810.431	35984	0	0
2022.06.14	16:00:00	1810.399	1814.642	1805.064	1808.432	19632	0	0
2022.06.14	20:00:00	1808.391	1811.006	1806.686	1810.902	7546	0	0
2022.06.15	00:00:00	1810.872	1819.262	1808.642	1815.604	15660	0	0
2022.06.15	04:00:00	1815.639	1824.004	1813.225	1820.753	18484	0	0
2022.06.15	08:00:00	1820.765	1835.504	1817.360	1831.054	22467	0	0
2022.06.15	12:00:00	1831.084	1836.474	1818.627	1821.252	35428	0	0
2022.06.15	16:00:00	1821.274	1841.828	1813.637	1831.763	50415	0	0
2022.06.15	20:00:00	1831.799	1835.543	1831.235	1833.827	8642	0	0
2022.06.16	00:00:00	1833.811	1836.433	1829.728	1832.759	15193	0	0
2022.06.16	04:00:00	1832.735	1833.494	1826.464	1830.238	18148	0	0
2022.06.16	08:00:00	1830.231	1836.060	1815.391	1819.165	29231	0	0
2022.06.16	12:00:00	1819.197	1846.862	1819.197	1845.261	37100	0	0
2022.06.16	16:00:00	1845.293	1852.702	1844.590	1852.221	22745	0	0
2022.06.16	20:00:00	1852.191	1857.493	1849.856	1850.809	8022	0	0
2022.06.17	00:00:00	1850.821	1851.456	1841.629	1842.158	17720	0	0
2022.06.17	04:00:00	1842.163	1849.985	1841.929	1848.678	16419	0	0
2022.06.17	08:00:00	1848.690	1852.496	1844.511	1847.855	19908	0	0
2022.06.17	12:00:00	1847.884	1852.917	1836.653	1841.135	37232	0	0
2022.06.17	16:00:00	1841.165	1842.333	1833.817	1836.961	15879	0	0
2022.06.17	20:00:00	1836.994	1841.862	1836.343	1840.248	1943	0	0
2022.06.19	20:00:00	1836.197	1840.320	1834.725	1838.432	5130	0	0
2022.06.20	00:00:00	1838.436	1846.093	1835.153	1843.852	16566	0	0
2022.06.20	04:00:00	1843.858	1845.049	1839.351	1839.996	13303	0	0
2022.06.20	08:00:00	1839.982	1843.735	1836.444	1838.017	13705	0	0
2022.06.20	12:00:00	1838.047	1843.124	1835.914	1838.235	14540	0	0
2022.06.20	16:00:00	1838.232	1838.428	1835.472	1835.725	2273	0	0
2022.06.20	20:00:00	1838.122	1839.124	1837.199	1839.091	3365	0	0
2022.06.21	00:00:00	1839.053	1842.357	1838.539	1840.238	11753	0	0
2022.06.21	04:00:00	1840.207	1840.675	1832.472	1838.382	13912	0	0
2022.06.21	08:00:00	1838.358	1838.450	1830.783	1833.492	16893	0	0
2022.06.21	12:00:00	1833.522	1843.581	1832.731	1835.207	26415	0	0
2022.06.21	16:00:00	1835.175	1837.035	1828.531	1830.592	13674	0	0
2022.06.21	20:00:00	1830.623	1834.755	1829.085	1831.320	7758	0	0
2022.06.22	00:00:00	1831.288	1831.530	1825.571	1827.559	14890	0	0
2022.06.22	04:00:00	1827.545	1830.177	1823.772	1826.724	15614	0	0
2022.06.22	08:00:00	1826.755	1842.758	1823.291	1836.321	19245	0	0
2022.06.22	12:00:00	1836.354	1847.815	1835.286	1837.982	35306	0	0
2022.06.22	16:00:00	1837.980	1841.676	1835.696	1837.687	13429	0	0
2022.06.22	20:00:00	1837.718	1838.366	1836.227	1836.562	4540	0	0
2022.06.23	00:00:00	1836.593	1838.687	1832.389	1832.776	14073	0	0
2022.06.23	04:00:00	1832.751	1838.067	1831.038	1837.857	14920	0	0
2022.06.23	08:00:00	1837.890	1837.965	1823.862	1829.359	17828	0	0
2022.06.23	12:00:00	1829.326	1846.058	1828.431	1833.173	30825	0	0
2022.06.23	16:00:00	1833.165	1834.530	1822.481	1826.361	19410	0	0
2022.06.23	20:00:00	1826.394	1826.394	1822.588	1824.582	5378	0	0
2022.06.24	00:00:00	1824.585	1826.426	1821.660	1825.191	14047	0	0
2022.06.24	04:00:00	1825.152	1831.621	1821.152	1830.064	15982	0	0
2022.06.24	08:00:00	1830.055	1830.123	1822.098	1824.874	16705	0	0
2022.06.24	12:00:00	1824.881	1831.272	1816.879	1827.058	33606	0	0
2022.06.24	16:00:00	1827.017	1830.857	1823.533	1824.113	12260	0	0
2022.06.24	20:00:00	1824.082	1827.606	1824.082	1827.100	1525	0	0
2022.06.26	20:00:00	1836.268	1836.298	1829.990	1831.005	7001	0	0
2022.06.27	00:00:00	1830.973	1836.843	1828.189	1834.879	13630	0	0
2022.06.27	04:00:00	1834.855	1840.818	1834.324	1834.937	13957	0	0
2022.06.27	08:00:00	1834.907	1840.461	1833.314	1833.815	15101	0	0
2022.06.27	12:00:00	1833.852	1834.539	1820.729	1825.101	26406	0	0
2022.06.27	16:00:00	1825.089	1826.999	1821.834	1822.494	14241	0	0
2022.06.27	20:00:00	1822.528	1823.589	1821.631	1823.494	4635	0	0
2022.06.28	00:00:00	1823.506	1826.418	1822.365	1825.923	10920	0	0
2022.06.28	04:00:00	1825.930	1829.129	1824.769	1826.941	11901	0	0
2022.06.28	08:00:00	1826.908	1829.452	1820.212	1825.493	14684	0	0
2022.06.28	12:00:00	1825.463	1826.754	1818.583	1820.706	24155	0	0
2022.06.28	16:00:00	1820.722	1823.725	1818.328	1819.673	13267	0	0
2022.06.28	20:00:00	1819.641	1820.890	1818.256	1818.377	4696	0	0
2022.06.29	00:00:00	1818.347	1822.909	1818.327	1820.709	9481	0	0
2022.06.29	04:00:00	1820.721	1822.388	1815.767	1816.827	14865	0	0
2022.06.29	08:00:00	1816.821	1827.326	1811.898	1824.925	17554	0	0
2022.06.29	12:00:00	1824.893	1833.030	1814.853	1818.504	31688	0	0
2022.06.29	16:00:00	1818.535	1819.635	1815.627	1818.380	11281	0	0
2022.06.29	20:00:00	1818.413	1819.218	1817.180	1818.883	4524	0	0
2022.06.30	00:00:00	1818.896	1821.913	1817.172	1817.322	10207	0	0
2022.06.30	04:00:00	1817.314	1817.792	1812.024	1815.056	13469	0	0
2022.06.30	08:00:00	1815.025	1817.020	1802.627	1805.321	17969	0	0
2022.06.30	12:00:00	1805.282	1825.133	1802.723	1814.309	37488	0	0
2022.06.30	16:00:00	1814.275	1814.797	1805.415	1806.888	15920	0	0
2022.06.30	20:00:00	1806.854	1807.549	1804.524	1806.548	5775	0	0
2022.07.01	00:00:00	1806.552	1807.215	1801.130	1801.388	13912	0	0
2022.07.01	04:00:00	1801.420	1803.092	1792.033	1794.641	19120	0	0
2022.07.01	08:00:00	1794.660	1797.002	1784.947	1790.470	21231	0	0
2022.07.01	12:00:00	1790.439	1808.807	1784.473	1806.292	40474	0	0
2022.07.01	16:00:00	1806.322	1809.304	1797.847	1805.313	15706	0	0
2022.07.01	20:00:00	1805.344	1809.394	1805.344	1809.341	1658	0	0
2022.07.03	20:00:00	1810.342	1810.937	1808.034	1808.071	4033	0	0
2022.07.04	00:00:00	1808.062	1814.091	1805.487	1811.416	13271	0	0
2022.07.04	04:00:00	1811.414	1813.405	1808.198	1808.785	11786	0	0
2022.07.04	08:00:00	1808.754	1809.239	1803.948	1805.246	12240	0	0
2022.07.04	12:00:00	1805.231	1810.861	1805.065	1806.483	13747	0	0
2022.07.04	16:00:00	1806.516	1807.134	1805.466	1806.942	2021	0	0
2022.07.04	20:00:00	1807.669	1809.840	1807.274	1809.285	3374	0	0
2022.07.05	00:00:00	1809.287	1812.081	1806.523	1810.846	11854	0	0
2022.07.05	04:00:00	1810.814	1812.037	1805.501	1806.113	13468	0	0
2022.07.05	08:00:00	1806.098	1806.098	1797.454	1798.110	18022	0	0
2022.07.05	12:00:00	1798.140	1804.692	1765.012	1768.910	42641	0	0
2022.07.05	16:00:00	1768.937	1771.267	1763.729	1766.951	17745	0	0
2022.07.05	20:00:00	1766.920	1770.029	1764.896	1769.527	5861	0	0
2022.07.06	00:00:00	1769.524	1772.784	1768.281	1769.207	15297	0	0
2022.07.06	04:00:00	1769.201	1770.234	1763.037	1767.813	19084	0	0
2022.07.06	08:00:00	1767.805	1771.787	1760.065	1763.197	18348	0	0
2022.07.06	12:00:00	1763.166	1767.914	1732.553	1733.709	42684	0	0
2022.07.06	16:00:00	1733.696	1743.860	1732.221	1739.363	23544	0	0
2022.07.06	20:00:00	1739.403	1740.755	1738.228	1739.958	5592	0	0
2022.07.07	00:00:00	1739.989	1746.914	1736.482	1745.810	14639	0	0
2022.07.07	04:00:00	1745.809	1747.652	1741.189	1744.641	14451	0	0
2022.07.07	08:00:00	1744.622	1745.228	1740.026	1743.669	17307	0	0
2022.07.07	12:00:00	1743.674	1748.998	1737.937	1739.785	27564	0	0
2022.07.07	16:00:00	1739.798	1742.977	1738.665	1740.657	11429	0	0
2022.07.07	20:00:00	1740.693	1741.819	1738.882	1741.722	3961	0	0
2022.07.08	00:00:00	1741.754	1746.560	1740.630	1742.435	13115	0	0
2022.07.08	04:00:00	1742.430	1743.835	1733.100	1736.521	14704	0	0
2022.07.08	08:00:00	1736.523	1743.304	1734.821	1740.913	15945	0	0
2022.07.08	12:00:00	1740.915	1752.349	1732.813	1742.414	36813	0	0
2022.07.08	16:00:00	1742.448	1744.488	1740.526	1741.286	11393	0	0
2022.07.08	20:00:00	1741.317	1742.697	1741.197	1742.249	1361	0	0
2022.07.10	20:00:00	1741.119	1744.589	1740.873	1741.965	3889	0	0
2022.07.11	00:00:00	1741.998	1743.548	1738.474	1742.585	14594	0	0
2022.07.11	04:00:00	1742.584	1742.734	1735.926	1736.735	13463	0	0
2022.07.11	08:00:00	1736.733	1739.915	1733.596	1734.874	13455	0	0
2022.07.11	12:00:00	1734.844	1742.646	1734.110	1738.033	23367	0	0
2022.07.11	16:00:00	1738.065	1738.161	1731.223	1732.196	11641	0	0
2022.07.11	20:00:00	1732.164	1734.450	1732.000	1733.238	3633	0	0
2022.07.12	00:00:00	1733.236	1743.940	1723.036	1733.390	21316	0	0
2022.07.12	04:00:00	1733.359	1737.758	1725.504	1734.293	16918	0	0
2022.07.12	08:00:00	1734.261	1739.355	1731.501	1735.463	17365	0	0
2022.07.12	12:00:00	1735.499	1736.815	1726.073	1731.889	25997	0	0
2022.07.12	16:00:00	1731.919	1732.461	1724.491	1725.649	13348	0	0
2022.07.12	20:00:00	1725.676	1726.392	1724.880	1725.287	4181	0	0
2022.07.13	00:00:00	1725.317	1728.716	1722.615	1727.209	13889	0	0
2022.07.13	04:00:00	1727.178	1728.327	1722.496	1726.840	15161	0	0
2022.07.13	08:00:00	1726.817	1731.823	1725.284	1729.396	12986	0	0
2022.07.13	12:00:00	1729.419	1745.318	1707.071	1737.430	55168	0	0
2022.07.13	16:00:00	1737.461	1739.987	1732.444	1733.038	20448	0	0
2022.07.13	20:00:00	1733.008	1736.448	1730.080	1731.990	6446	0	0
2022.07.14	00:00:00	1731.972	1733.521	1725.444	1731.992	15305	0	0
2022.07.14	04:00:00	1731.977	1732.268	1714.927	1718.259	19159	0	0
2022.07.14	08:00:00	1718.293	1718.852	1709.888	1713.575	20954	0	0
2022.07.14	12:00:00	1713.613	1714.935	1697.565	1711.474	47602	0	0
2022.07.14	16:00:00	1711.505	1712.275	1704.858	1708.985	21835	0	0
2022.07.14	20:00:00	1709.015	1711.893	1708.838	1711.655	4694	0	0
2022.07.15	00:00:00	1711.692	1716.563	1708.431	1708.439	14788	0	0
2022.07.15	04:00:00	1708.437	1712.274	1700.427	1703.435	18033	0	0
2022.07.15	08:00:00	1703.468	1707.927	1701.194	1704.476	16105	0	0
2022.07.15	12:00:00	1704.508	1714.048	1698.927	1704.644	37386	0	0
2022.07.15	16:00:00	1704.631	1705.797	1703.127	1705.537	11353	0	0
2022.07.15	20:00:00	1705.503	1707.579	1704.857	1707.440	1451	0	0
2022.07.17	20:00:00	1706.571	1710.646	1706.536	1710.292	4179	0	0
2022.07.18	00:00:00	1710.261	1717.681	1707.415	1715.988	12522	0	0
2022.07.18	04:00:00	1715.974	1720.611	1711.851	1718.692	14591	0	0
2022.07.18	08:00:00	1718.690	1723.834	1712.962	1715.462	15339	0	0
2022.07.18	12:00:00	1715.499	1721.247	1708.853	1710.446	27287	0	0
2022.07.18	16:00:00	1710.478	1712.837	1706.616	1707.425	13263	0	0
2022.07.18	20:00:00	1707.455	1710.116	1706.816	1708.215	4735	0	0
2022.07.19	00:00:00	1708.198	1709.603	1705.300	1709.426	11132	0	0
2022.07.19	04:00:00	1709.410	1711.612	1707.327	1711.612	13818	0	0
2022.07.19	08:00:00	1711.582	1718.373	1710.745	1713.996	15269	0	0
2022.07.19	12:00:00	1713.999	1715.253	1708.498	1714.320	22964	0	0
2022.07.19	16:00:00	1714.351	1714.443	1709.710	1712.103	11129	0	0
2022.07.19	20:00:00	1712.072	1712.364	1709.528	1709.954	4061	0	0
2022.07.20	00:00:00	1709.924	1713.344	1709.515	1712.091	10418	0	0
2022.07.20	04:00:00	1712.080	1713.380	1705.936	1707.463	12667	0	0
2022.07.20	08:00:00	1707.474	1713.933	1706.327	1708.162	14343	0	0
2022.07.20	12:00:00	1708.157	1714.476	1706.273	1707.864	24151	0	0
2022.07.20	16:00:00	1707.856	1707.972	1695.577	1695.695	16879	0	0
2022.07.20	20:00:00	1695.729	1697.316	1692.191	1695.406	5441	0	0
2022.07.21	00:00:00	1695.357	1695.433	1689.786	1691.452	12541	0	0
2022.07.21	04:00:00	1691.450	1693.796	1684.710	1689.465	14113	0	0
2022.07.21	08:00:00	1689.450	1689.512	1680.811	1684.834	17088	0	0
2022.07.21	12:00:00	1684.839	1718.321	1683.776	1713.188	53657	0	0
2022.07.21	16:00:00	1713.189	1719.896	1710.394	1719.629	14328	0	0
2022.07.21	20:00:00	1719.598	1720.269	1717.039	1718.076	5730	0	0
2022.07.22	00:00:00	1718.046	1719.011	1712.809	1713.575	11088	0	0
2022.07.22	04:00:00	1713.583	1720.426	1713.073	1716.200	13637	0	0
2022.07.22	08:00:00	1716.233	1730.139	1715.983	1728.487	18569	0	0
2022.07.22	12:00:00	1728.519	1739.229	1722.143	1731.030	32317	0	0
2022.07.22	16:00:00	1731.062	1731.310	1720.387	1724.079	17466	0	0
2022.07.22	20:00:00	1724.111	1727.716	1723.490	1727.469	1848	0	0
2022.07.24	20:00:00	1726.250	1727.089	1724.282	1724.673	3980	0	0
2022.07.25	00:00:00	1724.676	1728.844	1719.868	1727.458	13282	0	0
2022.07.25	04:00:00	1727.463	1729.138	1723.738	1725.593	13345	0	0
2022.07.25	08:00:00	1725.626	1736.012	1725.317	1725.973	15763	0	0
2022.07.25	12:00:00	1726.005	1727.395	1714.721	1716.407	23585	0	0
2022.07.25	16:00:00	1716.406	1721.323	1715.466	1719.030	11377	0	0
2022.07.25	20:00:00	1719.060	1719.790	1717.972	1718.990	4028	0	0
2022.07.26	00:00:00	1719.030	1728.145	1718.705	1724.049	12766	0	0
2022.07.26	04:00:00	1724.033	1727.866	1721.018	1724.791	12192	0	0
2022.07.26	08:00:00	1724.759	1725.755	1716.109	1717.759	15155	0	0
2022.07.26	12:00:00	1717.790	1721.827	1713.605	1716.934	23565	0	0
2022.07.26	16:00:00	1716.965	1720.183	1716.249	1717.588	11740	0	0
2022.07.26	20:00:00	1717.558	1718.582	1716.852	1717.929	4454	0	0
2022.07.27	00:00:00	1717.896	1720.100	1715.767	1716.733	10376	0	0
2022.07.27	04:00:00	1716.731	1721.673	1713.648	1719.734	11441	0	0
2022.07.27	08:00:00	1719.769	1725.118	1719.631	1720.594	12894	0	0
2022.07.27	12:00:00	1720.606	1723.161	1711.358	1718.826	20602	0	0
2022.07.27	16:00:00	1718.840	1740.307	1718.472	1734.421	33022	0	0
2022.07.27	20:00:00	1734.461	1739.875	1733.138	1738.764	7271	0	0
2022.07.28	00:00:00	1738.733	1741.669	1733.993	1736.904	15322	0	0
2022.07.28	04:00:00	1736.935	1744.638	1735.346	1744.232	15607	0	0
2022.07.28	08:00:00	1744.202	1748.472	1737.808	1740.204	18227	0	0
2022.07.28	12:00:00	1740.168	1756.831	1736.077	1752.966	44277	0	0
2022.07.28	16:00:00	1752.952	1755.575	1750.267	1755.299	14849	0	0
2022.07.28	20:00:00	1755.329	1757.039	1754.209	1754.908	5507	0	0
2022.07.29	00:00:00	1754.898	1763.592	1752.660	1762.850	13286	0	0
2022.07.29	04:00:00	1762.855	1767.905	1760.584	1766.440	15842	0	0
2022.07.29	08:00:00	1766.408	1766.408	1756.269	1761.197	16790	0	0
2022.07.29	12:00:00	1761.239	1767.116	1752.116	1765.865	33765	0	0
2022.07.29	16:00:00	1765.884	1766.641	1760.861	1761.378	13597	0	0
2022.07.29	20:00:00	1761.410	1766.289	1761.407	1766.178	2090	0	0
2022.07.31	20:00:00	1765.356	1765.390	1760.893	1762.141	3687	0	0
2022.08.01	00:00:00	1762.172	1765.814	1760.499	1762.018	12636	0	0
2022.08.01	04:00:00	1761.987	1767.374	1758.220	1764.438	12603	0	0
2022.08.01	08:00:00	1764.426	1774.836	1762.276	1772.621	15970	0	0
2022.08.01	12:00:00	1772.648	1775.302	1764.204	1768.765	30553	0	0
2022.08.01	16:00:00	1768.733	1773.374	1766.476	1770.893	12867	0	0
2022.08.01	20:00:00	1770.895	1772.575	1770.769	1772.228	4126	0	0
2022.08.02	00:00:00	1772.261	1780.405	1770.840	1774.618	15036	0	0
2022.08.02	04:00:00	1774.636	1776.077	1768.674	1772.122	14468	0	0
2022.08.02	08:00:00	1772.089	1779.738	1770.392	1778.610	15080	0	0
2022.08.02	12:00:00	1778.604	1787.973	1774.523	1778.061	38988	0	0
2022.08.02	16:00:00	1778.053	1778.326	1760.423	1760.578	20859	0	0
2022.08.02	20:00:00	1760.552	1763.632	1754.784	1756.675	7969	0	0
2022.08.03	00:00:00	1756.669	1769.327	1755.493	1768.895	14931	0	0
2022.08.03	04:00:00	1768.883	1770.596	1764.830	1766.129	14704	0	0
2022.08.03	08:00:00	1766.162	1768.310	1760.232	1765.529	14327	0	0
2022.08.03	12:00:00	1765.508	1772.769	1754.321	1758.447	31547	0	0
2022.08.03	16:00:00	1758.460	1766.192	1757.437	1765.190	12827	0	0
2022.08.03	20:00:00	1765.156	1765.985	1763.254	1763.586	4109	0	0
2022.08.04	00:00:00	1763.617	1771.470	1763.358	1770.731	11020	0	0
2022.08.04	04:00:00	1770.699	1774.763	1769.038	1773.005	12311	0	0
2022.08.04	08:00:00	1772.973	1786.471	1772.720	1785.613	15595	0	0
2022.08.04	12:00:00	1785.634	1790.147	1774.267	1787.680	29144	0	0
2022.08.04	16:00:00	1787.691	1794.882	1787.122	1793.544	13557	0	0
2022.08.04	20:00:00	1793.512	1793.661	1789.692	1793.380	5027	0	0
2022.08.05	00:00:00	1793.347	1794.863	1788.773	1792.114	11675	0	0
2022.08.05	04:00:00	1792.124	1792.884	1788.517	1790.502	12180	0	0
2022.08.05	08:00:00	1790.469	1790.729	1783.832	1787.828	13865	0	0
2022.08.05	12:00:00	1787.862	1789.161	1764.955	1773.561	44568	0	0
2022.08.05	16:00:00	1773.528	1776.059	1771.547	1773.471	14606	0	0
2022.08.05	20:00:00	1773.503	1775.715	1772.963	1775.628	1479	0	0
2022.08.07	20:00:00	1773.369	1775.046	1772.643	1774.558	3684	0	0
2022.08.08	00:00:00	1774.562	1775.452	1771.119	1773.323	10998	0	0
2022.08.08	04:00:00	1773.356	1779.140	1771.265	1777.692	11572	0	0
2022.08.08	08:00:00	1777.698	1783.173	1772.540	1782.853	13445	0	0
2022.08.08	12:00:00	1782.833	1789.960	1780.612	1787.158	22773	0	0
2022.08.08	16:00:00	1787.191	1789.333	1785.635	1788.486	10904	0	0
2022.08.08	20:00:00	1788.517	1790.631	1787.854	1789.176	4289	0	0
2022.08.09	00:00:00	1789.146	1790.141	1783.177	1785.661	10480	0	0
2022.08.09	04:00:00	1785.692	1789.256	1783.531	1787.086	9933	0	0
2022.08.09	08:00:00	1787.056	1794.653	1786.390	1789.402	15562	0	0
2022.08.09	12:00:00	1789.435	1800.410	1787.961	1796.146	25049	0	0
2022.08.09	16:00:00	1796.164	1798.261	1793.278	1793.969	11177	0	0
2022.08.09	20:00:00	1794.000	1794.919	1793.261	1794.082	3515	0	0
2022.08.10	00:00:00	1794.086	1794.569	1790.954	1791.208	8999	0	0
2022.08.10	04:00:00	1791.240	1791.750	1787.574	1790.441	10542	0	0
2022.08.10	08:00:00	1790.446	1795.267	1788.635	1792.329	12781	0	0
2022.08.10	12:00:00	1792.362	1807.831	1787.590	1797.971	39575	0	0
2022.08.10	16:00:00	1798.004	1800.079	1788.084	1790.240	15217	0	0
2022.08.10	20:00:00	1790.273	1792.881	1789.935	1791.660	4359	0	0
2022.08.11	00:00:00	1791.675	1792.399	1784.466	1785.797	10904	0	0
2022.08.11	04:00:00	1785.808	1788.304	1783.471	1788.013	12110	0	0
2022.08.11	08:00:00	1788.000	1795.166	1785.622	1794.841	13337	0	0
2022.08.11	12:00:00	1794.848	1799.215	1786.324	1790.343	28951	0	0
2022.08.11	16:00:00	1790.365	1791.896	1784.963	1785.638	12965	0	0
2022.08.11	20:00:00	1785.602	1790.133	1785.538	1788.950	4629	0	0
2022.08.12	00:00:00	1788.923	1791.400	1786.187	1791.099	9962	0	0
2022.08.12	04:00:00	1791.096	1794.095	1787.256	1788.752	11155	0	0
2022.08.12	08:00:00	1788.728	1789.731	1784.860	1785.321	13840	0	0
2022.08.12	12:00:00	1785.289	1798.690	1784.934	1794.862	26656	0	0
2022.08.12	16:00:00	1794.874	1802.068	1794.874	1801.406	11583	0	0
2022.08.12	20:00:00	1801.439	1802.198	1800.219	1801.884	1338	0	0
2022.08.14	20:00:00	1801.505	1801.765	1798.969	1799.103	3025	0	0
2022.08.15	00:00:00	1799.072	1801.693	1793.925	1795.358	10504	0	0
2022.08.15	04:00:00	1795.359	1795.401	1786.008	1786.877	11211	0	0
2022.08.15	08:00:00	1786.875	1788.116	1772.949	1775.082	18184	0	0
2022.08.15	12:00:00	1775.112	1786.218	1772.992	1780.759	28242	0	0
2022.08.15	16:00:00	1780.767	1784.074	1777.405	1778.941	11495	0	0
2022.08.15	20:00:00	1778.910	1780.399	1777.742	1778.509	5157	0	0
2022.08.16	00:00:00	1778.547	1783.068	1776.815	1781.249	9800	0	0
2022.08.16	04:00:00	1781.242	1782.071	1775.759	1775.941	9698	0	0
2022.08.16	08:00:00	1775.909	1777.860	1773.846	1775.991	13754	0	0
2022.08.16	12:00:00	1776.023	1778.551	1771.198	1774.258	25380	0	0
2022.08.16	16:00:00	1774.264	1777.515	1772.754	1775.766	11186	0	0
2022.08.16	20:00:00	1775.733	1775.984	1775.025	1775.556	3470	0	0
2022.08.17	00:00:00	1775.564	1776.945	1773.813	1775.779	9329	0	0
2022.08.17	04:00:00	1775.777	1782.159	1773.447	1773.533	12240	0	0
2022.08.17	08:00:00	1773.516	1776.925	1767.012	1769.289	15136	0	0
2022.08.17	12:00:00	1769.320	1773.609	1761.312	1762.038	29770	0	0
2022.08.17	16:00:00	1762.056	1770.214	1759.700	1764.476	20494	0	0
2022.08.17	20:00:00	1764.443	1765.285	1761.720	1764.909	4824	0	0
2022.08.18	00:00:00	1764.911	1767.497	1761.804	1762.270	9842	0	0
2022.08.18	04:00:00	1762.288	1765.378	1760.838	1762.726	11782	0	0
2022.08.18	08:00:00	1762.701	1772.362	1762.593	1770.424	14466	0	0
2022.08.18	12:00:00	1770.455	1771.969	1757.635	1759.715	26550	0	0
2022.08.18	16:00:00	1759.747	1761.214	1755.304	1759.567	13033	0	0
2022.08.18	20:00:00	1759.600	1759.659	1757.180	1758.387	4453	0	0
2022.08.19	00:00:00	1758.390	1758.550	1753.432	1754.135	11873	0	0
2022.08.19	04:00:00	1754.148	1757.331	1751.663	1753.894	12412	0	0
2022.08.19	08:00:00	1753.889	1754.551	1749.808	1752.968	14587	0	0
2022.08.19	12:00:00	1752.937	1758.047	1745.646	1749.045	25340	0	0
2022.08.19	16:00:00	1749.056	1750.885	1745.490	1746.500	11674	0	0
2022.08.19	20:00:00	1746.469	1747.485	1746.254	1747.376	1337	0	0
2022.08.21	20:00:00	1745.586	1748.094	1744.969	1745.664	3670	0	0
2022.08.22	00:00:00	1745.668	1748.992	1744.879	1746.504	11088	0	0
2022.08.22	04:00:00	1746.502	1746.506	1736.170	1736.953	13200	0	0
2022.08.22	08:00:00	1736.923	1738.209	1730.418	1733.295	17171	0	0
2022.08.22	12:00:00	1733.264	1739.971	1727.749	1736.797	26941	0	0
2022.08.22	16:00:00	1736.773	1737.756	1733.751	1734.926	11713	0	0
2022.08.22	20:00:00	1734.895	1736.099	1734.354	1735.220	3950	0	0
2022.08.23	00:00:00	1735.227	1740.469	1734.177	1738.445	11294	0	0
2022.08.23	04:00:00	1738.448	1738.844	1734.682	1738.270	12907	0	0
2022.08.23	08:00:00	1738.240	1743.813	1734.396	1738.028	14503	0	0
2022.08.23	12:00:00	1738.023	1754.057	1730.786	1749.703	30108	0	0
2022.08.23	16:00:00	1749.738	1750.484	1745.879	1747.219	12385	0	0
2022.08.23	20:00:00	1747.189	1748.496	1745.376	1745.970	4145	0	0
2022.08.24	00:00:00	1745.972	1747.679	1744.041	1745.447	9823	0	0
2022.08.24	04:00:00	1745.436	1748.103	1744.186	1747.882	11792	0	0
2022.08.24	08:00:00	1747.885	1753.604	1742.431	1745.417	15823	0	0
2022.08.24	12:00:00	1745.448	1755.904	1742.897	1751.177	25987	0	0
2022.08.24	16:00:00	1751.194	1752.980	1747.612	1752.085	11633	0	0
2022.08.24	20:00:00	1752.055	1752.702	1750.580	1750.980	3480	0	0
2022.08.25	00:00:00	1750.974	1757.682	1749.921	1756.393	10348	0	0
2022.08.25	04:00:00	1756.392	1763.597	1755.448	1762.418	13080	0	0
2022.08.25	08:00:00	1762.425	1765.437	1761.786	1762.451	15026	0	0
2022.08.25	12:00:00	1762.482	1762.738	1752.222	1755.295	24377	0	0
2022.08.25	16:00:00	1755.327	1759.871	1754.308	1757.297	11791	0	0
2022.08.25	20:00:00	1757.333	1758.925	1756.056	1756.377	3629	0	0
2022.08.26	00:00:00	1756.379	1757.433	1752.254	1757.410	8767	0	0
2022.08.26	04:00:00	1757.378	1758.757	1751.562	1753.127	12269	0	0
2022.08.26	08:00:00	1753.141	1753.141	1743.696	1744.964	15907	0	0
2022.08.26	12:00:00	1744.980	1756.091	1734.299	1737.058	48065	0	0
2022.08.26	16:00:00	1737.088	1739.553	1734.130	1736.762	15113	0	0
2022.08.26	20:00:00	1736.732	1738.779	1736.581	1737.998	1648	0	0
2022.08.28	20:00:00	1734.774	1738.525	1733.125	1734.735	6173	0	0
2022.08.29	00:00:00	1734.741	1736.159	1723.341	1724.495	15031	0	0
2022.08.29	04:00:00	1724.493	1725.810	1720.434	1721.557	15030	0	0
2022.08.29	08:00:00	1721.554	1729.696	1720.280	1727.698	15396	0	0
2022.08.29	12:00:00	1727.667	1745.407	1725.607	1740.483	28639	0	0
2022.08.29	16:00:00	1740.517	1740.776	1735.849	1737.744	12131	0	0
2022.08.29	20:00:00	1737.711	1739.806	1736.469	1739.526	4563	0	0
2022.08.30	00:00:00	1739.510	1740.474	1733.866	1734.937	10974	0	0
2022.08.30	04:00:00	1734.946	1736.945	1728.958	1731.351	13492	0	0
2022.08.30	08:00:00	1731.384	1737.851	1730.975	1732.956	15366	0	0
2022.08.30	12:00:00	1732.949	1733.392	1721.131	1726.082	27574	0	0
2022.08.30	16:00:00	1726.052	1727.049	1722.973	1723.173	13348	0	0
2022.08.30	20:00:00	1723.143	1724.472	1722.275	1723.304	3453	0	0
2022.08.31	00:00:00	1723.302	1724.434	1720.557	1723.951	9986	0	0
2022.08.31	04:00:00	1723.959	1726.483	1719.391	1720.928	12770	0	0
2022.08.31	08:00:00	1720.893	1721.819	1709.559	1713.931	19396	0	0
2022.08.31	12:00:00	1713.900	1723.459	1709.784	1718.681	30478	0	0
2022.08.31	16:00:00	1718.712	1719.076	1709.713	1710.096	13617	0	0
2022.08.31	20:00:00	1710.130	1711.372	1705.480	1708.952	6821	0	0
2022.09.01	00:00:00	1708.919	1708.919	1702.251	1704.638	13147	0	0
2022.09.01	04:00:00	1704.606	1708.488	1702.653	1705.017	12963	0	0
2022.09.01	08:00:00	1704.986	1708.603	1699.950	1701.764	17094	0	0
2022.09.01	12:00:00	1701.732	1704.060	1688.723	1695.483	35059	0	0
2022.09.01	16:00:00	1695.452	1699.602	1694.402	1694.657	14858	0	0
2022.09.01	20:00:00	1694.623	1697.848	1694.295	1697.174	4043	0	0
2022.09.02	00:00:00	1697.165	1700.293	1696.266	1699.513	10415	0	0
2022.09.02	04:00:00	1699.518	1704.475	1698.585	1703.644	11664	0	0
2022.09.02	08:00:00	1703.626	1707.300	1702.065	1705.790	12840	0	0
2022.09.02	12:00:00	1705.772	1717.932	1704.121	1716.129	38925	0	0
2022.09.02	16:00:00	1716.130	1716.414	1708.787	1709.577	15869	0	0
2022.09.02	20:00:00	1709.547	1712.892	1709.254	1712.532	1537	0	0
2022.09.04	20:00:00	1711.024	1711.509	1707.899	1707.958	3100	0	0
2022.09.05	00:00:00	1707.929	1712.766	1707.720	1711.997	11247	0	0
2022.09.05	04:00:00	1712.011	1714.015	1708.156	1710.772	12258	0	0
2022.09.05	08:00:00	1710.706	1715.705	1710.463	1713.617	12586	0	0
2022.09.05	12:00:00	1713.585	1713.763	1709.987	1710.449	11276	0	0
2022.09.05	16:00:00	1710.414	1712.045	1710.151	1711.551	1629	0	0
2022.09.05	20:00:00	1709.695	1714.353	1709.663	1713.927	2598	0	0
2022.09.06	00:00:00	1713.921	1726.337	1713.563	1717.745	13709	0	0
2022.09.06	04:00:00	1717.780	1720.703	1713.417	1715.743	14202	0	0
2022.09.06	08:00:00	1715.721	1716.021	1710.649	1714.553	15297	0	0
2022.09.06	12:00:00	1714.586	1714.970	1701.116	1703.011	31966	0	0
2022.09.06	16:00:00	1703.007	1704.338	1699.751	1700.080	15314	0	0
2022.09.06	20:00:00	1700.050	1703.837	1699.924	1703.478	4977	0	0
2022.09.07	00:00:00	1703.475	1703.801	1692.420	1693.365	16206	0	0
2022.09.07	04:00:00	1693.332	1703.510	1691.358	1703.182	16114	0	0
2022.09.07	08:00:00	1703.214	1707.165	1700.273	1701.064	17697	0	0
2022.09.07	12:00:00	1701.062	1713.411	1697.023	1710.456	26271	0	0
2022.09.07	16:00:00	1710.426	1719.193	1709.488	1717.233	14645	0	0
2022.09.07	20:00:00	1717.198	1719.426	1716.043	1716.553	4705	0	0
2022.09.08	00:00:00	1716.548	1719.265	1713.491	1714.414	13105	0	0
2022.09.08	04:00:00	1714.417	1722.778	1713.856	1717.592	15217	0	0
2022.09.08	08:00:00	1717.611	1728.138	1716.151	1723.762	18185	0	0
2022.09.08	12:00:00	1723.759	1726.585	1703.864	1707.148	40701	0	0
2022.09.08	16:00:00	1707.119	1711.573	1704.803	1706.764	15267	0	0
2022.09.08	20:00:00	1706.766	1710.889	1706.766	1710.648	3695	0	0
2022.09.09	00:00:00	1710.618	1720.582	1709.683	1719.224	12203	0	0
2022.09.09	04:00:00	1719.259	1729.238	1718.179	1727.240	15500	0	0
2022.09.09	08:00:00	1727.208	1729.336	1719.747	1720.931	19355	0	0
2022.09.09	12:00:00	1720.899	1722.471	1711.327	1716.801	27613	0	0
2022.09.09	16:00:00	1716.832	1720.270	1714.539	1715.661	11171	0	0
2022.09.09	20:00:00	1715.626	1718.016	1715.371	1717.186	1380	0	0
2022.09.11	20:00:00	1718.402	1720.155	1716.742	1718.396	3416	0	0
2022.09.12	00:00:00	1718.365	1718.694	1712.226	1713.598	9984	0	0
2022.09.12	04:00:00	1713.589	1726.470	1711.946	1724.353	15270	0	0
2022.09.12	08:00:00	1724.344	1729.866	1721.868	1729.537	18068	0	0
2022.09.12	12:00:00	1729.570	1735.081	1723.626	1734.214	30000	0	0
2022.09.12	16:00:00	1734.244	1734.806	1723.719	1724.433	15021	0	0
2022.09.12	20:00:00	1724.403	1726.375	1724.052	1725.246	4151	0	0
2022.09.13	00:00:00	1725.236	1727.540	1720.712	1721.335	12958	0	0
2022.09.13	04:00:00	1721.331	1725.324	1719.994	1723.830	12896	0	0
2022.09.13	08:00:00	1723.862	1731.429	1721.890	1729.708	16034	0	0
2022.09.13	12:00:00	1729.676	1731.772	1696.993	1700.930	51044	0	0
2022.09.13	16:00:00	1700.947	1707.259	1700.573	1702.499	16111	0	0
2022.09.13	20:00:00	1702.466	1703.274	1700.646	1702.097	5537	0	0
2022.09.14	00:00:00	1702.141	1703.559	1697.196	1700.376	15307	0	0
2022.09.14	04:00:00	1700.400	1705.068	1698.832	1703.143	19031	0	0
2022.09.14	08:00:00	1703.113	1706.089	1701.007	1701.591	18372	0	0
2022.09.14	12:00:00	1701.568	1707.068	1698.993	1703.606	28082	0	0
2022.09.14	16:00:00	1703.636	1703.774	1693.596	1695.587	14561	0	0
2022.09.14	20:00:00	1695.556	1698.167	1695.193	1697.512	4209	0	0
2022.09.15	00:00:00	1697.494	1697.775	1690.201	1692.699	10371	0	0
2022.09.15	04:00:00	1692.702	1693.242	1685.335	1689.789	13996	0	0
2022.09.15	08:00:00	1689.758	1691.204	1683.765	1686.315	17031	0	0
2022.09.15	12:00:00	1686.332	1692.127	1663.340	1664.369	39660	0	0
2022.09.15	16:00:00	1664.339	1669.239	1660.181	1663.870	17119	0	0
2022.09.15	20:00:00	1663.900	1665.375	1661.286	1662.336	5687	0	0
2022.09.16	00:00:00	1662.338	1667.659	1661.231	1664.318	12552	0	0
2022.09.16	04:00:00	1664.323	1665.408	1654.095	1655.707	14696	0	0
2022.09.16	08:00:00	1655.718	1667.826	1654.107	1665.406	17798	0	0
2022.09.16	12:00:00	1665.364	1680.361	1657.129	1673.903	34742	0	0
2022.09.16	16:00:00	1673.867	1677.674	1671.050	1673.196	14039	0	0
2022.09.16	20:00:00	1673.165	1676.250	1673.035	1675.286	1754	0	0
2022.09.18	20:00:00	1674.412	1679.963	1673.966	1677.946	4036	0	0
2022.09.19	00:00:00	1677.914	1678.740	1668.178	1669.190	10944	0	0
2022.09.19	04:00:00	1669.189	1669.668	1659.457	1662.702	12714	0	0
2022.09.19	08:00:00	1662.726	1666.657	1660.646	1661.900	15900	0	0
2022.09.19	12:00:00	1661.936	1675.291	1661.284	1670.616	27739	0	0
2022.09.19	16:00:00	1670.648	1674.725	1668.839	1674.523	13141	0	0
2022.09.19	20:00:00	1674.491	1676.043	1674.146	1675.752	4212	0	0
2022.09.20	00:00:00	1675.744	1679.430	1673.350	1676.951	12029	0	0
2022.09.20	04:00:00	1676.955	1677.185	1670.166	1672.554	14209	0	0
2022.09.20	08:00:00	1672.520	1672.520	1666.092	1668.769	15687	0	0
2022.09.20	12:00:00	1668.801	1669.228	1659.913	1665.545	26700	0	0
2022.09.20	16:00:00	1665.575	1666.242	1661.539	1664.980	14481	0	0
2022.09.20	20:00:00	1664.976	1666.661	1664.144	1666.400	4072	0	0
2022.09.21	00:00:00	1666.392	1667.433	1662.848	1663.743	11087	0	0
2022.09.21	04:00:00	1663.736	1675.903	1661.686	1670.981	17586	0	0
2022.09.21	08:00:00	1670.950	1677.344	1669.413	1675.130	14752	0	0
2022.09.21	12:00:00	1675.138	1676.267	1665.724	1667.489	23665	0	0
2022.09.21	16:00:00	1667.475	1688.033	1653.772	1672.449	66943	0	0
2022.09.21	20:00:00	1672.418	1674.760	1665.847	1667.043	7303	0	0
2022.09.22	00:00:00	1667.040	1667.143	1656.743	1660.488	17773	0	0
2022.09.22	04:00:00	1660.491	1663.660	1655.368	1658.849	18160	0	0
2022.09.22	08:00:00	1658.880	1677.910	1657.913	1672.165	37490	0	0
2022.09.22	12:00:00	1672.196	1684.833	1667.916	1671.452	42421	0	0
2022.09.22	16:00:00	1671.485	1676.339	1669.322	1671.802	18749	0	0
2022.09.22	20:00:00	1671.832	1672.904	1670.488	1672.724	4292	0	0
2022.09.23	00:00:00	1672.737	1675.933	1668.558	1669.122	11137	0	0
2022.09.23	04:00:00	1669.154	1674.125	1666.332	1667.355	15182	0	0
2022.09.23	08:00:00	1667.388	1668.282	1640.973	1647.682	31100	0	0
2022.09.23	12:00:00	1647.649	1657.733	1641.403	1646.197	40097	0	0
2022.09.23	16:00:00	1646.208	1648.439	1639.714	1642.989	18940	0	0
2022.09.23	20:00:00	1643.025	1645.147	1642.957	1643.877	2084	0	0
2022.09.25	20:00:00	1643.172	1645.673	1640.355	1644.085	5575	0	0
2022.09.26	00:00:00	1644.082	1645.873	1626.434	1638.445	34738	0	0
2022.09.26	04:00:00	1638.462	1649.598	1634.622	1644.040	25129	0	0
2022.09.26	08:00:00	1644.071	1647.525	1636.211	1639.939	22684	0	0
2022.09.26	12:00:00	1639.972	1648.276	1634.134	1634.363	34182	0	0
2022.09.26	16:00:00	1634.335	1635.179	1621.563	1624.220	26418	0	0
2022.09.26	20:00:00	1624.251	1628.649	1621.048	1627.669	7605	0	0
2022.09.27	00:00:00	1627.637	1632.975	1627.554	1631.177	15306	0	0
2022.09.27	04:00:00	1631.174	1640.572	1630.911	1637.287	16314	0	0
2022.09.27	08:00:00	1637.255	1642.384	1632.429	1636.677	19550	0	0
2022.09.27	12:00:00	1636.646	1640.462	1631.841	1634.075	35406	0	0
2022.09.27	16:00:00	1634.105	1634.125	1626.649	1627.256	21774	0	0
2022.09.27	20:00:00	1627.287	1630.331	1627.287	1628.797	5880	0	0
2022.09.28	00:00:00	1628.795	1630.540	1623.008	1624.619	15853	0	0
2022.09.28	04:00:00	1624.623	1625.661	1614.427	1621.862	18590	0	0
2022.09.28	08:00:00	1621.898	1631.560	1615.856	1624.394	36588	0	0
2022.09.28	12:00:00	1624.403	1659.818	1624.165	1658.727	48591	0	0
2022.09.28	16:00:00	1658.761	1662.660	1655.215	1660.609	21868	0	0
2022.09.28	20:00:00	1660.640	1660.676	1656.115	1656.115	6095	0	0
2022.09.29	00:00:00	1656.147	1659.330	1651.978	1654.333	16072	0	0
2022.09.29	04:00:00	1654.372	1654.473	1641.435	1644.880	20463	0	0
2022.09.29	08:00:00	1644.849	1652.178	1643.411	1651.396	24099	0	0
2022.09.29	12:00:00	1651.430	1661.925	1644.461	1659.882	43727	0	0
2022.09.29	16:00:00	1659.848	1664.803	1657.199	1661.092	20687	0	0
2022.09.29	20:00:00	1661.061	1665.171	1659.574	1664.567	7500	0	0
2022.09.30	00:00:00	1664.576	1665.252	1659.198	1662.181	15602	0	0
2022.09.30	04:00:00	1662.183	1674.177	1661.167	1673.113	18864	0	0
2022.09.30	08:00:00	1673.098	1674.056	1662.617	1663.260	23146	0	0
2022.09.30	12:00:00	1663.293	1675.424	1661.952	1671.290	41378	0	0
2022.09.30	16:00:00	1671.320	1671.676	1660.055	1661.745	20184	0	0
2022.09.30	20:00:00	1661.699	1662.489	1660.540	1660.963	2323	0	0
2022.10.02	20:00:00	1664.009	1665.394	1663.255	1664.152	4625	0	0
2022.10.03	00:00:00	1664.122	1669.448	1663.445	1663.917	12432	0	0
2022.10.03	04:00:00	1663.925	1668.288	1661.676	1663.732	18360	0	0
2022.10.03	08:00:00	1663.689	1666.832	1659.578	1666.146	19772	0	0
2022.10.03	12:00:00	1666.178	1694.092	1663.788	1690.313	46622	0	0
2022.10.03	16:00:00	1690.344	1701.434	1687.257	1700.604	21453	0	0
2022.10.03	20:00:00	1700.573	1702.553	1698.168	1700.996	7546	0	0
2022.10.04	00:00:00	1701.000	1701.155	1695.125	1699.695	13603	0	0
2022.10.04	04:00:00	1699.717	1710.488	1697.434	1708.084	20129	0	0
2022.10.04	08:00:00	1708.067	1712.432	1700.399	1705.833	22167	0	0
2022.10.04	12:00:00	1705.802	1728.850	1703.976	1725.718	38251	0	0
2022.10.04	16:00:00	1725.749	1729.469	1719.980	1724.850	21196	0	0
2022.10.04	20:00:00	1724.817	1726.401	1723.730	1725.563	5175	0	0
2022.10.05	00:00:00	1725.562	1725.646	1717.838	1719.319	14554	0	0
2022.10.05	04:00:00	1719.315	1727.552	1715.019	1716.296	17404	0	0
2022.10.05	08:00:00	1716.326	1716.435	1703.120	1706.154	21909	0	0
2022.10.05	12:00:00	1706.120	1714.136	1700.495	1709.047	39741	0	0
2022.10.05	16:00:00	1709.081	1718.603	1707.579	1716.216	19193	0	0
2022.10.05	20:00:00	1716.251	1718.839	1714.782	1718.379	5407	0	0
2022.10.06	00:00:00	1718.416	1724.201	1717.977	1722.210	14538	0	0
2022.10.06	04:00:00	1722.199	1725.491	1719.695	1724.598	16455	0	0
2022.10.06	08:00:00	1724.564	1724.798	1710.844	1714.881	20679	0	0
2022.10.06	12:00:00	1714.844	1719.422	1708.167	1708.184	34799	0	0
2022.10.06	16:00:00	1708.171	1715.130	1706.888	1714.342	17576	0	0
2022.10.06	20:00:00	1714.311	1714.609	1710.871	1711.869	4834	0	0
2022.10.07	00:00:00	1711.890	1713.357	1709.101	1709.821	12864	0	0
2022.10.07	04:00:00	1709.806	1714.030	1708.378	1710.847	15322	0	0
2022.10.07	08:00:00	1710.863	1714.764	1706.192	1709.188	16508	0	0
2022.10.07	12:00:00	1709.144	1713.339	1690.453	1703.144	51315	0	0
2022.10.07	16:00:00	1703.136	1707.178	1693.165	1695.588	18147	0	0
2022.10.07	20:00:00	1695.558	1695.888	1694.369	1695.001	1888	0	0
2022.10.09	20:00:00	1696.236	1699.857	1695.794	1696.694	4572	0	0
2022.10.10	00:00:00	1696.695	1697.232	1686.847	1688.871	15712	0	0
2022.10.10	04:00:00	1688.857	1689.566	1682.119	1682.724	15787	0	0
2022.10.10	08:00:00	1682.722	1684.477	1673.812	1676.987	19656	0	0
2022.10.10	12:00:00	1676.981	1679.131	1665.618	1666.868	30515	0	0
2022.10.10	16:00:00	1666.841	1671.589	1666.748	1668.964	15815	0	0
2022.10.10	20:00:00	1668.995	1670.221	1667.450	1670.131	4052	0	0
2022.10.11	00:00:00	1670.100	1673.527	1661.051	1664.134	16824	0	0
2022.10.11	04:00:00	1664.126	1669.530	1661.757	1664.656	19274	0	0
2022.10.11	08:00:00	1664.633	1670.621	1660.867	1670.197	22328	0	0
2022.10.11	12:00:00	1670.154	1681.728	1663.399	1681.555	33967	0	0
2022.10.11	16:00:00	1681.585	1683.879	1663.720	1666.430	25362	0	0
2022.10.11	20:00:00	1666.399	1667.449	1663.881	1664.037	4971	0	0
2022.10.12	00:00:00	1664.015	1666.831	1661.379	1665.308	16213	0	0
2022.10.12	04:00:00	1665.318	1675.068	1664.761	1668.944	23165	0	0
2022.10.12	08:00:00	1668.913	1673.289	1667.734	1668.465	19265	0	0
2022.10.12	12:00:00	1668.496	1673.159	1664.727	1669.458	34074	0	0
2022.10.12	16:00:00	1669.452	1678.298	1667.663	1675.111	21554	0	0
2022.10.12	20:00:00	1675.080	1675.579	1672.523	1674.483	3851	0	0
2022.10.13	00:00:00	1674.460	1675.422	1668.988	1669.253	10707	0	0
2022.10.13	04:00:00	1669.255	1672.275	1666.987	1672.078	12036	0	0
2022.10.13	08:00:00	1672.263	1682.360	1670.637	1678.743	18991	0	0
2022.10.13	12:00:00	1678.712	1678.880	1642.337	1665.758	77249	0	0
2022.10.13	16:00:00	1665.727	1672.460	1662.883	1663.870	28232	0	0
2022.10.13	20:00:00	1663.839	1666.587	1662.894	1663.441	5164	0	0
2022.10.14	00:00:00	1663.418	1670.208	1658.996	1668.996	16486	0	0
2022.10.14	04:00:00	1669.022	1671.694	1663.518	1667.013	17726	0	0
2022.10.14	08:00:00	1667.023	1667.117	1650.189	1654.923	25309	0	0
2022.10.14	12:00:00	1654.892	1663.959	1644.686	1644.686	44070	0	0
2022.10.14	16:00:00	1644.652	1648.855	1640.123	1642.876	20855	0	0
2022.10.14	20:00:00	1642.906	1644.720	1642.654	1644.267	1860	0	0
2022.10.16	20:00:00	1646.163	1647.656	1644.094	1647.470	4635	0	0
2022.10.17	00:00:00	1647.455	1652.606	1646.361	1650.155	12524	0	0
2022.10.17	04:00:00	1650.186	1657.392	1648.330	1655.983	16339	0	0
2022.10.17	08:00:00	1655.919	1660.601	1652.910	1657.972	18382	0	0
2022.10.17	12:00:00	1657.939	1668.389	1657.032	1663.282	29124	0	0
2022.10.17	16:00:00	1663.248	1663.393	1646.581	1647.926	15888	0	0
2022.10.17	20:00:00	1647.934	1651.469	1647.702	1650.698	5037	0	0
2022.10.18	00:00:00	1650.730	1653.508	1648.910	1652.452	12269	0	0
2022.10.18	04:00:00	1652.464	1660.853	1651.148	1656.356	18362	0	0
2022.10.18	08:00:00	1656.325	1657.537	1648.524	1652.866	20841	0	0
2022.10.18	12:00:00	1652.900	1657.334	1645.810	1649.755	29482	0	0
2022.10.18	16:00:00	1649.725	1652.721	1648.116	1651.365	18728	0	0
2022.10.18	20:00:00	1651.333	1654.466	1650.673	1652.305	4714	0	0
2022.10.19	00:00:00	1652.304	1653.366	1649.026	1649.241	11843	0	0
2022.10.19	04:00:00	1649.273	1649.456	1637.395	1644.742	16784	0	0
2022.10.19	08:00:00	1644.772	1644.814	1631.849	1635.249	21325	0	0
2022.10.19	12:00:00	1635.216	1637.703	1630.342	1630.492	31815	0	0
2022.10.19	16:00:00	1630.508	1631.199	1627.661	1629.564	17293	0	0
2022.10.19	20:00:00	1629.531	1630.302	1626.464	1627.097	4928	0	0
2022.10.20	00:00:00	1627.064	1629.339	1622.403	1626.219	13177	0	0
2022.10.20	04:00:00	1626.217	1634.975	1625.126	1632.732	19222	0	0
2022.10.20	08:00:00	1632.775	1639.244	1628.718	1637.331	18637	0	0
2022.10.20	12:00:00	1637.340	1645.570	1630.348	1641.274	33349	0	0
2022.10.20	16:00:00	1641.278	1641.450	1624.715	1626.877	18421	0	0
2022.10.20	20:00:00	1626.836	1628.397	1625.347	1626.980	5068	0	0
2022.10.21	00:00:00	1626.979	1628.266	1620.340	1621.594	12185	0	0
2022.10.21	04:00:00	1621.593	1627.102	1616.856	1623.781	16098	0	0
2022.10.21	08:00:00	1623.773	1627.999	1619.183	1623.141	19563	0	0
2022.10.21	12:00:00	1623.130	1650.951	1619.148	1650.842	72232	0	0
2022.10.21	16:00:00	1650.873	1657.042	1647.339	1655.202	31429	0	0
2022.10.21	20:00:00	1655.169	1658.087	1654.011	1657.806	2836	0	0
2022.10.23	20:00:00	1659.975	1670.606	1656.610	1661.251	20029	0	0
2022.10.24	00:00:00	1661.219	1663.306	1651.907	1654.010	22096	0	0
2022.10.24	04:00:00	1654.012	1658.650	1648.863	1649.232	20313	0	0
2022.10.24	08:00:00	1649.263	1652.302	1644.181	1650.034	24534	0	0
2022.10.24	12:00:00	1650.003	1654.400	1643.903	1651.789	39526	0	0
2022.10.24	16:00:00	1651.755	1652.632	1647.724	1650.295	14658	0	0
2022.10.24	20:00:00	1650.262	1652.547	1648.887	1651.742	5185	0	0
2022.10.25	00:00:00	1651.773	1654.862	1647.173	1651.593	16732	0	0
2022.10.25	04:00:00	1651.562	1652.190	1644.435	1645.149	14746	0	0
2022.10.25	08:00:00	1645.153	1648.283	1638.121	1643.788	17848	0	0
2022.10.25	12:00:00	1643.793	1662.281	1639.014	1656.011	35142	0	0
2022.10.25	16:00:00	1655.981	1657.091	1652.079	1653.967	16108	0	0
2022.10.25	20:00:00	1653.931	1653.931	1651.066	1652.755	6532	0	0
2022.10.26	00:00:00	1652.765	1657.577	1649.733	1657.007	14364	0	0
2022.10.26	04:00:00	1657.009	1671.325	1655.140	1670.899	17672	0	0
2022.10.26	08:00:00	1670.934	1674.834	1666.645	1668.456	20261	0	0
2022.10.26	12:00:00	1668.447	1672.607	1660.561	1667.116	33815	0	0
2022.10.26	16:00:00	1667.145	1668.947	1663.540	1664.709	17906	0	0
2022.10.26	20:00:00	1664.748	1667.555	1663.237	1667.513	6045	0	0
2022.10.27	00:00:00	1667.524	1670.754	1662.268	1664.586	14779	0	0
2022.10.27	04:00:00	1664.587	1669.652	1658.779	1662.684	16979	0	0
2022.10.27	08:00:00	1662.715	1666.660	1659.822	1661.968	17307	0	0
2022.10.27	12:00:00	1661.936	1665.700	1654.798	1661.206	47331	0	0
2022.10.27	16:00:00	1661.175	1662.570	1656.722	1662.295	17478	0	0
2022.10.27	20:00:00	1662.264	1663.441	1661.003	1661.862	8529	0	0
2022.10.28	00:00:00	1661.861	1666.992	1660.504	1664.725	14912	0	0
2022.10.28	04:00:00	1664.756	1665.391	1651.224	1652.673	17608	0	0
2022.10.28	08:00:00	1652.695	1653.797	1646.282	1650.372	20150	0	0
2022.10.28	12:00:00	1650.404	1652.797	1637.811	1639.600	41295	0	0
2022.10.28	16:00:00	1639.607	1645.203	1638.854	1645.152	14133	0	0
2022.10.28	20:00:00	1645.115	1645.872	1643.762	1644.628	1833	0	0
2022.10.30	20:00:00	1643.727	1645.373	1643.003	1643.446	4695	0	0
2022.10.31	00:00:00	1643.413	1645.054	1640.630	1644.333	11280	0	0
2022.10.31	04:00:00	1644.323	1645.560	1640.426	1641.125	11701	0	0
2022.10.31	08:00:00	1641.132	1642.019	1635.609	1639.742	16576	0	0
2022.10.31	12:00:00	1639.699	1642.036	1633.354	1638.937	25708	0	0
2022.10.31	16:00:00	1638.969	1640.282	1631.677	1632.107	15599	0	0
2022.10.31	20:00:00	1632.137	1633.786	1631.787	1632.419	5470	0	0
2022.11.01	00:00:00	1632.452	1639.949	1630.689	1637.515	13775	0	0
2022.11.01	04:00:00	1637.532	1649.861	1636.485	1645.208	16663	0	0
2022.11.01	08:00:00	1645.242	1655.241	1645.206	1652.188	18375	0	0
2022.11.01	12:00:00	1652.221	1656.969	1642.026	1644.387	36989	0	0
2022.11.01	16:00:00	1644.350	1651.059	1642.868	1648.154	19211	0	0
2022.11.01	20:00:00	1648.123	1648.355	1645.988	1646.772	4633	0	0
2022.11.02	00:00:00	1646.804	1653.288	1646.624	1650.692	13634	0	0
2022.11.02	04:00:00	1650.736	1653.353	1649.288	1652.783	12736	0	0
2022.11.02	08:00:00	1652.796	1656.907	1651.869	1655.176	15564	0	0
2022.11.02	12:00:00	1655.206	1658.829	1645.625	1646.384	25103	0	0
2022.11.02	16:00:00	1646.391	1669.428	1635.653	1636.900	62503	0	0
2022.11.02	20:00:00	1636.865	1638.141	1631.800	1633.721	7685	0	0
2022.11.03	00:00:00	1633.718	1640.911	1632.747	1637.630	13527	0	0
2022.11.03	04:00:00	1637.661	1638.844	1628.338	1629.926	14408	0	0
2022.11.03	08:00:00	1629.913	1629.987	1616.624	1619.817	22585	0	0
2022.11.03	12:00:00	1619.783	1631.572	1617.074	1625.864	44138	0	0
2022.11.03	16:00:00	1625.861	1632.292	1624.869	1630.847	16290	0	0
2022.11.03	20:00:00	1630.903	1631.198	1628.616	1629.737	4119	0	0
2022.11.04	00:00:00	1629.771	1640.044	1629.315	1639.144	12995	0	0
2022.11.04	04:00:00	1639.114	1649.705	1638.568	1644.869	19156	0	0
2022.11.04	08:00:00	1644.905	1653.416	1643.710	1651.369	21798	0	0
2022.11.04	12:00:00	1651.344	1675.381	1641.511	1671.102	53569	0	0
2022.11.04	16:00:00	1671.133	1681.665	1667.702	1680.768	23564	0	0
2022.11.04	20:00:00	1680.737	1681.614	1679.623	1680.966	2114	0	0
2022.11.06	20:00:00	1675.168	1680.309	1672.277	1672.660	5338	0	0
2022.11.07	00:00:00	1672.698	1675.299	1670.319	1673.506	17469	0	0
2022.11.07	04:00:00	1673.499	1674.787	1666.852	1668.089	14784	0	0
2022.11.07	08:00:00	1668.068	1680.350	1667.010	1676.972	19285	0	0
2022.11.07	12:00:00	1676.939	1681.865	1673.468	1678.932	28813	0	0
2022.11.07	16:00:00	1678.964	1680.225	1675.080	1675.377	16424	0	0
2022.11.07	20:00:00	1675.425	1676.218	1673.584	1674.072	6353	0	0
2022.11.08	00:00:00	1674.084	1676.670	1672.138	1672.815	12156	0	0
2022.11.08	04:00:00	1672.820	1673.408	1668.123	1670.292	12464	0	0
2022.11.08	08:00:00	1670.326	1673.309	1664.665	1672.572	16873	0	0
2022.11.08	12:00:00	1672.598	1714.146	1669.983	1713.058	38336	0	0
2022.11.08	16:00:00	1713.091	1716.901	1708.272	1711.620	28488	0	0
2022.11.08	20:00:00	1711.652	1713.346	1710.692	1711.587	10207	0	0
2022.11.09	00:00:00	1711.583	1712.480	1706.969	1709.252	15642	0	0
2022.11.09	04:00:00	1709.226	1712.699	1707.407	1711.618	16103	0	0
2022.11.09	08:00:00	1711.652	1715.772	1703.868	1708.774	21824	0	0
2022.11.09	12:00:00	1708.735	1722.291	1702.905	1711.506	37918	0	0
2022.11.09	16:00:00	1711.539	1714.360	1702.124	1703.740	23073	0	0
2022.11.09	20:00:00	1703.759	1707.436	1703.349	1706.450	9856	0	0
2022.11.10	00:00:00	1706.469	1710.094	1705.077	1709.354	14598	0	0
2022.11.10	04:00:00	1709.362	1712.527	1705.264	1705.846	14742	0	0
2022.11.10	08:00:00	1705.877	1710.162	1703.980	1707.360	20167	0	0
2022.11.10	12:00:00	1707.397	1753.262	1706.850	1750.944	58706	0	0
2022.11.10	16:00:00	1750.912	1754.735	1743.508	1754.088	25890	0	0
2022.11.10	20:00:00	1754.058	1757.196	1752.043	1752.196	11316	0	0
2022.11.11	00:00:00	1752.192	1753.383	1747.230	1751.292	16936	0	0
2022.11.11	04:00:00	1751.294	1764.308	1749.759	1760.985	23368	0	0
2022.11.11	08:00:00	1760.954	1766.541	1755.023	1759.276	29098	0	0
2022.11.11	12:00:00	1759.310	1766.046	1755.506	1763.677	33479	0	0
2022.11.11	16:00:00	1763.707	1768.042	1759.618	1768.042	19929	0	0
2022.11.11	20:00:00	1768.008	1772.822	1765.394	1771.096	6830	0	0
2022.11.13	20:00:00	1763.488	1764.891	1761.422	1763.439	4142	0	0
2022.11.14	00:00:00	1763.447	1766.277	1760.828	1763.414	19986	0	0
2022.11.14	04:00:00	1763.423	1763.705	1757.904	1762.279	17587	0	0
2022.11.14	08:00:00	1762.247	1766.126	1753.101	1756.305	22209	0	0
2022.11.14	12:00:00	1756.267	1775.007	1755.473	1771.461	29419	0	0
2022.11.14	16:00:00	1771.483	1773.885	1766.500	1772.860	18145	0	0
2022.11.14	20:00:00	1772.890	1774.395	1769.181	1769.481	7284	0	0
2022.11.15	00:00:00	1769.516	1772.299	1767.047	1771.229	14331	0	0
2022.11.15	04:00:00	1771.197	1784.208	1768.673	1782.840	16509	0	0
2022.11.15	08:00:00	1782.874	1783.011	1772.941	1776.819	21999	0	0
2022.11.15	12:00:00	1776.861	1786.472	1768.195	1771.076	45018	0	0
2022.11.15	16:00:00	1771.106	1785.724	1767.952	1778.494	44645	0	0
2022.11.15	20:00:00	1778.524	1781.192	1776.695	1780.746	11947	0	0
2022.11.16	00:00:00	1780.774	1781.399	1771.691	1771.834	20593	0	0
2022.11.16	04:00:00	1771.845	1777.691	1770.272	1776.719	18818	0	0
2022.11.16	08:00:00	1776.750	1784.992	1775.883	1783.452	21137	0	0
2022.11.16	12:00:00	1783.417	1783.486	1772.927	1779.604	34865	0	0
2022.11.16	16:00:00	1779.635	1779.994	1770.898	1774.443	18687	0	0
2022.11.16	20:00:00	1774.434	1776.128	1772.977	1773.843	7811	0	0
2022.11.17	00:00:00	1773.862	1774.762	1763.040	1763.884	13639	0	0
2022.11.17	04:00:00	1763.916	1768.993	1761.256	1766.932	14781	0	0
2022.11.17	08:00:00	1766.964	1770.990	1761.455	1765.534	22166	0	0
2022.11.17	12:00:00	1765.565	1767.519	1754.443	1760.195	35717	0	0
2022.11.17	16:00:00	1760.204	1762.301	1755.417	1760.787	17838	0	0
2022.11.17	20:00:00	1760.756	1761.365	1759.341	1760.058	7128	0	0
2022.11.18	00:00:00	1760.026	1765.626	1759.935	1764.810	12283	0	0
2022.11.18	04:00:00	1764.812	1766.857	1761.111	1765.532	12811	0	0
2022.11.18	08:00:00	1765.498	1767.674	1759.912	1760.310	19425	0	0
2022.11.18	12:00:00	1760.268	1764.116	1749.882	1757.280	27830	0	0
2022.11.18	16:00:00	1757.246	1757.908	1747.487	1748.368	16148	0	0
2022.11.18	20:00:00	1748.331	1751.078	1747.592	1750.852	4844	0	0
2022.11.20	20:00:00	1751.196	1752.595	1750.869	1752.261	2432	0	0
2022.11.21	00:00:00	1752.256	1752.986	1743.817	1746.782	14968	0	0
2022.11.21	04:00:00	1746.807	1747.418	1741.968	1742.496	16463	0	0
2022.11.21	08:00:00	1742.531	1744.132	1736.953	1740.001	18841	0	0
2022.11.21	12:00:00	1740.041	1746.988	1735.876	1736.659	26636	0	0
2022.11.21	16:00:00	1736.626	1739.619	1732.473	1735.379	17444	0	0
2022.11.21	20:00:00	1735.411	1739.282	1735.411	1738.506	6800	0	0
2022.11.22	00:00:00	1738.513	1744.987	1738.021	1744.184	12134	0	0
2022.11.22	04:00:00	1744.171	1745.590	1740.288	1743.093	14730	0	0
2022.11.22	08:00:00	1743.062	1749.613	1741.933	1748.512	21389	0	0
2022.11.22	12:00:00	1748.549	1748.549	1741.510	1741.833	22481	0	0
2022.11.22	16:00:00	1741.841	1742.166	1737.008	1738.221	13944	0	0
2022.11.22	20:00:00	1738.170	1741.237	1737.246	1741.139	5022	0	0
2022.11.23	00:00:00	1741.140	1742.851	1736.674	1737.174	11189	0	0
2022.11.23	04:00:00	1737.166	1745.727	1732.665	1744.199	13801	0	0
2022.11.23	08:00:00	1744.161	1744.649	1734.374	1739.445	16503	0	0
2022.11.23	12:00:00	1739.476	1747.658	1726.349	1743.371	34524	0	0
2022.11.23	16:00:00	1743.407	1753.378	1741.101	1751.841	22283	0	0
2022.11.23	20:00:00	1751.871	1752.647	1749.077	1752.271	7794	0	0
2022.11.24	00:00:00	1752.302	1756.540	1752.297	1756.248	13728	0	0
2022.11.24	04:00:00	1756.281	1757.599	1752.577	1753.798	12468	0	0
2022.11.24	08:00:00	1753.780	1758.565	1752.402	1758.252	16009	0	0
2022.11.24	12:00:00	1758.271	1758.537	1755.099	1756.790	14929	0	0
2022.11.24	16:00:00	1756.770	1757.322	1753.592	1755.182	4795	0	0
2022.11.24	20:00:00	1754.313	1755.820	1754.313	1755.189	988	0	0
2022.11.25	00:00:00	1755.375	1759.644	1752.352	1759.516	14227	0	0
2022.11.25	04:00:00	1759.540	1761.120	1751.358	1751.419	13835	0	0
2022.11.25	08:00:00	1751.385	1754.362	1749.224	1751.011	16971	0	0
2022.11.25	12:00:00	1751.024	1752.552	1745.947	1750.301	20501	0	0
2022.11.25	16:00:00	1750.327	1756.076	1749.492	1755.969	8665	0	0
2022.11.27	20:00:00	1753.479	1754.215	1749.919	1750.900	1548	0	0
2022.11.28	00:00:00	1750.883	1753.907	1745.981	1749.618	15537	0	0
2022.11.28	04:00:00	1749.633	1754.057	1748.405	1750.758	14612	0	0
2022.11.28	08:00:00	1750.728	1763.703	1749.877	1758.640	19599	0	0
2022.11.28	12:00:00	1758.679	1759.113	1742.844	1745.444	28665	0	0
2022.11.28	16:00:00	1745.408	1746.762	1739.607	1740.238	18176	0	0
2022.11.28	20:00:00	1740.274	1742.039	1739.601	1741.231	7065	0	0
2022.11.29	00:00:00	1741.252	1750.498	1740.230	1750.434	14459	0	0
2022.11.29	04:00:00	1750.409	1755.029	1750.022	1753.903	15230	0	0
2022.11.29	08:00:00	1753.896	1758.929	1752.169	1757.304	18201	0	0
2022.11.29	12:00:00	1757.273	1757.979	1746.897	1755.147	25505	0	200
2022.11.29	16:00:00	1755.136	1755.494	1748.827	1750.227	17113	0	200
2022.11.29	20:00:00	1750.242	1750.386	1747.829	1748.884	5864	0	200
2022.11.30	00:00:00	1748.920	1754.754	1747.742	1754.744	12196	0	200
2022.11.30	04:00:00	1754.741	1756.776	1752.887	1755.141	12590	0	200
2022.11.30	08:00:00	1755.110	1763.097	1754.836	1762.171	17060	0	200
2022.11.30	12:00:00	1762.203	1764.696	1749.108	1752.565	33252	0	200
2022.11.30	16:00:00	1752.592	1768.811	1744.645	1767.739	34540	0	200
2022.11.30	20:00:00	1767.770	1773.440	1766.279	1773.332	12391	0	200
2022.12.01	00:00:00	1773.354	1780.006	1771.933	1776.573	18565	0	200
2022.12.01	04:00:00	1776.543	1783.658	1774.618	1775.374	16541	0	200
2022.12.01	08:00:00	1775.410	1781.299	1774.727	1780.469	18320	0	200
2022.12.01	12:00:00	1780.476	1804.091	1780.476	1796.444	40323	0	200
2022.12.01	16:00:00	1796.476	1803.323	1796.139	1803.295	20794	0	200
2022.12.01	20:00:00	1803.265	1804.439	1801.116	1802.253	7751	0	200
2022.12.02	00:00:00	1802.284	1802.490	1795.526	1798.165	13380	0	200
2022.12.02	04:00:00	1798.180	1802.506	1795.794	1801.664	14552	0	200
2022.12.02	08:00:00	1801.665	1802.960	1797.914	1798.449	17978	0	200
2022.12.02	12:00:00	1798.455	1800.937	1778.425	1785.690	45528	0	200
2022.12.02	16:00:00	1785.722	1798.590	1784.546	1798.516	20928	0	200
2022.12.02	20:00:00	1798.485	1799.446	1797.141	1797.945	5522	0	200
2022.12.04	20:00:00	1795.131	1799.341	1794.397	1798.946	3012	0	200
2022.12.05	00:00:00	1798.977	1808.989	1798.631	1808.575	16058	0	200
2022.12.05	04:00:00	1808.577	1809.868	1797.294	1799.861	14436	0	200
2022.12.05	08:00:00	1799.850	1800.466	1793.249	1793.825	18645	0	200
2022.12.05	12:00:00	1793.856	1798.347	1773.007	1777.890	33492	0	200
2022.12.05	16:00:00	1777.921	1779.367	1765.756	1768.129	19874	0	200
2022.12.05	20:00:00	1768.098	1770.278	1766.618	1769.348	7579	0	200
2022.12.06	00:00:00	1769.314	1776.251	1768.255	1771.976	15468	0	200
2022.12.06	04:00:00	1771.978	1774.850	1767.277	1771.542	14577	0	200
2022.12.06	08:00:00	1771.539	1778.922	1769.275	1778.908	17632	0	200
2022.12.06	12:00:00	1778.858	1780.835	1770.751	1772.522	23767	0	200
2022.12.06	16:00:00	1772.511	1776.273	1767.201	1771.336	17077	0	200
2022.12.06	20:00:00	1771.368	1772.711	1770.236	1770.915	6161	0	200
2022.12.07	00:00:00	1770.918	1775.166	1768.683	1773.149	13444	0	200
2022.12.07	04:00:00	1773.148	1775.136	1769.611	1772.790	14571	0	200
2022.12.07	08:00:00	1772.760	1775.877	1771.112	1771.408	16641	0	200
2022.12.07	12:00:00	1771.420	1787.701	1770.766	1780.546	34371	0	200
2022.12.07	16:00:00	1780.516	1790.489	1776.284	1789.797	19541	0	200
2022.12.07	20:00:00	1789.765	1790.104	1785.417	1786.964	6608	0	200
2022.12.08	00:00:00	1786.974	1788.067	1781.372	1783.872	13295	0	200
2022.12.08	04:00:00	1783.866	1787.104	1781.819	1785.908	12008	0	200
2022.12.08	08:00:00	1785.915	1785.915	1781.624	1783.678	14437	0	200
2022.12.08	12:00:00	1783.657	1794.813	1783.385	1790.210	26489	0	200
2022.12.08	16:00:00	1790.179	1792.074	1786.570	1789.531	15946	0	200
2022.12.08	20:00:00	1789.499	1790.221	1787.644	1789.207	5287	0	200
2022.12.09	00:00:00	1789.210	1795.654	1788.466	1795.186	12859	0	200
2022.12.09	04:00:00	1795.191	1797.668	1790.955	1792.727	12343	0	200
2022.12.09	08:00:00	1792.694	1801.045	1788.899	1800.377	15066	0	200
2022.12.09	12:00:00	1800.410	1805.550	1790.136	1796.796	35241	0	200
2022.12.09	16:00:00	1796.827	1806.043	1795.985	1799.687	17650	0	200
2022.12.09	20:00:00	1799.653	1799.696	1794.761	1797.455	4966	0	200
2022.12.11	20:00:00	1795.942	1796.635	1794.757	1794.954	2137	0	200
2022.12.12	00:00:00	1794.938	1794.949	1786.757	1787.474	13350	0	200
2022.12.12	04:00:00	1787.476	1791.935	1785.437	1791.216	12511	0	200
2022.12.12	08:00:00	1791.219	1795.446	1788.954	1794.344	14401	0	200
2022.12.12	12:00:00	1794.369	1794.678	1783.035	1784.871	22414	0	200
2022.12.12	16:00:00	1784.901	1785.331	1777.541	1781.518	17682	0	200
2022.12.12	20:00:00	1781.486	1782.071	1779.484	1781.893	6228	0	200
2022.12.13	00:00:00	1781.894	1786.000	1780.983	1782.452	10893	0	200
2022.12.13	04:00:00	1782.483	1788.586	1781.091	1787.932	11302	0	200
2022.12.13	08:00:00	1787.963	1788.336	1782.555	1787.493	15171	0	200
2022.12.13	12:00:00	1787.483	1824.450	1786.576	1809.694	56098	0	200
2022.12.13	16:00:00	1809.725	1815.123	1805.300	1811.366	28150	0	200
2022.12.13	20:00:00	1811.345	1812.576	1809.364	1809.588	8260	0	200
2022.12.14	00:00:00	1809.586	1812.618	1808.813	1809.935	12138	0	200
2022.12.14	04:00:00	1809.924	1813.195	1807.402	1808.943	11355	0	200
2022.12.14	08:00:00	1808.980	1810.106	1805.248	1806.645	16382	0	200
2022.12.14	12:00:00	1806.676	1812.976	1804.270	1811.898	21630	0	200
2022.12.14	16:00:00	1811.926	1812.286	1795.718	1805.085	49590	0	200
2022.12.14	20:00:00	1805.120	1814.085	1804.191	1807.616	18040	0	200
2022.12.15	00:00:00	1807.617	1807.818	1792.286	1793.096	14427	0	200
2022.12.15	04:00:00	1793.085	1796.383	1787.514	1788.881	15056	0	200
2022.12.15	08:00:00	1788.916	1789.788	1773.434	1778.913	23687	0	200
2022.12.15	12:00:00	1778.849	1786.044	1773.879	1778.905	40956	0	200
2022.12.15	16:00:00	1778.935	1779.903	1774.432	1777.823	19789	0	200
2022.12.15	20:00:00	1777.803	1778.928	1775.553	1776.490	6765	0	200
2022.12.16	00:00:00	1776.456	1784.085	1775.986	1779.470	13239	0	200
2022.12.16	04:00:00	1779.473	1784.889	1776.483	1777.268	12998	0	200
2022.12.16	08:00:00	1777.305	1785.422	1774.271	1782.426	19210	0	200
2022.12.16	12:00:00	1782.461	1793.818	1782.135	1787.821	28165	0	200
2022.12.16	16:00:00	1787.852	1793.091	1787.108	1792.874	16328	0	200
2022.12.16	20:00:00	1792.863	1794.228	1791.792	1793.062	5377	0	200
2022.12.18	20:00:00	1792.453	1793.006	1790.950	1791.017	2246	0	200
2022.12.19	00:00:00	1790.997	1796.869	1790.865	1793.805	13902	0	200
2022.12.19	04:00:00	1793.836	1794.700	1790.267	1793.271	11442	0	200
2022.12.19	08:00:00	1793.302	1798.712	1793.270	1794.849	14819	0	200
2022.12.19	12:00:00	1794.782	1795.902	1785.750	1786.091	21130	0	200
2022.12.19	16:00:00	1786.085	1790.858	1783.783	1786.794	15623	0	200
2022.12.19	20:00:00	1786.830	1788.106	1786.256	1787.255	5268	0	200
2022.12.20	00:00:00	1787.224	1795.970	1784.563	1792.234	22907	0	200
2022.12.20	04:00:00	1792.226	1795.675	1786.914	1794.072	21808	0	200
2022.12.20	08:00:00	1794.042	1809.384	1793.947	1807.678	23002	0	200
2022.12.20	12:00:00	1807.637	1821.020	1798.052	1815.245	31662	0	200
2022.12.20	16:00:00	1815.278	1820.840	1813.775	1818.619	19233	0	200
2022.12.20	20:00:00	1818.633	1819.247	1816.844	1817.199	6926	0	200
2022.12.21	00:00:00	1817.168	1819.792	1814.348	1815.112	15022	0	200
2022.12.21	04:00:00	1815.121	1816.323	1811.868	1816.323	13884	0	200
2022.12.21	08:00:00	1816.355	1817.273	1811.854	1813.676	16648	0	200
2022.12.21	12:00:00	1813.707	1823.760	1813.201	1817.813	23550	0	200
2022.12.21	16:00:00	1817.783	1818.343	1813.453	1814.337	15789	0	200
2022.12.21	20:00:00	1814.368	1815.548	1812.782	1814.892	6023	0	200
2022.12.22	00:00:00	1814.856	1820.106	1814.583	1819.477	13122	0	200
2022.12.22	04:00:00	1819.476	1820.365	1813.626	1816.943	11627	0	200
2022.12.22	08:00:00	1816.908	1819.565	1813.734	1815.855	14909	0	200
2022.12.22	12:00:00	1815.848	1819.864	1794.476	1795.557	31632	0	200
2022.12.22	16:00:00	1795.577	1797.461	1784.764	1788.995	20042	0	200
2022.12.22	20:00:00	1788.998	1795.049	1788.501	1793.440	8082	0	200
2022.12.23	00:00:00	1793.461	1795.519	1791.269	1792.746	12162	0	200
2022.12.23	04:00:00	1792.773	1798.220	1792.479	1797.621	11181	0	200
2022.12.23	08:00:00	1797.595	1799.592	1795.021	1797.736	13793	0	200
2022.12.23	12:00:00	1797.740	1801.104	1791.140	1800.527	29092	0	200
2022.12.23	16:00:00	1800.523	1803.194	1793.580	1797.186	15240	0	200
2022.12.23	20:00:00	1797.191	1798.785	1795.530	1798.469	3945	0	200
2022.12.26	20:00:00	1799.575	1803.087	1799.248	1800.842	1600	0	1955
2022.12.27	00:00:00	1800.845	1806.410	1800.238	1804.517	11117	0	200
2022.12.27	04:00:00	1804.531	1808.346	1803.707	1805.569	10924	0	200
2022.12.27	08:00:00	1805.600	1810.479	1805.563	1809.790	13016	0	200
2022.12.27	12:00:00	1809.759	1833.269	1802.291	1824.588	29536	0	200
2022.12.27	16:00:00	1824.619	1826.289	1810.481	1812.975	21548	0	200
2022.12.27	20:00:00	1812.977	1814.791	1812.270	1812.353	5731	0	200
2022.12.28	00:00:00	1812.377	1814.566	1809.548	1810.109	12247	0	200
2022.12.28	04:00:00	1810.105	1812.239	1807.328	1810.305	11450	0	200
2022.12.28	08:00:00	1810.337	1811.380	1799.236	1803.194	17178	0	200
2022.12.28	12:00:00	1803.216	1809.412	1798.135	1798.220	24082	0	200
2022.12.28	16:00:00	1798.189	1809.190	1796.946	1805.338	17227	0	200
2022.12.28	20:00:00	1805.306	1805.937	1802.770	1805.765	5993	0	200
2022.12.29	00:00:00	1805.728	1809.340	1805.094	1807.547	10861	0	200
2022.12.29	04:00:00	1807.579	1810.106	1804.800	1806.281	10602	0	200
2022.12.29	08:00:00	1806.312	1811.985	1804.340	1806.651	14153	0	200
2022.12.29	12:00:00	1806.683	1818.090	1805.193	1813.519	24590	0	200
2022.12.29	16:00:00	1813.549	1820.145	1811.876	1817.264	15713	0	200
2022.12.29	20:00:00	1817.230	1817.232	1813.706	1815.096	6080	0	200
2022.12.30	00:00:00	1815.108	1819.076	1814.722	1816.893	10199	0	200
2022.12.30	04:00:00	1816.890	1822.250	1815.257	1816.697	10819	0	200
2022.12.30	08:00:00	1816.728	1820.202	1813.339	1818.917	15087	0	200
2022.12.30	12:00:00	1818.948	1825.190	1814.271	1818.458	26747	0	200
2022.12.30	16:00:00	1818.414	1825.985	1814.286	1821.677	20345	0	200
2022.12.30	20:00:00	1821.681	1824.680	1821.405	1823.510	5118	0	200
2023.01.02	20:00:00	1825.968	1830.460	1823.998	1829.131	2383	0	834
2023.01.03	00:00:00	1829.110	1843.079	1826.747	1841.151	16480	0	200
2023.01.03	04:00:00	1841.153	1849.902	1837.936	1847.464	16763	0	200
2023.01.03	08:00:00	1847.494	1847.972	1830.798	1833.158	24885	0	200
2023.01.03	12:00:00	1833.127	1849.777	1827.552	1833.189	34679	0	200
2023.01.03	16:00:00	1833.171	1840.181	1828.196	1839.036	22381	0	200
2023.01.03	20:00:00	1839.045	1839.853	1836.484	1836.522	8048	0	200
2023.01.04	00:00:00	1836.501	1847.142	1836.185	1845.591	13743	0	200
2023.01.04	04:00:00	1845.623	1858.602	1844.636	1858.272	15423	0	200
2023.01.04	08:00:00	1858.237	1865.086	1856.936	1860.105	21308	0	200
2023.01.04	12:00:00	1860.137	1862.676	1848.989	1857.722	37316	0	200
2023.01.04	16:00:00	1857.725	1860.354	1847.026	1852.451	27862	0	200
2023.01.04	20:00:00	1852.427	1857.144	1851.319	1854.827	8667	0	200
2023.01.05	00:00:00	1854.794	1858.971	1853.295	1853.296	14433	0	200
2023.01.05	04:00:00	1853.292	1855.609	1847.863	1849.323	14347	0	200
2023.01.05	08:00:00	1849.355	1851.309	1843.787	1846.247	19635	0	200
2023.01.05	12:00:00	1846.253	1848.762	1825.035	1826.851	40648	0	200
2023.01.05	16:00:00	1826.824	1837.435	1825.666	1834.276	20422	0	200
2023.01.05	20:00:00	1834.246	1834.246	1831.544	1832.799	7088	0	200
2023.01.06	00:00:00	1832.800	1840.824	1831.265	1839.281	13351	0	200
2023.01.06	04:00:00	1839.277	1840.649	1835.731	1838.339	12906	0	200
2023.01.06	08:00:00	1838.372	1840.472	1833.233	1836.638	16271	0	200
2023.01.06	12:00:00	1836.625	1863.121	1834.604	1862.213	51145	0	200
2023.01.06	16:00:00	1862.243	1869.783	1859.883	1868.842	20469	0	200
2023.01.06	20:00:00	1868.811	1869.312	1865.636	1865.989	5508	0	200
2023.01.08	20:00:00	1866.736	1869.889	1866.716	1869.602	3665	0	200
2023.01.09	00:00:00	1869.595	1879.494	1867.099	1877.167	17930	0	200
2023.01.09	04:00:00	1877.144	1880.837	1873.728	1875.028	14379	0	200
2023.01.09	08:00:00	1875.059	1876.916	1870.490	1873.012	18113	0	200
2023.01.09	12:00:00	1873.019	1881.406	1872.006	1874.666	29115	0	200
2023.01.09	16:00:00	1874.696	1878.449	1869.008	1875.188	20947	0	200
2023.01.09	20:00:00	1875.158	1875.158	1869.176	1870.490	7765	0	200
2023.01.10	00:00:00	1870.477	1875.925	1867.789	1871.820	15889	0	200
2023.01.10	04:00:00	1871.853	1875.180	1870.587	1872.018	12666	0	200
2023.01.10	08:00:00	1871.987	1877.221	1871.581	1875.153	18426	0	200
2023.01.10	12:00:00	1875.128	1880.719	1870.417	1875.668	32263	0	200
2023.01.10	16:00:00	1875.702	1877.342	1871.173	1876.610	18197	0	200
2023.01.10	20:00:00	1876.591	1878.673	1875.908	1877.167	6345	0	200
2023.01.11	00:00:00	1877.196	1878.396	1871.959	1877.662	12761	0	200
2023.01.11	04:00:00	1877.698	1884.555	1876.908	1881.597	14117	0	200
2023.01.11	08:00:00	1881.561	1886.576	1880.925	1883.006	18332	0	200
2023.01.11	12:00:00	1882.976	1883.268	1869.313	1871.973	29509	0	200
2023.01.11	16:00:00	1872.005	1878.463	1867.093	1877.694	19343	0	200
2023.01.11	20:00:00	1877.710	1878.045	1874.466	1876.939	6813	0	200
2023.01.12	00:00:00	1876.935	1884.711	1875.822	1883.556	13528	0	200
2023.01.12	04:00:00	1883.523	1884.961	1879.851	1882.439	12137	0	200
2023.01.12	08:00:00	1882.470	1886.221	1881.156	1885.168	14921	0	200
2023.01.12	12:00:00	1885.138	1901.591	1873.261	1888.811	60696	0	200
2023.01.12	16:00:00	1888.808	1899.509	1888.359	1897.745	23679	0	200
2023.01.12	20:00:00	1897.714	1899.478	1894.191	1898.022	8272	0	200
2023.01.13	00:00:00	1898.023	1900.916	1895.957	1897.826	16162	0	200
2023.01.13	04:00:00	1897.815	1899.863	1892.282	1899.525	15322	0	200
2023.01.13	08:00:00	1899.557	1909.644	1897.951	1899.742	21318	0	200
2023.01.13	12:00:00	1899.708	1916.406	1893.618	1913.666	33866	0	200
2023.01.13	16:00:00	1913.635	1921.854	1909.403	1919.966	19990	0	200
2023.01.13	20:00:00	1919.990	1921.422	1918.438	1920.251	4878	0	200
2023.01.15	20:00:00	1919.066	1920.450	1916.844	1916.893	2928	0	200
2023.01.16	00:00:00	1916.904	1928.751	1916.749	1926.338	15188	0	200
2023.01.16	04:00:00	1926.340	1926.994	1913.215	1917.110	13904	0	200
2023.01.16	08:00:00	1917.067	1919.275	1910.813	1916.532	15941	0	200
2023.01.16	12:00:00	1916.501	1917.180	1911.334	1915.965	16696	0	200
2023.01.16	16:00:00	1915.982	1916.066	1912.765	1915.082	6123	0	200
2023.01.16	20:00:00	1914.926	1918.284	1914.918	1917.856	1507	0	200
2023.01.17	00:00:00	1917.882	1918.996	1909.315	1910.221	14558	0	200
2023.01.17	04:00:00	1910.229	1913.205	1906.949	1910.003	13886	0	200
2023.01.17	08:00:00	1909.985	1912.726	1904.211	1912.646	16652	0	200
2023.01.17	12:00:00	1912.654	1916.580	1907.033	1911.007	30533	0	200
2023.01.17	16:00:00	1911.029	1913.284	1903.633	1907.881	18725	0	200
2023.01.17	20:00:00	1907.851	1910.752	1907.482	1908.691	7569	0	200
2023.01.18	00:00:00	1908.674	1910.319	1899.183	1900.092	20338	0	200
2023.01.18	04:00:00	1900.062	1908.934	1896.559	1907.739	19403	0	200
2023.01.18	08:00:00	1907.741	1916.735	1907.741	1915.647	18299	0	200
2023.01.18	12:00:00	1915.614	1925.862	1911.353	1912.264	39030	0	200
2023.01.18	16:00:00	1912.234	1912.739	1901.547	1905.061	24057	0	200
2023.01.18	20:00:00	1905.092	1907.306	1902.275	1906.818	8036	0	200
2023.01.19	00:00:00	1906.848	1910.692	1900.950	1908.980	16804	0	200
2023.01.19	04:00:00	1908.950	1912.855	1906.368	1911.280	14930	0	200
2023.01.19	08:00:00	1911.319	1916.715	1906.618	1908.096	17467	0	200
2023.01.19	12:00:00	1908.095	1923.253	1906.807	1918.032	32965	0	200
2023.01.19	16:00:00	1918.064	1931.358	1917.619	1929.653	22844	0	200
2023.01.19	20:00:00	1929.620	1935.129	1929.281	1931.680	9673	0	200
2023.01.20	00:00:00	1931.683	1934.797	1927.466	1927.535	13221	0	200
2023.01.20	04:00:00	1927.539	1933.047	1923.156	1933.026	14001	0	200
2023.01.20	08:00:00	1932.982	1937.401	1926.506	1927.021	19115	0	200
2023.01.20	12:00:00	1926.959	1930.914	1920.580	1926.318	28129	0	200
2023.01.20	16:00:00	1926.352	1930.959	1922.787	1929.653	18442	0	200
2023.01.20	20:00:00	1929.629	1929.944	1925.900	1925.916	5023	0	200
2023.01.22	20:00:00	1924.243	1927.327	1924.189	1927.258	2521	0	200
2023.01.23	00:00:00	1927.232	1935.466	1927.232	1930.603	11992	0	200
2023.01.23	04:00:00	1930.600	1931.158	1919.641	1920.224	13917	0	200
2023.01.23	08:00:00	1920.258	1929.315	1918.778	1925.518	17986	0	200
2023.01.23	12:00:00	1925.548	1927.785	1911.296	1922.923	33246	0	200
2023.01.23	16:00:00	1922.953	1929.596	1919.128	1926.375	20625	0	200
2023.01.23	20:00:00	1926.407	1932.692	1925.960	1931.325	7598	0	200
2023.01.24	00:00:00	1931.313	1937.001	1930.770	1933.435	9895	0	200
2023.01.24	04:00:00	1933.427	1941.383	1931.802	1940.313	12901	0	200
2023.01.24	08:00:00	1940.339	1942.395	1934.279	1937.190	17025	0	200
2023.01.24	12:00:00	1937.201	1939.386	1916.962	1934.973	35939	0	200
2023.01.24	16:00:00	1935.005	1938.202	1930.122	1938.056	18950	0	200
2023.01.24	20:00:00	1938.087	1938.191	1936.271	1936.963	6418	0	200
2023.01.25	00:00:00	1936.953	1939.660	1928.724	1931.738	12112	0	200
2023.01.25	04:00:00	1931.768	1933.736	1925.781	1928.702	15416	0	200
2023.01.25	08:00:00	1928.733	1932.348	1922.687	1925.905	18116	0	200
2023.01.25	12:00:00	1925.871	1938.701	1919.804	1932.976	31404	0	200
2023.01.25	16:00:00	1933.006	1943.164	1928.771	1942.317	20057	0	200
2023.01.25	20:00:00	1942.349	1948.739	1942.288	1948.321	9990	0	200
2023.01.26	00:00:00	1948.346	1949.116	1942.500	1947.663	11279	0	200
2023.01.26	04:00:00	1947.675	1948.919	1938.023	1942.906	14478	0	200
2023.01.26	08:00:00	1942.876	1945.040	1933.068	1936.961	17593	0	200
2023.01.26	12:00:00	1936.991	1942.332	1923.156	1924.812	39305	0	200
2023.01.26	16:00:00	1924.782	1933.090	1918.410	1931.185	23976	0	200
2023.01.26	20:00:00	1931.215	1931.215	1928.269	1930.718	6713	0	200
2023.01.27	00:00:00	1930.679	1934.790	1923.868	1924.694	11887	0	200
2023.01.27	04:00:00	1924.699	1925.706	1919.794	1923.093	13011	0	200
2023.01.27	08:00:00	1923.126	1931.398	1922.962	1930.093	14660	0	200
2023.01.27	12:00:00	1930.124	1935.025	1916.655	1924.088	29731	0	200
2023.01.27	16:00:00	1924.057	1932.128	1923.811	1929.886	18362	0	200
2023.01.27	20:00:00	1929.904	1930.540	1926.162	1928.265	5077	0	200
2023.01.29	20:00:00	1926.737	1928.918	1926.408	1928.854	2431	0	200
2023.01.30	00:00:00	1928.859	1931.002	1924.385	1926.269	14854	0	200
2023.01.30	04:00:00	1926.268	1934.425	1923.130	1924.485	17263	0	200
2023.01.30	08:00:00	1924.478	1930.707	1920.627	1923.154	19180	0	200
2023.01.30	12:00:00	1923.159	1930.325	1922.461	1925.602	21471	0	200
2023.01.30	16:00:00	1925.570	1925.776	1920.748	1923.276	16511	0	200
2023.01.30	20:00:00	1923.278	1923.598	1921.162	1922.089	6916	0	200
2023.01.31	00:00:00	1922.121	1927.356	1920.753	1921.003	13350	0	200
2023.01.31	04:00:00	1921.028	1921.858	1911.977	1914.494	14857	0	200
2023.01.31	08:00:00	1914.386	1914.849	1901.123	1904.174	19731	0	200
2023.01.31	12:00:00	1904.207	1929.248	1900.736	1928.572	37544	0	200
2023.01.31	16:00:00	1928.606	1931.088	1926.255	1928.614	17879	0	200
2023.01.31	20:00:00	1928.644	1929.101	1927.065	1927.336	6952	0	200
2023.02.01	00:00:00	1927.329	1928.752	1924.520	1926.785	11038	0	200
2023.02.01	04:00:00	1926.774	1929.214	1924.101	1924.947	12123	0	200
2023.02.01	08:00:00	1924.956	1930.200	1923.270	1928.759	15215	0	200
2023.02.01	12:00:00	1928.750	1933.176	1922.755	1931.843	28940	0	200
2023.02.01	16:00:00	1931.874	1944.003	1920.494	1942.948	47157	0	200
2023.02.01	20:00:00	1942.981	1955.951	1939.164	1953.043	24234	0	200
2023.02.02	00:00:00	1953.008	1957.251	1950.712	1952.341	17919	0	200
2023.02.02	04:00:00	1952.326	1959.639	1951.198	1955.475	14848	0	200
2023.02.02	08:00:00	1955.506	1959.588	1951.550	1954.682	18721	0	200
2023.02.02	12:00:00	1954.714	1955.928	1917.107	1926.115	52847	0	200
2023.02.02	16:00:00	1926.078	1926.273	1911.751	1913.204	27933	0	200
2023.02.02	20:00:00	1913.172	1915.405	1911.211	1915.002	12162	0	200
2023.02.03	00:00:00	1914.998	1918.515	1913.975	1916.279	14105	0	200
2023.02.03	04:00:00	1916.269	1918.170	1909.985	1913.638	15317	0	200
2023.02.03	08:00:00	1913.639	1916.117	1909.235	1914.384	18149	0	200
2023.02.03	12:00:00	1914.377	1917.009	1869.067	1873.034	70345	0	200
2023.02.03	16:00:00	1873.070	1874.987	1861.424	1865.677	22266	0	0
2023.02.03	20:00:00	1865.669	1866.993	1864.260	1865.705	6918	0	200
2023.02.05	20:00:00	1864.169	1869.894	1863.718	1865.462	4303	0	200
2023.02.06	00:00:00	1865.429	1876.663	1863.680	1876.537	19737	0	200
2023.02.06	04:00:00	1876.541	1878.780	1874.352	1875.897	14874	0	200
2023.02.06	08:00:00	1875.928	1881.296	1868.186	1871.599	21570	0	200
2023.02.06	12:00:00	1871.581	1875.738	1862.982	1865.912	27965	0	200
2023.02.06	16:00:00	1865.946	1871.246	1863.525	1865.660	20753	0	200
2023.02.06	20:00:00	1865.629	1869.742	1865.179	1868.476	7554	0	200
2023.02.07	00:00:00	1868.507	1875.555	1868.254	1872.704	13643	0	200
2023.02.07	04:00:00	1872.714	1876.859	1871.641	1876.211	13561	0	200
2023.02.07	08:00:00	1876.192	1877.943	1866.058	1867.411	20147	0	200
2023.02.07	12:00:00	1867.419	1879.841	1865.671	1879.378	26941	0	200
2023.02.07	16:00:00	1879.383	1884.428	1864.972	1871.714	53717	0	200
2023.02.07	20:00:00	1871.744	1878.021	1867.282	1872.894	9557	0	200
2023.02.08	00:00:00	1872.893	1878.398	1872.464	1876.356	12216	0	200
2023.02.08	04:00:00	1876.322	1886.237	1873.263	1886.237	13240	0	200
2023.02.08	08:00:00	1886.268	1886.342	1878.603	1880.181	19390	0	200
2023.02.08	12:00:00	1880.212	1883.608	1868.977	1873.895	29019	0	200
2023.02.08	16:00:00	1873.876	1879.825	1872.232	1876.174	21521	0	200
2023.02.08	20:00:00	1876.153	1876.259	1873.763	1874.989	6932	0	200
2023.02.09	00:00:00	1874.983	1880.278	1872.050	1878.620	12513	0	200
2023.02.09	04:00:00	1878.637	1881.991	1876.774	1880.553	14411	0	200
2023.02.09	08:00:00	1880.520	1886.103	1879.900	1882.100	17659	0	200
2023.02.09	12:00:00	1882.131	1890.170	1872.502	1874.158	29325	0	200
2023.02.09	16:00:00	1874.124	1875.646	1859.878	1861.888	30198	0	200
2023.02.09	20:00:00	1861.921	1863.115	1858.842	1862.322	9593	0	200
2023.02.10	00:00:00	1862.353	1865.386	1855.188	1855.252	16078	0	200
2023.02.10	04:00:00	1855.243	1866.792	1852.744	1866.165	20296	0	200
2023.02.10	08:00:00	1866.130	1872.159	1860.416	1864.728	25864	0	200
2023.02.10	12:00:00	1864.707	1868.454	1858.983	1859.842	29812	0	200
2023.02.10	16:00:00	1859.811	1864.661	1856.354	1863.658	18674	0	200
2023.02.10	20:00:00	1863.672	1865.685	1862.682	1865.314	4944	0	200
2023.02.12	20:00:00	1863.970	1865.290	1862.633	1862.705	2215	0	200
2023.02.13	00:00:00	1862.739	1863.808	1858.064	1858.809	14229	0	200
2023.02.13	04:00:00	1858.780	1866.533	1856.994	1863.868	14652	0	200
2023.02.13	08:00:00	1863.898	1864.124	1853.798	1862.116	17684	0	200
2023.02.13	12:00:00	1862.133	1862.955	1853.145	1855.201	23995	0	200
2023.02.13	16:00:00	1855.169	1855.888	1850.417	1852.767	16035	0	200
2023.02.13	20:00:00	1852.775	1854.527	1851.250	1854.376	6240	0	200
2023.02.14	00:00:00	1854.380	1858.508	1853.988	1858.093	11725	0	200
2023.02.14	04:00:00	1858.120	1864.858	1857.073	1858.701	12613	0	200
2023.02.14	08:00:00	1858.732	1863.822	1853.694	1857.238	16330	0	200
2023.02.14	12:00:00	1857.229	1870.322	1843.190	1852.265	75672	0	200
2023.02.14	16:00:00	1852.296	1858.794	1843.885	1855.456	31766	0	200
2023.02.14	20:00:00	1855.425	1856.231	1853.459	1854.865	7742	0	200
2023.02.15	00:00:00	1854.862	1860.066	1847.474	1848.243	15444	0	200
2023.02.15	04:00:00	1848.241	1848.799	1834.882	1835.631	18940	0	200
2023.02.15	08:00:00	1835.598	1837.679	1831.813	1834.908	21666	0	200
2023.02.15	12:00:00	1834.875	1838.871	1830.262	1834.088	35506	0	200
2023.02.15	16:00:00	1834.100	1837.997	1831.207	1835.388	18989	0	200
2023.02.15	20:00:00	1835.420	1838.582	1834.782	1836.361	7388	0	200
2023.02.16	00:00:00	1836.353	1842.578	1834.459	1840.426	14106	0	200
2023.02.16	04:00:00	1840.449	1841.636	1834.259	1841.294	14093	0	200
2023.02.16	08:00:00	1841.262	1844.774	1834.759	1837.340	16402	0	200
2023.02.16	12:00:00	1837.370	1840.340	1827.567	1834.530	34915	0	200
2023.02.16	16:00:00	1834.563	1845.266	1832.373	1842.731	23093	0	200
2023.02.16	20:00:00	1842.764	1842.950	1833.277	1834.272	12368	0	200
2023.02.17	00:00:00	1834.288	1834.288	1825.646	1828.188	14486	0	200
2023.02.17	04:00:00	1828.205	1828.488	1821.773	1824.051	14827	0	200
2023.02.17	08:00:00	1824.007	1828.016	1818.861	1824.653	19439	0	200
2023.02.17	12:00:00	1824.683	1840.889	1822.615	1834.369	32709	0	200
2023.02.17	16:00:00	1834.400	1843.518	1834.257	1842.683	20876	0	200
2023.02.17	20:00:00	1842.713	1843.547	1840.909	1842.499	5390	0	200
2023.02.19	20:00:00	1841.163	1841.687	1838.386	1838.659	2114	0	200
2023.02.20	00:00:00	1838.666	1843.138	1837.282	1842.815	11846	0	200
2023.02.20	04:00:00	1842.813	1846.277	1841.125	1845.983	11919	0	200
2023.02.20	08:00:00	1845.965	1847.390	1841.001	1844.706	11116	0	200
2023.02.20	12:00:00	1844.758	1846.897	1842.241	1843.193	10976	0	329
2023.02.20	16:00:00	1843.183	1843.978	1840.239	1841.069	4956	0	329
2023.02.20	20:00:00	1841.310	1842.561	1841.212	1841.674	1015	0	200
2023.02.21	00:00:00	1841.705	1843.651	1837.080	1838.407	12380	0	200
2023.02.21	04:00:00	1838.387	1839.693	1833.525	1834.777	12952	0	200
2023.02.21	08:00:00	1834.747	1836.748	1831.050	1833.791	19505	0	200
2023.02.21	12:00:00	1833.798	1843.801	1830.204	1838.710	30504	0	200
2023.02.21	16:00:00	1838.742	1839.461	1831.687	1834.017	19023	0	200
2023.02.21	20:00:00	1834.048	1836.484	1834.048	1835.548	5904	0	200
2023.02.22	00:00:00	1835.552	1838.384	1834.964	1836.150	12492	0	200
2023.02.22	04:00:00	1836.152	1839.931	1834.592	1839.882	10305	0	200
2023.02.22	08:00:00	1839.850	1841.137	1832.070	1838.851	17723	0	200
2023.02.22	12:00:00	1838.891	1845.972	1831.712	1836.029	25541	0	200
2023.02.22	16:00:00	1835.996	1837.033	1824.667	1824.916	25615	0	200
2023.02.22	20:00:00	1824.886	1827.336	1823.473	1825.075	9290	0	200
2023.02.23	00:00:00	1825.086	1830.414	1823.143	1827.855	12327	0	200
2023.02.23	04:00:00	1827.835	1833.723	1827.472	1829.709	12249	0	200
2023.02.23	08:00:00	1829.674	1829.674	1823.944	1826.383	14346	0	200
2023.02.23	12:00:00	1826.406	1830.094	1817.218	1823.527	32153	0	200
2023.02.23	16:00:00	1823.522	1824.110	1818.408	1822.920	21800	0	200
2023.02.23	20:00:00	1822.938	1824.086	1822.135	1823.166	5922	0	200
2023.02.24	00:00:00	1823.187	1827.755	1822.944	1825.692	14182	0	200
2023.02.24	04:00:00	1825.713	1826.364	1821.721	1822.036	11478	0	200
2023.02.24	08:00:00	1822.022	1825.579	1817.352	1819.104	16408	0	200
2023.02.24	12:00:00	1819.070	1819.143	1808.931	1810.625	36298	0	200
2023.02.24	16:00:00	1810.658	1814.126	1808.912	1810.941	17159	0	200
2023.02.24	20:00:00	1810.898	1813.395	1810.511	1810.778	5315	0	200
2023.02.26	20:00:00	1811.891	1813.078	1811.239	1811.740	2182	0	200
2023.02.27	00:00:00	1811.728	1814.149	1806.177	1807.910	13487	0	200
2023.02.27	04:00:00	1807.938	1812.352	1807.071	1810.638	13340	0	200
2023.02.27	08:00:00	1810.631	1813.658	1808.240	1811.409	15462	0	200
2023.02.27	12:00:00	1811.377	1820.088	1810.070	1815.380	24637	0	200
2023.02.27	16:00:00	1815.373	1820.071	1812.583	1817.366	15908	0	200
2023.02.27	20:00:00	1817.335	1818.014	1815.957	1817.137	6282	0	200
2023.02.28	00:00:00	1817.138	1819.356	1814.640	1814.818	10299	0	200
2023.02.28	04:00:00	1814.812	1816.775	1810.163	1810.413	12094	0	200
2023.02.28	08:00:00	1810.444	1812.982	1804.363	1809.027	17250	0	200
2023.02.28	12:00:00	1808.998	1826.727	1807.228	1824.070	27516	0	200
2023.02.28	16:00:00	1824.101	1831.104	1824.076	1828.939	19703	0	200
2023.02.28	20:00:00	1828.951	1829.283	1825.405	1825.551	7411	0	200
2023.03.01	00:00:00	1825.552	1831.122	1823.042	1830.963	13580	0	200
2023.03.01	04:00:00	1830.961	1836.724	1829.908	1835.555	14525	0	200
2023.03.01	08:00:00	1835.524	1838.486	1830.370	1835.249	18047	0	200
2023.03.01	12:00:00	1835.279	1844.574	1833.400	1842.018	32168	0	200
2023.03.01	16:00:00	1842.010	1842.170	1836.467	1838.268	19514	0	200
2023.03.01	20:00:00	1838.303	1838.901	1836.547	1836.554	6117	0	200
2023.03.02	00:00:00	1836.530	1838.189	1830.972	1833.444	13205	0	200
2023.03.02	04:00:00	1833.443	1834.792	1830.159	1831.633	11779	0	200
2023.03.02	08:00:00	1831.658	1837.288	1829.947	1836.662	17302	0	200
2023.03.02	12:00:00	1836.653	1838.932	1830.055	1836.594	29042	0	200
2023.03.02	16:00:00	1836.580	1838.645	1832.223	1835.589	18276	0	200
2023.03.02	20:00:00	1835.559	1838.106	1834.889	1837.818	6836	0	200
2023.03.03	00:00:00	1837.787	1841.455	1837.756	1838.742	13559	0	200
2023.03.03	04:00:00	1838.749	1844.774	1837.823	1842.722	11361	0	200
2023.03.03	08:00:00	1842.718	1849.188	1842.718	1848.416	15927	0	200
2023.03.03	12:00:00	1848.403	1848.590	1838.952	1844.588	26421	0	200
2023.03.03	16:00:00	1844.619	1853.646	1843.796	1853.275	17406	0	200
2023.03.03	20:00:00	1853.307	1856.278	1852.638	1855.265	6010	0	200
2023.03.05	20:00:00	1853.694	1854.076	1852.152	1852.294	1832	0	200
2023.03.06	00:00:00	1852.302	1855.848	1850.730	1854.940	12810	0	200
2023.03.06	04:00:00	1854.941	1858.123	1852.753	1856.228	11992	0	200
2023.03.06	08:00:00	1856.195	1857.092	1847.257	1848.452	15859	0	200
2023.03.06	12:00:00	1848.454	1853.923	1848.038	1850.982	21452	0	200
2023.03.06	16:00:00	1850.950	1852.756	1845.066	1846.090	16755	0	200
2023.03.06	20:00:00	1846.072	1847.252	1845.604	1846.323	5909	0	200
2023.03.07	00:00:00	1846.303	1850.432	1844.020	1847.538	12091	0	200
2023.03.07	04:00:00	1847.530	1851.468	1845.366	1848.436	10974	0	200
2023.03.07	08:00:00	1848.404	1849.626	1840.885	1841.913	14595	0	200
2023.03.07	12:00:00	1841.906	1841.906	1815.441	1817.951	38086	0	200
2023.03.07	16:00:00	1817.898	1823.141	1812.670	1813.844	27086	0	200
2023.03.07	20:00:00	1813.884	1815.958	1813.139	1813.936	7519	0	200
2023.03.08	00:00:00	1813.935	1814.096	1809.372	1809.820	12568	0	200
2023.03.08	04:00:00	1809.826	1815.030	1809.826	1814.197	11553	0	200
2023.03.08	08:00:00	1814.166	1816.576	1812.323	1815.000	13449	0	200
2023.03.08	12:00:00	1815.017	1824.235	1812.159	1820.599	33367	0	200
2023.03.08	16:00:00	1820.635	1821.851	1813.278	1816.233	19170	0	200
2023.03.08	20:00:00	1816.264	1816.312	1812.834	1815.196	5961	0	200
2023.03.09	00:00:00	1815.209	1816.446	1811.922	1813.708	10363	0	200
2023.03.09	04:00:00	1813.712	1816.008	1812.696	1814.774	10002	0	200
2023.03.09	08:00:00	1814.783	1820.308	1813.645	1818.733	13196	0	200
2023.03.09	12:00:00	1818.698	1835.548	1815.424	1828.626	27123	0	200
2023.03.09	16:00:00	1828.658	1834.998	1825.492	1830.512	21612	0	200
2023.03.09	20:00:00	1830.545	1832.295	1828.954	1831.569	8537	0	200
2023.03.10	00:00:00	1831.565	1834.830	1828.075	1829.200	16140	0	200
2023.03.10	04:00:00	1829.202	1834.654	1827.702	1833.516	13747	0	200
2023.03.10	08:00:00	1833.548	1837.226	1830.910	1834.910	16857	0	200
2023.03.10	12:00:00	1834.941	1867.404	1831.765	1863.028	52492	0	200
2023.03.10	16:00:00	1863.024	1865.369	1854.087	1863.818	33294	0	200
2023.03.10	20:00:00	1863.842	1870.031	1863.514	1867.109	9150	0	200
2023.03.12	20:00:00	1883.238	1894.368	1875.749	1877.746	25382	0	200
2023.03.13	00:00:00	1877.716	1888.766	1872.137	1882.539	25325	0	200
2023.03.13	04:00:00	1882.572	1883.653	1871.496	1876.235	18706	0	200
2023.03.13	08:00:00	1876.231	1893.764	1875.449	1889.662	37724	0	200
2023.03.13	12:00:00	1889.631	1913.016	1887.177	1904.910	75171	0	200
2023.03.13	16:00:00	1904.878	1914.577	1903.313	1913.301	32360	0	200
2023.03.13	20:00:00	1913.263	1914.070	1909.909	1912.025	7862	0	200
2023.03.14	00:00:00	1912.055	1914.113	1902.565	1902.877	16383	0	200
2023.03.14	04:00:00	1902.894	1913.398	1901.454	1912.592	21199	0	200
2023.03.14	08:00:00	1912.557	1913.297	1900.595	1904.116	24873	0	200
2023.03.14	12:00:00	1904.149	1911.855	1895.228	1904.119	57956	0	200
2023.03.14	16:00:00	1904.089	1910.288	1902.167	1902.420	26849	0	200
2023.03.14	20:00:00	1902.453	1904.913	1902.453	1903.064	5700	0	200
2023.03.15	00:00:00	1903.055	1905.638	1899.925	1902.849	14463	0	200
2023.03.15	04:00:00	1902.844	1903.416	1896.302	1896.456	14488	0	200
2023.03.15	08:00:00	1896.423	1918.940	1885.584	1918.108	40822	0	200
2023.03.15	12:00:00	1918.075	1930.328	1916.967	1927.151	68284	0	200
2023.03.15	16:00:00	1927.183	1937.287	1908.969	1916.717	49618	0	200
2023.03.15	20:00:00	1916.747	1922.796	1916.128	1921.155	8129	0	200
2023.03.16	00:00:00	1921.145	1924.344	1907.298	1913.197	24209	0	200
2023.03.16	04:00:00	1913.208	1920.675	1912.189	1916.643	20161	0	200
2023.03.16	08:00:00	1916.673	1927.035	1915.759	1926.878	21876	0	200
2023.03.16	12:00:00	1926.908	1933.443	1913.335	1918.692	64090	0	200
2023.03.16	16:00:00	1918.648	1921.126	1914.332	1920.549	29471	0	200
2023.03.16	20:00:00	1920.514	1922.060	1918.466	1921.294	5619	0	200
2023.03.17	00:00:00	1921.306	1929.655	1918.196	1927.635	16208	0	200
2023.03.17	04:00:00	1927.653	1934.278	1927.209	1930.287	16458	0	200
2023.03.17	08:00:00	1930.318	1937.136	1927.331	1935.014	19392	0	200
2023.03.17	12:00:00	1935.049	1964.892	1934.916	1959.269	49658	0	200
2023.03.17	16:00:00	1959.300	1987.718	1955.282	1976.229	43668	0	200
2023.03.17	20:00:00	1976.270	1988.311	1975.236	1988.129	5883	0	200
2023.03.19	20:00:00	1985.925	1988.132	1975.037	1976.936	11961	0	200
2023.03.20	00:00:00	1976.968	1978.387	1968.114	1973.311	22701	0	200
2023.03.20	04:00:00	1973.308	2009.668	1972.970	2003.415	34847	0	200
2023.03.20	08:00:00	2003.384	2006.137	1973.911	1983.780	44657	0	200
2023.03.20	12:00:00	1983.812	1986.561	1965.627	1973.763	55577	0	200
2023.03.20	16:00:00	1973.730	1984.349	1972.931	1977.152	26968	0	200
2023.03.20	20:00:00	1977.170	1980.021	1976.241	1976.585	6160	0	200
2023.03.21	00:00:00	1976.581	1985.121	1975.242	1983.760	15510	0	200
2023.03.21	04:00:00	1983.756	1983.756	1970.255	1970.316	19006	0	200
2023.03.21	08:00:00	1970.286	1970.819	1962.779	1966.283	24346	0	200
2023.03.21	12:00:00	1966.285	1967.068	1943.125	1948.149	48442	0	200
2023.03.21	16:00:00	1948.115	1948.970	1935.343	1940.163	26499	0	200
2023.03.21	20:00:00	1940.195	1943.918	1939.310	1943.106	6127	0	200
2023.03.22	00:00:00	1943.074	1946.169	1938.167	1939.602	17051	0	200
2023.03.22	04:00:00	1939.574	1943.485	1934.057	1939.791	18119	0	200
2023.03.22	08:00:00	1939.759	1945.611	1939.579	1942.411	20752	0	200
2023.03.22	12:00:00	1942.414	1951.888	1937.051	1947.214	31892	0	200
2023.03.22	16:00:00	1947.228	1978.802	1945.048	1972.710	65202	0	200
2023.03.22	20:00:00	1972.678	1975.103	1964.520	1969.706	11668	0	200
2023.03.23	00:00:00	1969.755	1977.588	1966.317	1976.875	22279	0	200
2023.03.23	04:00:00	1976.878	1983.618	1974.926	1976.814	22520	0	200
2023.03.23	08:00:00	1976.846	1980.642	1974.250	1978.413	21800	0	200
2023.03.23	12:00:00	1978.407	1987.033	1966.514	1984.001	37262	0	200
2023.03.23	16:00:00	1984.038	2003.277	1982.717	1997.711	43529	0	200
2023.03.23	20:00:00	1997.747	1998.875	1990.086	1991.324	8780	0	200
2023.03.24	00:00:00	1991.292	1994.827	1989.714	1992.815	19623	0	200
2023.03.24	04:00:00	1992.829	1993.329	1985.267	1989.406	17739	0	200
2023.03.24	08:00:00	1989.437	2000.245	1981.221	1995.789	31793	0	200
2023.03.24	12:00:00	1995.748	2002.989	1985.886	1987.250	55951	0	200
2023.03.24	16:00:00	1987.276	1990.570	1975.239	1975.967	30598	0	200
2023.03.24	20:00:00	1975.997	1979.348	1975.165	1978.777	3093	0	200
2023.03.26	20:00:00	1976.400	1976.735	1969.153	1975.691	7622	0	200
2023.03.27	00:00:00	1975.658	1978.691	1972.101	1974.584	18691	0	200
2023.03.27	04:00:00	1974.588	1975.462	1965.876	1970.923	19457	0	200
2023.03.27	08:00:00	1970.887	1972.116	1948.143	1954.140	25538	0	200
2023.03.27	12:00:00	1954.154	1958.695	1943.944	1956.844	35330	0	200
2023.03.27	16:00:00	1956.831	1959.385	1950.706	1956.897	18336	0	200
2023.03.27	20:00:00	1956.928	1958.270	1955.688	1958.071	5181	0	200
2023.03.28	00:00:00	1958.040	1963.955	1957.692	1959.685	15340	0	200
2023.03.28	04:00:00	1959.658	1960.810	1951.873	1953.902	18129	0	200
2023.03.28	08:00:00	1953.932	1958.518	1949.141	1956.994	17351	0	200
2023.03.28	12:00:00	1956.989	1969.897	1956.944	1966.619	30571	0	200
2023.03.28	16:00:00	1966.650	1975.255	1965.652	1973.314	18416	0	200
2023.03.28	20:00:00	1973.348	1974.423	1971.476	1971.867	5212	0	200
2023.03.29	00:00:00	1971.898	1972.854	1965.859	1966.469	13641	0	200
2023.03.29	04:00:00	1966.474	1968.826	1958.550	1961.645	16311	0	200
2023.03.29	08:00:00	1961.657	1969.117	1960.808	1966.687	15165	0	200
2023.03.29	12:00:00	1966.693	1971.684	1960.571	1961.812	27870	0	200
2023.03.29	16:00:00	1961.780	1969.171	1961.067	1963.132	16486	0	200
2023.03.29	20:00:00	1963.164	1964.862	1962.673	1963.197	5108	0	200
2023.03.30	00:00:00	1963.201	1963.503	1955.195	1959.566	14119	0	200
2023.03.30	04:00:00	1959.577	1971.274	1958.930	1966.630	16360	0	200
2023.03.30	08:00:00	1966.600	1971.186	1964.919	1968.603	15101	0	200
2023.03.30	12:00:00	1968.635	1975.290	1963.913	1974.699	30468	0	200
2023.03.30	16:00:00	1974.730	1984.251	1974.730	1981.297	18545	0	200
2023.03.30	20:00:00	1981.261	1981.944	1977.982	1978.386	5466	0	200
2023.03.31	00:00:00	1978.412	1983.578	1977.633	1981.181	14966	0	200
2023.03.31	04:00:00	1981.158	1985.017	1974.804	1975.261	14562	0	200
2023.03.31	08:00:00	1975.266	1981.907	1973.172	1980.192	16521	0	200
2023.03.31	12:00:00	1980.204	1987.544	1974.764	1979.658	33407	0	200
2023.03.31	16:00:00	1979.650	1979.747	1966.806	1970.931	20335	0	200
2023.03.31	20:00:00	1970.895	1970.960	1968.460	1969.376	2532	0	200
2023.04.02	20:00:00	1966.275	1967.407	1956.964	1957.027	9069	0	200
2023.04.03	00:00:00	1957.063	1964.465	1949.542	1951.794	20458	0	200
2023.04.03	04:00:00	1951.801	1961.934	1950.456	1961.794	15655	0	200
2023.04.03	08:00:00	1961.785	1978.705	1961.181	1978.632	17291	0	200
2023.04.03	12:00:00	1978.600	1990.476	1972.343	1987.944	35339	0	200
2023.04.03	16:00:00	1987.942	1990.440	1981.862	1985.126	18660	0	200
2023.04.03	20:00:00	1985.094	1985.901	1983.571	1984.935	4441	0	200
2023.04.04	00:00:00	1984.929	1985.266	1977.776	1978.088	12866	0	200
2023.04.04	04:00:00	1978.080	1983.739	1976.821	1982.139	14938	0	200
2023.04.04	08:00:00	1982.134	1984.312	1978.467	1981.952	15571	0	200
2023.04.04	12:00:00	1981.953	2024.947	1981.437	2020.205	52665	0	200
2023.04.04	16:00:00	2020.174	2024.953	2017.820	2021.824	21249	0	200
2023.04.04	20:00:00	2021.791	2023.585	2019.674	2021.734	6903	0	200
2023.04.05	00:00:00	2021.748	2025.233	2019.342	2023.002	13005	0	200
2023.04.05	04:00:00	2022.993	2028.381	2022.077	2025.362	15162	0	200
2023.04.05	08:00:00	2025.331	2028.122	2021.468	2022.892	15240	0	200
2023.04.05	12:00:00	2022.922	2032.027	2009.923	2021.694	50219	0	200
2023.04.05	16:00:00	2021.674	2023.894	2019.063	2021.012	18417	0	200
2023.04.05	20:00:00	2021.051	2021.642	2018.686	2020.287	4569	0	200
2023.04.06	00:00:00	2020.270	2020.436	2007.645	2011.302	15780	0	200
2023.04.06	04:00:00	2011.296	2018.078	2010.468	2016.346	15307	0	200
2023.04.06	08:00:00	2016.342	2020.907	2014.796	2018.469	15164	0	200
2023.04.06	12:00:00	2018.476	2020.695	2000.810	2011.174	33959	0	200
2023.04.06	16:00:00	2011.142	2014.899	2006.196	2006.412	15365	0	200
2023.04.06	20:00:00	2006.443	2008.116	2005.752	2007.761	2016	0	200
2023.04.09	20:00:00	1997.006	2006.495	1995.817	2005.497	5727	0	200
2023.04.10	00:00:00	2005.529	2005.860	1988.663	1990.856	15577	0	200
2023.04.10	04:00:00	1990.886	1997.570	1989.475	1997.433	12626	0	200
2023.04.10	08:00:00	1997.403	2002.935	1995.905	2001.556	12975	0	200
2023.04.10	12:00:00	2001.526	2001.961	1981.436	1988.632	36358	0	200
2023.04.10	16:00:00	1988.629	1992.794	1987.112	1991.527	15405	0	200
2023.04.10	20:00:00	1991.558	1992.486	1990.342	1992.389	3632	0	200
2023.04.11	00:00:00	1992.356	1998.128	1988.773	1997.518	14090	0	200
2023.04.11	04:00:00	1997.509	2003.621	1997.339	2002.035	14895	0	200
2023.04.11	08:00:00	2002.003	2007.410	1999.345	2000.429	15366	0	200
2023.04.11	12:00:00	2000.418	2006.195	1995.551	2004.132	23095	0	200
2023.04.11	16:00:00	2004.113	2006.714	2000.953	2004.051	13814	0	200
2023.04.11	20:00:00	2004.082	2005.020	2002.832	2004.659	3531	0	200
2023.04.12	00:00:00	2004.675	2019.170	2003.922	2017.187	15675	0	200
2023.04.12	04:00:00	2017.213	2021.072	2011.612	2012.953	14981	0	200
2023.04.12	08:00:00	2012.983	2013.681	2007.260	2007.697	15131	0	200
2023.04.12	12:00:00	2007.663	2028.184	2000.987	2005.779	50616	0	200
2023.04.12	16:00:00	2005.748	2018.065	2005.209	2013.651	21347	0	200
2023.04.12	20:00:00	2013.620	2018.453	2013.232	2018.149	4841	0	200
2023.04.13	00:00:00	2018.118	2019.731	2015.676	2017.423	14802	0	200
2023.04.13	04:00:00	2017.415	2025.619	2015.276	2024.477	14804	0	200
2023.04.13	08:00:00	2024.500	2029.098	2024.415	2028.573	15077	0	200
2023.04.13	12:00:00	2028.565	2048.597	2026.533	2038.900	42124	0	200
2023.04.13	16:00:00	2038.939	2044.078	2036.599	2040.717	17789	0	200
2023.04.13	20:00:00	2040.678	2041.050	2038.672	2039.713	4148	0	200
2023.04.14	00:00:00	2039.712	2047.392	2038.594	2045.022	15052	0	200
2023.04.14	04:00:00	2045.021	2046.461	2036.597	2039.196	16180	0	200
2023.04.14	08:00:00	2039.191	2042.173	2031.784	2033.224	17870	0	200
2023.04.14	12:00:00	2033.248	2039.987	1993.554	1995.625	60309	0	200
2023.04.14	16:00:00	1995.623	2007.954	1992.364	2005.279	20907	0	200
2023.04.14	20:00:00	2005.264	2005.615	2003.836	2004.252	2018	0	200
2023.04.16	20:00:00	2001.207	2005.006	1999.651	2002.848	5116	0	200
2023.04.17	00:00:00	2002.866	2006.273	1995.151	2004.506	17500	0	200
2023.04.17	04:00:00	2004.479	2014.998	2003.709	2010.848	18583	0	200
2023.04.17	08:00:00	2010.782	2012.673	2004.870	2009.074	16299	0	200
2023.04.17	12:00:00	2009.104	2010.572	1980.899	1989.921	37158	0	200
2023.04.17	16:00:00	1989.923	1997.078	1987.244	1996.233	15990	0	200
2023.04.17	20:00:00	1996.266	1996.435	1993.797	1993.906	3915	0	200
2023.04.18	00:00:00	1993.915	2001.750	1993.306	2000.210	14318	0	200
2023.04.18	04:00:00	2000.247	2004.072	1996.327	2002.280	14230	0	200
2023.04.18	08:00:00	2002.284	2005.114	1999.046	2003.851	15285	0	200
2023.04.18	12:00:00	2003.882	2011.823	1991.048	2008.391	33534	0	200
2023.04.18	16:00:00	2008.421	2008.496	2003.349	2004.032	15330	0	200
2023.04.18	20:00:00	2004.063	2006.236	2004.063	2005.718	4339	0	200
2023.04.19	00:00:00	2005.719	2008.077	2001.861	2003.359	13984	0	200
2023.04.19	04:00:00	2003.393	2004.405	1986.754	1991.288	19506	0	200
2023.04.19	08:00:00	1991.320	1991.350	1969.176	1970.545	24484	0	200
2023.04.19	12:00:00	1970.551	1995.928	1969.629	1990.705	33792	0	200
2023.04.19	16:00:00	1990.743	1996.797	1990.300	1994.418	16049	0	200
2023.04.19	20:00:00	1994.384	1995.661	1993.112	1993.616	5619	0	200
2023.04.20	00:00:00	1993.651	1998.445	1990.476	1992.724	15919	0	200
2023.04.20	04:00:00	1992.715	2000.955	1991.383	1997.129	16436	0	200
2023.04.20	08:00:00	1997.140	2004.723	1992.339	2001.044	17920	0	200
2023.04.20	12:00:00	2001.077	2012.347	1997.404	2002.549	36389	0	200
2023.04.20	16:00:00	2002.580	2008.319	2002.153	2003.083	16692	0	200
2023.04.20	20:00:00	2003.114	2005.737	2001.787	2005.313	6482	0	200
2023.04.21	00:00:00	2005.287	2005.508	2000.506	2002.059	14300	0	200
2023.04.21	04:00:00	2002.091	2002.269	1981.862	1986.720	20698	0	200
2023.04.21	08:00:00	1986.717	1992.429	1984.048	1987.949	19524	0	200
2023.04.21	12:00:00	1987.945	1997.939	1971.584	1975.808	45988	0	200
2023.04.21	16:00:00	1975.845	1982.964	1973.987	1982.637	15696	0	200
2023.04.21	20:00:00	1982.670	1983.577	1981.730	1982.886	2059	0	200
2023.04.23	20:00:00	1982.082	1985.343	1981.789	1984.620	3555	0	200
2023.04.24	00:00:00	1984.618	1984.618	1978.505	1980.787	16079	0	200
2023.04.24	04:00:00	1980.756	1983.123	1976.355	1982.662	17514	0	200
2023.04.24	08:00:00	1982.664	1986.882	1980.810	1983.039	15866	0	200
2023.04.24	12:00:00	1983.035	1987.176	1974.028	1984.768	29347	0	200
2023.04.24	16:00:00	1984.764	1990.819	1984.609	1988.711	15326	0	200
2023.04.24	20:00:00	1988.680	1996.420	1988.266	1995.016	5980	0	200
2023.04.25	00:00:00	1995.015	2000.795	1992.764	1992.766	17767	0	200
2023.04.25	04:00:00	1992.772	1997.200	1987.303	1990.198	18278	0	200
2023.04.25	08:00:00	1990.210	1991.029	1976.688	1977.545	21722	0	200
2023.04.25	12:00:00	1977.576	1994.512	1976.067	1989.930	36250	0	200
2023.04.25	16:00:00	1989.965	2003.830	1988.237	1999.144	24855	0	200
2023.04.25	20:00:00	1999.111	2001.656	1995.811	2000.172	6848	0	200
2023.04.26	00:00:00	2000.178	2002.415	1993.117	1994.025	20849	0	200
2023.04.26	04:00:00	1994.058	1999.262	1994.058	1997.888	15841	0	200
2023.04.26	08:00:00	1997.898	2001.707	1991.199	1995.747	19331	0	200
2023.04.26	12:00:00	1995.716	2009.322	1991.415	1991.446	41120	0	200
2023.04.26	16:00:00	1991.469	1992.427	1983.348	1988.012	23876	0	200
2023.04.26	20:00:00	1987.979	1991.911	1987.178	1991.647	6299	0	200
2023.04.27	00:00:00	1991.617	2000.683	1989.513	1999.791	16190	0	200
2023.04.27	04:00:00	1999.821	2003.178	1997.269	1999.344	17212	0	200
2023.04.27	08:00:00	1999.374	2001.176	1995.900	1996.844	15431	0	200
2023.04.27	12:00:00	1996.876	2003.246	1974.016	1982.223	50246	0	200
2023.04.27	16:00:00	1982.254	1991.016	1981.149	1988.097	16423	0	200
2023.04.27	20:00:00	1988.127	1988.571	1986.298	1986.914	5714	0	200
2023.04.28	00:00:00	1986.879	1991.396	1984.863	1988.894	17995	0	200
2023.04.28	04:00:00	1988.877	1990.372	1981.561	1982.316	23309	0	200
2023.04.28	08:00:00	1982.411	1984.795	1979.664	1983.233	16766	0	200
2023.04.28	12:00:00	1983.266	1994.994	1976.103	1991.693	43812	0	200
2023.04.28	16:00:00	1991.726	1994.030	1987.436	1989.142	16954	0	200
2023.04.28	20:00:00	1989.175	1989.833	1987.911	1989.376	2298	0	200
2023.04.30	20:00:00	1989.602	1991.877	1986.620	1986.895	4632	0	200
2023.05.01	00:00:00	1986.927	1987.387	1980.451	1983.303	12951	0	200
2023.05.01	04:00:00	1983.336	1986.228	1978.958	1980.894	14653	0	200
2023.05.01	08:00:00	1980.868	1989.936	1977.054	1988.945	15433	0	200
2023.05.01	12:00:00	1988.947	2005.933	1980.475	1982.917	50000	0	200
2023.05.01	16:00:00	1982.884	1984.019	1979.325	1979.719	18025	0	200
2023.05.01	20:00:00	1979.751	1983.259	1979.600	1981.373	5610	0	200
2023.05.02	00:00:00	1981.385	1985.190	1981.305	1982.109	12887	0	200
2023.05.02	04:00:00	1982.073	1985.690	1980.390	1981.330	15134	0	200
2023.05.02	08:00:00	1981.342	1990.150	1978.455	1986.348	16768	0	200
2023.05.02	12:00:00	1986.314	2015.465	1984.415	2014.322	48180	0	200
2023.05.02	16:00:00	2014.353	2019.310	2011.160	2018.199	24133	0	200
2023.05.02	20:00:00	2018.232	2018.232	2015.489	2015.905	5019	0	200
2023.05.03	00:00:00	2015.916	2018.719	2014.166	2018.427	9668	0	200
2023.05.03	04:00:00	2018.425	2019.434	2012.609	2014.820	12860	0	200
2023.05.03	08:00:00	2014.800	2017.406	2014.274	2015.816	14514	0	200
2023.05.03	12:00:00	2015.849	2026.758	2007.655	2023.523	35033	0	200
2023.05.03	16:00:00	2023.492	2035.995	2016.941	2035.079	51081	0	200
2023.05.03	20:00:00	2035.110	2079.817	2029.043	2051.957	29772	0	200
2023.05.04	00:00:00	2051.959	2057.096	2038.222	2040.905	23649	0	200
2023.05.04	04:00:00	2040.872	2045.435	2030.327	2034.570	21776	0	200
2023.05.04	08:00:00	2034.507	2044.829	2031.123	2041.984	19830	0	200
2023.05.04	12:00:00	2041.953	2059.537	2032.038	2050.938	65463	0	200
2023.05.04	16:00:00	2050.971	2054.057	2044.437	2049.555	28828	0	200
2023.05.04	20:00:00	2049.586	2050.885	2047.480	2049.922	6461	0	200
2023.05.05	00:00:00	2049.924	2052.957	2045.436	2049.749	14526	0	200
2023.05.05	04:00:00	2049.782	2051.099	2039.307	2040.507	16305	0	200
2023.05.05	08:00:00	2040.509	2041.664	2034.707	2035.442	16151	0	200
2023.05.05	12:00:00	2035.436	2038.275	1999.451	2015.152	58143	0	200
2023.05.05	16:00:00	2015.182	2018.785	2012.998	2017.697	19811	0	200
2023.05.05	20:00:00	2017.730	2018.901	2015.723	2016.650	2167	0	200
2023.05.07	20:00:00	2016.428	2017.281	2014.174	2016.006	4614	0	200
2023.05.08	00:00:00	2015.976	2023.938	2015.150	2023.189	14731	0	200
2023.05.08	04:00:00	2023.205	2024.671	2020.084	2021.436	13850	0	200
2023.05.08	08:00:00	2021.401	2025.396	2019.937	2022.228	13680	0	200
2023.05.08	12:00:00	2022.251	2029.235	2017.835	2027.098	27516	0	200
2023.05.08	16:00:00	2027.066	2029.320	2020.190	2020.271	16197	0	200
2023.05.08	20:00:00	2020.301	2022.395	2020.136	2021.237	5227	0	200
2023.05.09	00:00:00	2021.266	2024.921	2019.483	2024.878	12623	0	200
2023.05.09	04:00:00	2024.894	2028.697	2021.575	2024.626	15302	0	200
2023.05.09	08:00:00	2024.596	2032.768	2021.378	2031.009	16212	0	200
2023.05.09	12:00:00	2031.000	2032.045	2022.880	2026.877	25729	0	200
2023.05.09	16:00:00	2026.912	2037.561	2026.835	2034.239	18482	0	200
2023.05.09	20:00:00	2034.278	2037.119	2034.083	2036.270	4885	0	200
2023.05.10	00:00:00	2036.310	2038.182	2030.440	2031.675	12227	0	200
2023.05.10	04:00:00	2031.643	2032.937	2027.414	2031.661	13403	0	200
2023.05.10	08:00:00	2031.657	2032.041	2026.239	2029.246	14378	0	200
2023.05.10	12:00:00	2029.277	2048.145	2021.356	2025.006	53578	0	200
2023.05.10	16:00:00	2024.983	2034.126	2024.489	2030.893	19098	0	200
2023.05.10	20:00:00	2030.926	2032.072	2029.101	2031.436	4355	0	200
2023.05.11	00:00:00	2031.411	2036.348	2031.132	2032.367	13766	0	200
2023.05.11	04:00:00	2032.363	2033.109	2021.759	2025.562	16718	0	200
2023.05.11	08:00:00	2025.515	2039.078	2021.606	2036.736	22005	0	200
2023.05.11	12:00:00	2036.768	2040.788	2011.104	2013.551	55499	0	200
2023.05.11	16:00:00	2013.517	2018.266	2012.842	2014.149	18431	0	200
2023.05.11	20:00:00	2014.182	2016.596	2013.727	2016.346	5245	0	200
2023.05.12	00:00:00	2016.367	2017.486	2008.487	2011.596	16417	0	200
2023.05.12	04:00:00	2011.565	2012.571	2005.618	2008.735	16860	0	200
2023.05.12	08:00:00	2008.723	2009.690	2000.895	2004.722	18151	0	200
2023.05.12	12:00:00	2004.718	2022.461	2003.539	2009.417	37534	0	200
2023.05.12	16:00:00	2009.383	2016.355	2008.309	2010.871	17198	0	200
2023.05.12	20:00:00	2010.902	2011.454	2010.360	2010.912	1618	0	200
2023.05.14	20:00:00	2008.664	2011.957	2008.664	2009.558	3383	0	200
2023.05.15	00:00:00	2009.551	2018.791	2008.637	2013.986	14945	0	200
2023.05.15	04:00:00	2013.984	2019.986	2013.224	2018.372	15252	0	200
2023.05.15	08:00:00	2018.339	2020.840	2011.885	2013.035	14075	0	200
2023.05.15	12:00:00	2013.033	2022.083	2011.454	2017.678	26026	0	200
2023.05.15	16:00:00	2017.696	2021.359	2014.352	2014.954	13407	0	200
2023.05.15	20:00:00	2014.950	2016.597	2013.765	2014.400	3850	0	200
2023.05.16	00:00:00	2014.411	2018.279	2014.126	2016.899	11495	0	200
2023.05.16	04:00:00	2016.897	2017.682	2002.404	2010.024	17654	0	200
2023.05.16	08:00:00	2010.041	2010.270	2005.110	2005.467	13755	0	200
2023.05.16	12:00:00	2005.472	2014.856	1994.431	1995.946	38792	0	200
2023.05.16	16:00:00	1995.953	1997.009	1985.414	1989.873	21203	0	200
2023.05.16	20:00:00	1989.907	1991.142	1988.054	1989.630	5184	0	200
2023.05.17	00:00:00	1989.633	1992.977	1989.633	1991.300	13384	0	200
2023.05.17	04:00:00	1991.302	1992.049	1986.539	1987.619	14346	0	200
2023.05.17	08:00:00	1987.588	1989.063	1983.675	1987.380	15716	0	200
2023.05.17	12:00:00	1987.390	1987.957	1974.734	1980.390	33254	0	200
2023.05.17	16:00:00	1980.358	1984.511	1980.094	1982.985	16288	0	200
2023.05.17	20:00:00	1982.955	1983.552	1980.909	1982.714	3757	0	200
2023.05.18	00:00:00	1982.717	1985.973	1981.332	1982.274	12171	0	200
2023.05.18	04:00:00	1982.268	1982.718	1973.356	1974.507	15510	0	200
2023.05.18	08:00:00	1974.539	1978.856	1972.146	1974.085	16272	0	200
2023.05.18	12:00:00	1974.088	1975.354	1951.937	1955.988	37857	0	200
2023.05.18	16:00:00	1956.004	1958.893	1953.938	1957.268	16620	0	200
2023.05.18	20:00:00	1957.277	1959.151	1956.875	1958.356	4042	0	200
2023.05.19	00:00:00	1958.364	1963.610	1954.003	1963.297	15179	0	200
2023.05.19	04:00:00	1963.273	1968.712	1960.617	1966.866	16127	0	200
2023.05.19	08:00:00	1966.861	1968.199	1962.285	1963.716	16224	0	200
2023.05.19	12:00:00	1963.696	1984.186	1957.136	1974.746	43063	0	200
2023.05.19	16:00:00	1974.776	1983.228	1973.093	1976.111	20498	0	200
2023.05.19	20:00:00	1976.142	1977.776	1975.439	1977.703	1979	0	200
2023.05.21	20:00:00	1978.005	1981.480	1978.005	1980.829	3724	0	200
2023.05.22	00:00:00	1980.827	1982.321	1976.283	1977.843	15425	0	200
2023.05.22	04:00:00	1977.873	1978.744	1971.210	1976.800	15643	0	200
2023.05.22	08:00:00	1976.783	1982.530	1969.775	1972.935	16111	0	200
2023.05.22	12:00:00	1972.908	1978.541	1968.840	1972.417	30740	0	200
2023.05.22	16:00:00	1972.450	1978.870	1971.615	1972.095	15746	0	200
2023.05.22	20:00:00	1972.065	1972.596	1969.586	1969.784	4707	0	200
2023.05.23	00:00:00	1969.814	1971.736	1960.243	1962.740	16723	0	200
2023.05.23	04:00:00	1962.709	1964.548	1955.443	1957.140	17176	0	200
2023.05.23	08:00:00	1957.173	1961.257	1954.232	1958.835	17693	0	200
2023.05.23	12:00:00	1958.838	1973.530	1957.699	1967.315	37833	0	200
2023.05.23	16:00:00	1967.313	1977.739	1966.239	1974.754	20078	0	200
2023.05.23	20:00:00	1974.787	1977.289	1974.218	1974.980	4681	0	200
2023.05.24	00:00:00	1975.021	1976.965	1972.735	1976.454	13969	0	200
2023.05.24	04:00:00	1976.453	1980.562	1970.665	1974.014	17366	0	200
2023.05.24	08:00:00	1974.044	1981.984	1973.520	1981.856	16951	0	200
2023.05.24	12:00:00	1981.854	1985.101	1960.252	1962.988	32741	0	200
2023.05.24	16:00:00	1963.027	1965.236	1956.683	1958.972	23036	0	200
2023.05.24	20:00:00	1958.959	1961.839	1957.090	1959.752	7439	0	200
2023.05.25	00:00:00	1959.748	1960.101	1954.910	1957.207	16444	0	200
2023.05.25	04:00:00	1957.213	1961.330	1954.885	1959.413	15533	0	200
2023.05.25	08:00:00	1959.421	1964.711	1959.210	1961.926	15701	0	200
2023.05.25	12:00:00	1961.958	1963.062	1939.229	1945.393	48151	0	200
2023.05.25	16:00:00	1945.426	1946.908	1938.813	1940.148	17596	0	200
2023.05.25	20:00:00	1940.153	1943.157	1939.377	1940.515	6034	0	200
2023.05.26	00:00:00	1940.492	1948.779	1936.576	1948.423	15954	0	200
2023.05.26	04:00:00	1948.408	1957.219	1946.965	1956.202	17228	0	200
2023.05.26	08:00:00	1956.172	1956.715	1950.991	1951.445	14488	0	200
2023.05.26	12:00:00	1951.435	1953.848	1938.741	1943.457	37114	0	200
2023.05.26	16:00:00	1943.427	1947.566	1942.790	1947.403	15519	0	200
2023.05.26	20:00:00	1947.434	1947.501	1946.197	1946.834	1576	0	200
2023.05.28	20:00:00	1943.265	1946.248	1943.227	1943.654	4455	0	200
2023.05.29	00:00:00	1943.687	1946.165	1940.270	1945.542	12608	0	200
2023.05.29	04:00:00	1945.547	1948.874	1943.741	1944.176	11198	0	200
2023.05.29	08:00:00	1944.193	1946.576	1940.781	1946.272	10859	0	200
2023.05.29	12:00:00	1946.303	1949.718	1944.778	1945.922	13486	0	200
2023.05.29	16:00:00	1945.882	1945.882	1942.772	1943.627	2271	0	200
2023.05.29	20:00:00	1943.445	1944.318	1941.347	1941.683	4372	0	200
2023.05.30	00:00:00	1941.498	1946.602	1939.225	1939.396	15452	0	200
2023.05.30	04:00:00	1939.424	1942.311	1932.042	1942.311	20160	0	200
2023.05.30	08:00:00	1942.299	1960.750	1941.677	1960.194	21385	0	200
2023.05.30	12:00:00	1960.170	1962.253	1950.577	1962.071	30053	0	200
2023.05.30	16:00:00	1962.101	1963.479	1957.703	1960.130	13502	0	200
2023.05.30	20:00:00	1960.098	1960.098	1957.990	1958.535	4184	0	200
2023.05.31	00:00:00	1958.544	1960.452	1953.625	1958.052	14888	0	200
2023.05.31	04:00:00	1958.051	1965.186	1955.735	1956.067	18876	0	200
2023.05.31	08:00:00	1956.092	1960.772	1954.843	1960.324	16956	0	200
2023.05.31	12:00:00	1960.321	1974.676	1959.932	1968.581	36056	0	200
2023.05.31	16:00:00	1968.551	1969.179	1962.654	1963.061	17630	0	200
2023.05.31	20:00:00	1963.094	1966.961	1962.378	1966.244	5670	0	200
2023.06.01	00:00:00	1966.275	1967.446	1961.996	1964.178	15542	0	200
2023.06.01	04:00:00	1964.194	1965.808	1955.080	1955.523	15397	0	200
2023.06.01	08:00:00	1955.535	1968.368	1953.338	1967.861	16293	0	200
2023.06.01	12:00:00	1967.828	1983.049	1958.663	1982.054	39922	0	200
2023.06.01	16:00:00	1982.086	1982.624	1975.635	1978.068	15197	0	200
2023.06.01	20:00:00	1978.101	1978.316	1975.886	1977.030	3690	0	200
2023.06.02	00:00:00	1977.033	1983.332	1974.015	1982.473	14404	0	200
2023.06.02	04:00:00	1982.470	1982.840	1975.784	1975.951	15453	0	200
2023.06.02	08:00:00	1975.933	1981.106	1974.956	1978.772	14068	0	200
2023.06.02	12:00:00	1978.802	1980.174	1960.987	1962.042	40668	0	200
2023.06.02	16:00:00	1962.012	1962.178	1948.066	1948.621	17077	0	200
2023.06.02	20:00:00	1948.584	1948.935	1947.580	1947.992	1667	0	200
2023.06.04	20:00:00	1947.366	1950.096	1947.297	1949.330	4212	0	200
2023.06.05	00:00:00	1949.344	1949.466	1943.824	1947.086	15454	0	200
2023.06.05	04:00:00	1947.085	1947.338	1938.476	1939.893	15034	0	200
2023.06.05	08:00:00	1939.842	1945.869	1938.341	1942.222	15518	0	200
2023.06.05	12:00:00	1942.252	1961.909	1938.048	1958.108	31295	0	200
2023.06.05	16:00:00	1958.144	1964.003	1957.066	1961.029	14170	0	200
2023.06.05	20:00:00	1961.066	1963.119	1960.628	1961.224	5108	0	200
2023.06.06	00:00:00	1961.231	1964.359	1959.007	1959.199	13064	0	200
2023.06.06	04:00:00	1959.196	1962.714	1956.846	1957.491	16780	0	200
2023.06.06	08:00:00	1957.513	1964.896	1957.242	1962.727	16142	0	200
2023.06.06	12:00:00	1962.733	1966.376	1954.345	1963.429	26686	0	200
2023.06.06	16:00:00	1963.432	1966.288	1961.019	1962.840	12441	0	200
2023.06.06	20:00:00	1962.871	1964.504	1962.450	1963.345	4062	0	200
2023.06.07	00:00:00	1963.315	1966.724	1962.905	1963.351	12542	0	200
2023.06.07	04:00:00	1963.348	1964.989	1954.753	1956.108	13454	0	200
2023.06.07	08:00:00	1956.088	1966.378	1955.702	1961.255	15169	0	200
2023.06.07	12:00:00	1961.223	1970.123	1946.404	1947.117	31848	0	200
2023.06.07	16:00:00	1947.148	1947.653	1939.997	1940.077	18783	0	200
2023.06.07	20:00:00	1940.044	1945.278	1939.839	1944.436	5848	0	200
2023.06.08	00:00:00	1944.433	1947.036	1944.240	1946.265	12502	0	200
2023.06.08	04:00:00	1946.290	1948.270	1942.764	1947.268	13919	0	200
2023.06.08	08:00:00	1947.238	1949.053	1944.902	1946.582	14113	0	200
2023.06.08	12:00:00	1946.619	1970.507	1946.200	1966.789	34738	0	200
2023.06.08	16:00:00	1966.819	1969.188	1961.713	1964.946	15642	0	200
2023.06.08	20:00:00	1964.980	1966.354	1964.837	1965.316	3539	0	200
2023.06.09	00:00:00	1965.313	1965.702	1963.176	1963.777	12038	0	200
2023.06.09	04:00:00	1963.776	1966.032	1962.358	1963.135	12994	0	200
2023.06.09	08:00:00	1963.105	1966.877	1960.653	1966.443	14652	0	200
2023.06.09	12:00:00	1966.438	1972.771	1956.580	1962.152	30716	0	200
2023.06.09	16:00:00	1962.119	1962.780	1959.600	1960.134	13318	0	200
2023.06.09	20:00:00	1960.166	1961.097	1960.039	1960.640	1171	0	200
2023.06.11	20:00:00	1959.592	1960.497	1958.014	1959.933	3142	0	200
2023.06.12	00:00:00	1959.941	1960.427	1954.226	1958.440	12483	0	200
2023.06.12	04:00:00	1958.416	1962.069	1956.542	1960.590	13212	0	200
2023.06.12	08:00:00	1960.558	1966.889	1960.187	1963.920	14548	0	200
2023.06.12	12:00:00	1963.921	1965.897	1949.168	1955.393	28254	0	200
2023.06.12	16:00:00	1955.361	1958.706	1953.073	1957.942	13480	0	200
2023.06.12	20:00:00	1957.974	1960.551	1956.744	1959.940	3990	0	200
2023.06.13	00:00:00	1959.953	1962.066	1955.900	1961.996	11960	0	200
2023.06.13	04:00:00	1962.006	1965.344	1958.233	1962.233	14186	0	200
2023.06.13	08:00:00	1962.202	1966.178	1961.448	1963.750	12611	0	200
2023.06.13	12:00:00	1963.736	1970.599	1941.884	1943.096	43860	0	200
2023.06.13	16:00:00	1943.086	1947.049	1939.975	1943.482	15991	0	200
2023.06.13	20:00:00	1943.446	1945.051	1942.089	1943.884	4485	0	200
2023.06.14	00:00:00	1943.891	1949.352	1942.733	1949.249	11657	0	200
2023.06.14	04:00:00	1949.275	1951.496	1945.204	1949.585	12514	0	200
2023.06.14	08:00:00	1949.563	1952.845	1945.774	1946.948	13111	0	200
2023.06.14	12:00:00	1946.952	1960.058	1946.262	1955.908	23806	0	200
2023.06.14	16:00:00	1955.939	1957.393	1939.930	1944.901	40990	0	200
2023.06.14	20:00:00	1944.936	1946.094	1939.673	1945.188	6649	0	200
2023.06.15	00:00:00	1945.146	1945.228	1932.177	1934.810	17449	0	200
2023.06.15	04:00:00	1934.839	1939.614	1928.867	1933.516	19790	0	200
2023.06.15	08:00:00	1933.493	1936.708	1927.793	1928.479	15963	0	200
2023.06.15	12:00:00	1928.449	1959.728	1924.838	1956.510	38853	0	200
2023.06.15	16:00:00	1956.541	1960.194	1956.541	1958.604	14518	0	200
2023.06.15	20:00:00	1958.634	1959.201	1957.215	1958.223	3469	0	200
2023.06.16	00:00:00	1958.202	1961.982	1955.137	1956.613	13709	0	200
2023.06.16	04:00:00	1956.617	1963.218	1954.629	1961.563	14688	0	200
2023.06.16	08:00:00	1961.594	1966.498	1959.966	1965.583	15342	0	200
2023.06.16	12:00:00	1965.614	1967.848	1953.188	1956.229	32762	0	200
2023.06.16	16:00:00	1956.196	1959.666	1953.908	1955.391	13795	0	200
2023.06.16	20:00:00	1955.359	1958.211	1955.321	1957.441	1524	0	200
2023.06.18	20:00:00	1958.500	1958.561	1956.235	1957.038	3499	0	200
2023.06.19	00:00:00	1957.046	1958.662	1953.977	1955.667	12263	0	200
2023.06.19	04:00:00	1955.659	1957.461	1952.687	1955.063	12772	0	200
2023.06.19	08:00:00	1955.032	1958.711	1948.288	1948.445	14492	0	200
2023.06.19	12:00:00	1948.478	1953.421	1947.734	1950.640	15246	0	200
2023.06.19	16:00:00	1950.643	1951.858	1949.723	1949.958	2932	0	200
2023.06.19	20:00:00	1950.701	1954.171	1950.641	1952.197	3540	0	200
2023.06.20	00:00:00	1952.383	1952.950	1944.892	1950.173	14821	0	200
2023.06.20	04:00:00	1950.176	1956.727	1946.882	1954.899	15493	0	200
2023.06.20	08:00:00	1954.859	1955.531	1949.898	1951.290	15308	0	200
2023.06.20	12:00:00	1951.320	1954.503	1929.734	1935.074	33037	0	200
2023.06.20	16:00:00	1935.108	1938.680	1934.137	1936.031	15025	0	200
2023.06.20	20:00:00	1936.070	1938.802	1935.419	1937.231	5761	0	200
2023.06.21	00:00:00	1937.225	1939.431	1935.341	1937.010	13291	0	200
2023.06.21	04:00:00	1937.027	1937.337	1931.177	1934.938	15718	0	200
2023.06.21	08:00:00	1934.939	1935.865	1932.083	1934.529	15465	0	200
2023.06.21	12:00:00	1934.498	1935.283	1918.898	1932.250	39771	0	200
2023.06.21	16:00:00	1932.216	1937.549	1930.355	1933.383	16531	0	200
2023.06.21	20:00:00	1933.406	1934.861	1931.929	1933.839	5717	0	200
2023.06.22	00:00:00	1933.838	1934.198	1931.484	1932.549	9453	0	200
2023.06.22	04:00:00	1932.523	1933.023	1927.025	1929.928	15063	0	200
2023.06.22	08:00:00	1929.898	1931.382	1924.879	1927.321	16313	0	200
2023.06.22	12:00:00	1927.306	1930.948	1912.757	1913.412	33339	0	200
2023.06.22	16:00:00	1913.378	1917.696	1913.000	1913.845	15864	0	200
2023.06.22	20:00:00	1913.810	1914.923	1912.355	1914.439	5097	0	200
2023.06.23	00:00:00	1914.439	1916.031	1910.091	1912.356	12526	0	200
2023.06.23	04:00:00	1912.349	1918.893	1912.070	1917.996	17334	0	200
2023.06.23	08:00:00	1918.045	1920.589	1916.567	1919.123	15288	0	200
2023.06.23	12:00:00	1919.130	1937.231	1918.814	1920.996	34664	0	200
2023.06.23	16:00:00	1921.006	1922.302	1917.865	1919.065	14292	0	200
2023.06.23	20:00:00	1919.034	1921.682	1918.937	1921.192	1759	0	200
2023.06.25	20:00:00	1922.951	1925.402	1922.682	1925.294	4392	0	200
2023.06.26	00:00:00	1925.293	1928.470	1924.059	1925.461	15183	0	200
2023.06.26	04:00:00	1925.462	1929.074	1922.125	1928.869	14415	0	200
2023.06.26	08:00:00	1928.869	1933.280	1928.857	1931.345	14925	0	200
2023.06.26	12:00:00	1931.347	1933.051	1921.419	1925.644	23902	0	200
2023.06.26	16:00:00	1925.675	1926.502	1922.344	1922.819	13383	0	200
2023.06.26	20:00:00	1922.780	1924.656	1920.902	1922.485	4487	0	200
2023.06.27	00:00:00	1922.501	1930.207	1921.659	1928.414	13017	0	200
2023.06.27	04:00:00	1928.408	1929.615	1924.155	1928.152	12912	0	200
2023.06.27	08:00:00	1928.152	1928.590	1919.495	1923.090	13863	0	200
2023.06.27	12:00:00	1923.068	1930.639	1911.423	1913.461	30681	0	200
2023.06.27	16:00:00	1913.444	1916.497	1910.800	1913.686	14804	0	200
2023.06.27	20:00:00	1913.716	1915.779	1912.915	1915.385	4340	0	200
2023.06.28	00:00:00	1915.389	1917.174	1913.445	1915.176	12625	0	200
2023.06.28	04:00:00	1915.176	1916.741	1908.997	1910.891	13522	0	200
2023.06.28	08:00:00	1910.890	1911.901	1905.571	1907.120	15332	0	200
2023.06.28	12:00:00	1907.121	1913.263	1902.740	1910.823	28861	0	200
2023.06.28	16:00:00	1910.792	1913.334	1909.161	1909.243	13855	0	200
2023.06.28	20:00:00	1909.208	1910.706	1906.774	1909.681	5493	0	200
2023.06.29	00:00:00	1909.712	1912.779	1902.706	1905.418	14023	0	200
2023.06.29	04:00:00	1905.387	1907.308	1902.510	1905.661	14561	0	200
2023.06.29	08:00:00	1905.693	1910.968	1903.886	1910.002	14103	0	200
2023.06.29	12:00:00	1910.007	1913.047	1892.900	1908.940	35865	0	200
2023.06.29	16:00:00	1908.916	1910.730	1906.208	1907.602	14080	0	200
2023.06.29	20:00:00	1907.571	1908.935	1907.080	1908.661	4690	0	200
2023.06.30	00:00:00	1908.692	1909.687	1907.079	1908.252	12005	0	200
2023.06.30	04:00:00	1908.254	1909.862	1903.730	1905.245	13486	0	200
2023.06.30	08:00:00	1905.219	1906.604	1900.502	1905.239	14468	0	200
2023.06.30	12:00:00	1905.272	1919.359	1904.593	1918.980	35006	0	200
2023.06.30	16:00:00	1918.995	1922.693	1917.426	1920.043	14929	0	200
2023.06.30	20:00:00	1920.011	1920.100	1918.098	1919.333	1889	0	200
2023.07.02	20:00:00	1918.552	1919.584	1917.464	1918.169	3360	0	200
2023.07.03	00:00:00	1918.164	1919.005	1914.604	1918.307	12798	0	200
2023.07.03	04:00:00	1918.338	1920.582	1912.068	1912.131	14445	0	200
2023.07.03	08:00:00	1912.155	1914.318	1910.003	1912.502	13268	0	200
2023.07.03	12:00:00	1912.509	1930.891	1911.590	1926.565	26790	0	200
2023.07.03	16:00:00	1926.563	1926.648	1920.565	1921.309	9155	0	200
2023.07.03	20:00:00	1921.307	1921.652	1919.665	1921.181	2580	0	200
2023.07.04	00:00:00	1921.180	1923.451	1920.024	1922.912	10834	0	200
2023.07.04	04:00:00	1922.918	1928.399	1922.696	1927.978	12301	0	200
2023.07.04	08:00:00	1927.977	1930.645	1925.678	1928.474	12438	0	200
2023.07.04	12:00:00	1928.477	1930.268	1926.099	1926.993	12243	0	200
2023.07.04	16:00:00	1926.993	1927.135	1923.958	1924.993	3887	0	200
2023.07.04	20:00:00	1925.509	1929.274	1924.840	1926.176	3387	0	200
2023.07.05	00:00:00	1926.247	1927.058	1923.145	1924.359	10679	0	200
2023.07.05	04:00:00	1924.358	1927.713	1920.809	1927.415	12978	0	200
2023.07.05	08:00:00	1927.384	1929.556	1925.148	1927.471	13489	0	200
2023.07.05	12:00:00	1927.468	1934.967	1918.985	1923.173	28478	0	200
2023.07.05	16:00:00	1923.172	1924.734	1915.127	1915.799	16207	0	200
2023.07.05	20:00:00	1915.763	1917.869	1914.765	1916.772	5258	0	200
2023.07.06	00:00:00	1916.784	1919.696	1916.060	1918.108	12656	0	200
2023.07.06	04:00:00	1918.113	1921.445	1916.900	1918.876	13371	0	200
2023.07.06	08:00:00	1918.910	1927.408	1916.104	1926.585	14404	0	200
2023.07.06	12:00:00	1926.586	1927.548	1902.618	1911.450	44192	0	200
2023.07.06	16:00:00	1911.472	1912.346	1908.864	1910.161	13236	0	200
2023.07.06	20:00:00	1910.192	1912.189	1909.567	1911.516	4622	0	200
2023.07.07	00:00:00	1911.543	1912.391	1909.625	1911.094	11721	0	200
2023.07.07	04:00:00	1911.091	1916.421	1910.212	1914.538	13390	0	200
2023.07.07	08:00:00	1914.568	1918.302	1913.291	1917.483	13434	0	200
2023.07.07	12:00:00	1917.515	1934.845	1914.251	1927.570	39038	0	200
2023.07.07	16:00:00	1927.539	1929.297	1924.596	1924.608	14032	0	200
2023.07.07	20:00:00	1924.642	1925.410	1924.216	1925.339	1738	0	200
2023.07.09	20:00:00	1925.288	1928.140	1923.842	1924.848	4469	0	200
2023.07.10	00:00:00	1924.858	1926.880	1922.512	1923.840	13718	0	200
2023.07.10	04:00:00	1923.837	1925.658	1919.318	1924.845	13233	0	200
2023.07.10	08:00:00	1924.843	1926.183	1922.641	1924.621	12614	0	200
2023.07.10	12:00:00	1924.652	1924.972	1912.329	1923.522	26435	0	200
2023.07.10	16:00:00	1923.513	1926.794	1922.650	1925.798	12783	0	200
2023.07.10	20:00:00	1925.766	1925.873	1924.362	1924.821	4027	0	200
2023.07.11	00:00:00	1924.822	1928.891	1924.406	1926.616	13070	0	200
2023.07.11	04:00:00	1926.621	1937.902	1926.355	1932.222	16328	0	200
2023.07.11	08:00:00	1932.228	1938.404	1931.936	1936.266	14295	0	200
2023.07.11	12:00:00	1936.235	1936.442	1929.412	1931.012	22227	0	200
2023.07.11	16:00:00	1931.048	1932.777	1929.306	1932.473	11680	0	200
2023.07.11	20:00:00	1932.462	1933.761	1931.574	1933.240	4111	0	200
2023.07.12	00:00:00	1933.244	1940.930	1933.171	1938.494	13524	0	200
2023.07.12	04:00:00	1938.493	1940.178	1933.836	1934.641	13149	0	200
2023.07.12	08:00:00	1934.641	1936.386	1933.470	1934.628	12167	0	200
2023.07.12	12:00:00	1934.624	1958.247	1933.528	1955.661	36796	0	200
2023.07.12	16:00:00	1955.630	1959.618	1955.349	1958.686	13925	0	200
2023.07.12	20:00:00	1958.662	1958.686	1956.886	1957.713	4622	0	200
2023.07.13	00:00:00	1957.714	1961.607	1956.317	1960.268	14035	0	200
2023.07.13	04:00:00	1960.276	1963.303	1955.230	1961.745	16235	0	200
2023.07.13	08:00:00	1961.766	1962.689	1957.916	1959.868	13220	0	200
2023.07.13	12:00:00	1959.868	1963.276	1952.344	1954.943	31800	0	200
2023.07.13	16:00:00	1954.974	1960.765	1954.744	1959.990	14128	0	200
2023.07.13	20:00:00	1959.959	1961.818	1959.820	1960.134	5106	0	200
2023.07.14	00:00:00	1960.124	1963.671	1958.324	1962.545	13824	0	200
2023.07.14	04:00:00	1962.547	1962.547	1954.271	1956.849	14725	0	200
2023.07.14	08:00:00	1956.819	1960.003	1955.149	1959.225	13722	0	200
2023.07.14	12:00:00	1959.233	1962.711	1950.841	1958.074	32828	0	200
2023.07.14	16:00:00	1958.078	1960.984	1954.277	1954.277	14000	0	200
2023.07.14	20:00:00	1954.328	1955.640	1954.283	1955.223	1973	0	200
2023.07.16	20:00:00	1954.975	1954.975	1951.354	1953.281	4161	0	200
2023.07.17	00:00:00	1953.281	1955.909	1950.881	1952.055	12601	0	200
2023.07.17	04:00:00	1952.056	1956.800	1950.502	1952.254	13440	0	200
2023.07.17	08:00:00	1952.224	1959.801	1951.902	1957.602	14560	0	200
2023.07.17	12:00:00	1957.577	1959.377	1945.753	1954.585	25457	0	200
2023.07.17	16:00:00	1954.617	1956.310	1952.436	1955.334	11406	0	200
2023.07.17	20:00:00	1955.300	1956.253	1954.346	1955.398	3831	0	200
2023.07.18	00:00:00	1955.396	1960.576	1954.677	1959.764	13333	0	200
2023.07.18	04:00:00	1959.762	1964.019	1957.732	1961.479	14177	0	200
2023.07.18	08:00:00	1961.482	1971.798	1960.518	1962.989	15676	0	200
2023.07.18	12:00:00	1963.019	1984.251	1960.671	1978.084	39960	0	200
2023.07.18	16:00:00	1978.089	1981.438	1974.965	1977.719	14170	0	200
2023.07.18	20:00:00	1977.696	1979.126	1976.733	1977.481	4940	0	200
2023.07.19	00:00:00	1977.464	1978.459	1974.409	1975.443	12737	0	200
2023.07.19	04:00:00	1975.444	1980.859	1972.971	1977.929	15037	0	200
2023.07.19	08:00:00	1977.912	1979.064	1971.518	1973.704	13829	0	200
2023.07.19	12:00:00	1973.723	1979.822	1969.742	1973.789	24373	0	200
2023.07.19	16:00:00	1973.806	1978.861	1972.049	1978.439	12831	0	200
2023.07.19	20:00:00	1978.434	1978.877	1975.400	1977.683	4830	0	200
2023.07.20	00:00:00	1977.661	1987.421	1977.299	1985.174	14998	0	200
2023.07.20	04:00:00	1985.176	1985.448	1977.811	1979.155	14649	0	200
2023.07.20	08:00:00	1979.134	1983.809	1978.141	1981.407	13750	0	200
2023.07.20	12:00:00	1981.408	1981.544	1965.558	1968.609	28978	0	200
2023.07.20	16:00:00	1968.604	1971.423	1965.320	1968.712	13941	0	200
2023.07.20	20:00:00	1968.681	1972.820	1968.435	1972.197	4306	0	200
2023.07.21	00:00:00	1972.227	1973.735	1969.850	1970.234	13114	0	200
2023.07.21	04:00:00	1970.210	1972.141	1964.156	1964.258	13918	0	200
2023.07.21	08:00:00	1964.258	1966.745	1961.056	1965.740	16679	0	200
2023.07.21	12:00:00	1965.715	1968.069	1956.605	1960.257	25223	0	200
2023.07.21	16:00:00	1960.222	1964.806	1960.154	1962.379	11940	0	200
2023.07.21	20:00:00	1962.415	1962.627	1961.463	1961.851	1406	0	200
2023.07.23	20:00:00	1962.228	1962.882	1960.351	1961.177	2975	0	200
2023.07.24	00:00:00	1961.172	1962.623	1959.033	1960.143	12907	0	200
2023.07.24	04:00:00	1960.112	1965.632	1957.839	1963.236	13914	0	200
2023.07.24	08:00:00	1963.218	1967.805	1959.337	1964.957	14865	0	200
2023.07.24	12:00:00	1964.987	1967.607	1957.098	1959.621	25712	0	200
2023.07.24	16:00:00	1959.638	1961.407	1953.425	1954.301	13849	0	200
2023.07.24	20:00:00	1954.336	1955.413	1953.174	1954.393	4585	0	200
2023.07.25	00:00:00	1954.394	1963.498	1953.854	1961.553	13659	0	200
2023.07.25	04:00:00	1961.553	1964.098	1959.544	1961.169	13576	0	200
2023.07.25	08:00:00	1961.135	1963.624	1953.093	1960.736	14873	0	200
2023.07.25	12:00:00	1960.720	1965.361	1951.977	1964.246	23775	0	200
2023.07.25	16:00:00	1964.224	1965.620	1961.266	1964.431	11882	0	200
2023.07.25	20:00:00	1964.398	1966.193	1964.099	1965.284	5231	0	200
2023.07.26	00:00:00	1965.283	1966.026	1961.962	1963.880	12006	0	200
2023.07.26	04:00:00	1963.889	1971.079	1962.387	1970.591	12845	0	200
2023.07.26	08:00:00	1970.613	1974.149	1969.591	1971.911	12841	0	200
2023.07.26	12:00:00	1972.038	1974.960	1963.682	1972.347	22828	0	200
2023.07.26	16:00:00	1972.374	1978.243	1965.531	1974.807	27598	0	200
2023.07.26	20:00:00	1974.777	1974.777	1970.942	1972.009	6449	0	200
2023.07.27	00:00:00	1972.012	1982.133	1971.117	1977.879	12824	0	200
2023.07.27	04:00:00	1977.905	1982.081	1973.804	1979.892	14554	0	200
2023.07.27	08:00:00	1979.922	1981.053	1973.557	1978.989	14606	0	200
2023.07.27	12:00:00	1979.002	1979.066	1942.642	1946.880	38614	0	200
2023.07.27	16:00:00	1946.849	1949.632	1942.018	1944.140	19845	0	200
2023.07.27	20:00:00	1944.107	1948.058	1943.373	1947.443	6695	0	200
2023.07.28	00:00:00	1947.411	1954.726	1946.054	1954.035	24318	0	200
2023.07.28	04:00:00	1954.066	1956.575	1948.219	1949.603	24516	0	200
2023.07.28	08:00:00	1949.666	1957.960	1947.819	1956.578	15963	0	200
2023.07.28	12:00:00	1956.544	1963.355	1952.244	1960.909	28834	0	200
2023.07.28	16:00:00	1960.892	1963.460	1957.479	1959.081	11862	0	200
2023.07.28	20:00:00	1959.049	1959.547	1958.603	1959.184	1454	0	200
2023.07.30	20:00:00	1959.875	1960.470	1957.373	1958.063	3961	0	200
2023.07.31	00:00:00	1958.054	1958.828	1953.647	1954.551	14312	0	200
2023.07.31	04:00:00	1954.539	1956.967	1953.056	1954.823	13935	0	200
2023.07.31	08:00:00	1954.846	1961.041	1950.718	1959.030	14059	0	200
2023.07.31	12:00:00	1959.060	1972.326	1957.477	1970.636	23239	0	200
2023.07.31	16:00:00	1970.646	1972.201	1964.209	1964.482	11642	0	200
2023.07.31	20:00:00	1964.514	1965.944	1963.846	1963.907	5151	0	200
2023.08.01	00:00:00	1963.906	1964.628	1958.972	1962.139	11997	0	200
2023.08.01	04:00:00	1962.130	1962.277	1954.351	1955.437	13807	0	200
2023.08.01	08:00:00	1955.404	1957.657	1953.067	1953.524	14173	0	200
2023.08.01	12:00:00	1953.546	1955.967	1941.267	1944.199	31141	0	200
2023.08.01	16:00:00	1944.169	1945.501	1941.209	1944.370	11051	0	200
2023.08.01	20:00:00	1944.402	1952.858	1944.040	1952.146	9552	0	200
2023.08.02	00:00:00	1952.140	1952.381	1946.676	1949.275	13917	0	200
2023.08.02	04:00:00	1949.268	1950.351	1945.265	1948.372	14193	0	200
2023.08.02	08:00:00	1948.414	1954.752	1948.260	1950.621	14589	0	200
2023.08.02	12:00:00	1950.657	1951.821	1932.864	1935.520	31637	0	200
2023.08.02	16:00:00	1935.489	1939.091	1934.979	1935.194	12144	0	200
2023.08.02	20:00:00	1935.182	1936.927	1934.388	1936.000	4298	0	200
2023.08.03	00:00:00	1936.025	1938.822	1933.717	1937.228	11144	0	200
2023.08.03	04:00:00	1937.249	1938.206	1930.637	1936.873	15997	0	200
2023.08.03	08:00:00	1936.881	1938.370	1932.804	1935.001	16540	0	200
2023.08.03	12:00:00	1935.000	1938.674	1929.496	1933.021	34139	0	200
2023.08.03	16:00:00	1933.021	1935.882	1932.490	1934.212	11024	0	200
2023.08.03	20:00:00	1934.207	1937.002	1933.925	1935.774	4905	0	200
2023.08.04	00:00:00	1935.747	1937.814	1934.270	1935.160	12477	0	200
2023.08.04	04:00:00	1935.160	1937.429	1932.086	1932.832	13247	0	200
2023.08.04	08:00:00	1932.855	1934.142	1931.219	1932.269	12430	0	200
2023.08.04	12:00:00	1932.270	1946.752	1925.071	1942.672	36783	0	200
2023.08.04	16:00:00	1942.640	1943.486	1939.779	1941.338	11951	0	200
2023.08.04	20:00:00	1941.306	1943.279	1941.138	1942.483	1956	0	200
2023.08.06	20:00:00	1942.560	1946.648	1942.415	1943.790	4378	0	200
2023.08.07	00:00:00	1943.785	1945.267	1938.156	1939.320	11245	0	200
2023.08.07	04:00:00	1939.299	1939.448	1935.226	1936.728	12725	0	200
2023.08.07	08:00:00	1936.714	1937.563	1933.360	1936.180	13008	0	200
2023.08.07	12:00:00	1936.172	1941.653	1931.441	1932.460	19819	0	200
2023.08.07	16:00:00	1932.464	1937.591	1932.074	1936.650	10665	0	200
2023.08.07	20:00:00	1936.619	1938.031	1935.561	1936.732	4511	0	200
2023.08.08	00:00:00	1936.763	1937.305	1931.087	1933.105	12350	0	200
2023.08.08	04:00:00	1933.074	1934.813	1930.162	1930.380	12924	0	200
2023.08.08	08:00:00	1930.393	1935.601	1928.087	1928.916	15271	0	200
2023.08.08	12:00:00	1928.925	1931.997	1922.573	1925.774	25394	0	200
2023.08.08	16:00:00	1925.777	1928.401	1923.561	1924.796	11618	0	200
2023.08.08	20:00:00	1924.764	1925.699	1924.491	1925.569	3415	0	200
2023.08.09	00:00:00	1925.574	1930.816	1924.188	1930.111	11470	0	200
2023.08.09	04:00:00	1930.103	1932.204	1928.535	1930.543	11857	0	200
2023.08.09	08:00:00	1930.515	1930.769	1923.109	1924.564	12357	0	200
2023.08.09	12:00:00	1924.529	1927.524	1915.593	1916.653	23134	0	200
2023.08.09	16:00:00	1916.683	1918.120	1915.413	1915.493	11446	0	200
2023.08.09	20:00:00	1915.462	1916.892	1914.027	1916.688	4356	0	200
2023.08.10	00:00:00	1916.688	1919.130	1915.363	1918.637	11200	0	200
2023.08.10	04:00:00	1918.636	1920.576	1915.465	1919.316	12107	0	200
2023.08.10	08:00:00	1919.314	1922.628	1918.575	1921.817	12272	0	200
2023.08.10	12:00:00	1921.811	1929.986	1912.872	1919.961	35629	0	200
2023.08.10	16:00:00	1919.995	1921.660	1912.839	1913.289	14790	0	200
2023.08.10	20:00:00	1913.255	1913.626	1910.556	1912.358	4791	0	200
2023.08.11	00:00:00	1912.358	1915.952	1911.857	1914.581	10567	0	200
2023.08.11	04:00:00	1914.581	1917.965	1912.584	1917.851	11699	0	200
2023.08.11	08:00:00	1917.844	1919.769	1916.021	1918.954	11610	0	200
2023.08.11	12:00:00	1918.972	1920.882	1912.837	1913.978	26878	0	200
2023.08.11	16:00:00	1913.992	1915.443	1912.175	1913.548	10824	0	200
2023.08.11	20:00:00	1913.517	1913.993	1912.893	1913.786	1283	0	200
2023.08.13	20:00:00	1913.666	1915.181	1912.345	1913.620	3311	0	200
2023.08.14	00:00:00	1913.620	1913.719	1910.010	1912.696	12689	0	200
2023.08.14	04:00:00	1912.694	1915.913	1910.410	1914.408	12288	0	200
2023.08.14	08:00:00	1914.439	1916.156	1912.193	1913.927	12179	0	200
2023.08.14	12:00:00	1913.922	1913.978	1902.465	1910.612	24635	0	200
2023.08.14	16:00:00	1910.581	1913.155	1907.175	1907.563	11659	0	200
2023.08.14	20:00:00	1907.523	1908.039	1904.751	1907.557	4259	0	200
2023.08.15	00:00:00	1907.567	1907.963	1903.573	1907.124	12774	0	200
2023.08.15	04:00:00	1907.125	1907.455	1903.429	1904.921	12989	0	200
2023.08.15	08:00:00	1904.926	1905.119	1901.808	1904.166	13946	0	200
2023.08.15	12:00:00	1904.167	1911.563	1896.208	1906.820	31300	0	200
2023.08.15	16:00:00	1906.802	1907.377	1902.425	1902.664	13318	0	200
2023.08.15	20:00:00	1902.632	1903.540	1900.194	1901.419	4925	0	200
2023.08.16	00:00:00	1901.412	1905.135	1900.446	1904.071	11656	0	200
2023.08.16	04:00:00	1904.061	1906.508	1902.691	1904.510	11842	0	200
2023.08.16	08:00:00	1904.511	1907.146	1903.041	1903.087	11924	0	200
2023.08.16	12:00:00	1903.056	1906.383	1899.308	1901.885	21023	0	200
2023.08.16	16:00:00	1901.872	1902.530	1891.652	1892.146	15912	0	200
2023.08.16	20:00:00	1892.183	1894.924	1891.798	1893.295	6267	0	200
2023.08.17	00:00:00	1893.298	1893.906	1889.275	1892.721	12723	0	200
2023.08.17	04:00:00	1892.721	1897.499	1892.051	1896.389	11611	0	200
2023.08.17	08:00:00	1896.385	1899.437	1893.604	1898.822	13699	0	200
2023.08.17	12:00:00	1898.791	1903.413	1889.090	1889.428	25151	0	200
2023.08.17	16:00:00	1889.416	1891.165	1884.996	1889.039	13921	0	200
2023.08.17	20:00:00	1888.999	1891.553	1888.352	1891.227	4582	0	200
2023.08.18	00:00:00	1891.231	1895.011	1890.633	1892.674	12234	0	200
2023.08.18	04:00:00	1892.674	1894.059	1891.099	1892.547	12737	0	200
2023.08.18	08:00:00	1892.530	1895.498	1891.350	1893.733	11976	0	200
2023.08.18	12:00:00	1893.721	1896.549	1888.425	1891.206	21516	0	200
2023.08.18	16:00:00	1891.176	1891.897	1886.724	1889.248	11949	0	200
2023.08.18	20:00:00	1889.210	1889.935	1888.309	1889.529	1552	0	200
2023.08.20	20:00:00	1889.357	1890.823	1888.800	1889.919	3175	0	200
2023.08.21	00:00:00	1889.934	1893.481	1884.547	1891.643	13266	0	200
2023.08.21	04:00:00	1891.628	1894.015	1887.372	1888.104	13403	0	200
2023.08.21	08:00:00	1888.102	1893.109	1886.760	1893.029	13271	0	200
2023.08.21	12:00:00	1893.002	1898.650	1885.216	1889.148	24740	0	200
2023.08.21	16:00:00	1889.146	1895.337	1889.072	1894.268	11639	0	200
2023.08.21	20:00:00	1894.237	1895.990	1894.200	1894.664	3446	0	200
2023.08.22	00:00:00	1894.674	1897.257	1893.620	1896.016	12175	0	200
2023.08.22	04:00:00	1896.029	1901.659	1893.790	1901.445	12629	0	200
2023.08.22	08:00:00	1901.449	1904.410	1898.367	1902.113	13135	0	200
2023.08.22	12:00:00	1902.112	1903.368	1889.052	1897.808	23030	0	200
2023.08.22	16:00:00	1897.839	1898.876	1896.370	1897.571	10325	0	200
2023.08.22	20:00:00	1897.547	1898.569	1897.063	1898.478	2703	0	200
2023.08.23	00:00:00	1898.476	1902.740	1898.432	1901.524	11178	0	200
2023.08.23	04:00:00	1901.524	1904.665	1900.680	1903.587	13087	0	200
2023.08.23	08:00:00	1903.553	1905.291	1901.235	1903.259	13345	0	200
2023.08.23	12:00:00	1903.260	1918.877	1902.611	1918.268	27887	0	200
2023.08.23	16:00:00	1918.270	1920.292	1916.264	1916.831	12086	0	200
2023.08.23	20:00:00	1916.802	1918.005	1914.442	1917.849	4914	0	200
2023.08.24	00:00:00	1917.849	1921.600	1917.295	1920.867	11655	0	200
2023.08.24	04:00:00	1920.870	1922.753	1919.423	1919.506	13726	0	200
2023.08.24	08:00:00	1919.539	1921.940	1916.394	1916.567	12061	0	200
2023.08.24	12:00:00	1916.566	1923.147	1911.704	1921.007	22961	0	200
2023.08.24	16:00:00	1920.974	1921.408	1916.635	1916.738	11301	0	200
2023.08.24	20:00:00	1916.775	1917.481	1915.638	1915.847	3611	0	200
2023.08.25	00:00:00	1915.845	1917.516	1913.147	1913.417	10522	0	200
2023.08.25	04:00:00	1913.416	1915.939	1912.733	1914.149	11770	0	200
2023.08.25	08:00:00	1914.146	1918.375	1913.290	1918.276	11015	0	200
2023.08.25	12:00:00	1918.245	1922.208	1903.541	1907.747	32563	0	200
2023.08.25	16:00:00	1907.784	1914.694	1907.580	1914.310	13194	0	200
2023.08.25	20:00:00	1914.292	1914.917	1913.287	1914.321	1374	0	200
2023.08.27	20:00:00	1915.974	1916.068	1914.322	1915.028	3310	0	200
2023.08.28	00:00:00	1915.029	1917.352	1914.549	1916.222	10736	0	200
2023.08.28	04:00:00	1916.222	1917.719	1914.294	1914.464	10304	0	200
2023.08.28	08:00:00	1914.495	1915.641	1913.477	1914.757	9736	0	200
2023.08.28	12:00:00	1914.757	1925.991	1912.694	1924.732	18831	0	200
2023.08.28	16:00:00	1924.727	1925.195	1916.853	1919.659	11077	0	200
2023.08.28	20:00:00	1919.676	1921.576	1919.591	1921.186	2787	0	200
2023.08.29	00:00:00	1921.199	1925.763	1921.009	1925.360	9815	0	200
2023.08.29	04:00:00	1925.348	1925.547	1921.585	1923.183	10620	0	200
2023.08.29	08:00:00	1923.216	1924.407	1916.679	1917.184	12111	0	200
2023.08.29	12:00:00	1917.184	1937.580	1914.407	1936.727	26346	0	200
2023.08.29	16:00:00	1936.701	1938.120	1934.039	1937.991	12091	0	200
2023.08.29	20:00:00	1938.018	1938.018	1935.924	1936.168	3884	0	200
2023.08.30	00:00:00	1936.176	1937.467	1935.360	1936.739	9971	0	200
2023.08.30	04:00:00	1936.738	1937.077	1934.940	1936.458	10833	0	200
2023.08.30	08:00:00	1936.488	1939.606	1935.445	1939.065	11968	0	200
2023.08.30	12:00:00	1939.053	1949.006	1938.747	1944.911	26989	0	200
2023.08.30	16:00:00	1944.880	1945.564	1942.782	1943.385	10797	0	200
2023.08.30	20:00:00	1943.409	1945.424	1942.073	1944.185	5120	0	200
2023.08.31	00:00:00	1944.195	1947.660	1944.106	1945.136	9723	0	200
2023.08.31	04:00:00	1945.105	1946.253	1943.195	1945.035	10294	0	200
2023.08.31	08:00:00	1945.043	1945.869	1943.620	1945.633	11370	0	200
2023.08.31	12:00:00	1945.635	1947.720	1939.033	1940.592	24861	0	200
2023.08.31	16:00:00	1940.595	1942.448	1939.047	1940.019	10527	0	200
2023.08.31	20:00:00	1940.054	1940.509	1939.043	1939.824	3852	0	200
2023.09.01	00:00:00	1939.828	1943.911	1938.638	1938.907	10757	0	200
2023.09.01	04:00:00	1938.899	1943.458	1938.191	1943.072	10521	0	200
2023.09.01	08:00:00	1943.064	1945.822	1941.873	1944.442	10521	0	200
2023.09.01	12:00:00	1944.432	1952.748	1934.334	1938.779	34449	0	200
2023.09.01	16:00:00	1938.780	1941.530	1937.310	1940.490	10481	0	200
2023.09.01	20:00:00	1940.491	1940.667	1939.225	1939.704	1227	0	200
2023.09.03	20:00:00	1939.987	1941.000	1939.406	1940.558	2143	0	200
2023.09.04	00:00:00	1940.557	1946.040	1940.098	1944.931	10562	0	200
2023.09.04	04:00:00	1944.921	1946.232	1943.078	1943.780	10621	0	200
2023.09.04	08:00:00	1943.775	1944.417	1939.816	1941.589	9990	0	200
2023.09.04	12:00:00	1941.600	1941.680	1936.688	1938.598	11222	0	200
2023.09.04	16:00:00	1938.597	1938.822	1937.931	1938.118	1935	0	200
2023.09.04	20:00:00	1938.457	1938.742	1937.628	1937.659	2037	0	200
2023.09.05	00:00:00	1937.551	1938.618	1934.720	1936.926	10196	0	200
2023.09.05	04:00:00	1936.926	1938.927	1935.172	1935.541	11526	0	200
2023.09.05	08:00:00	1935.540	1935.624	1929.911	1930.428	12621	0	200
2023.09.05	12:00:00	1930.398	1934.576	1925.272	1926.070	24959	0	200
2023.09.05	16:00:00	1926.039	1927.878	1925.412	1925.780	10115	0	200
2023.09.05	20:00:00	1925.811	1926.883	1925.387	1926.559	3465	0	200
2023.09.06	00:00:00	1926.559	1926.695	1924.189	1926.501	10069	0	200
2023.09.06	04:00:00	1926.494	1928.428	1922.810	1922.891	11531	0	200
2023.09.06	08:00:00	1922.925	1927.693	1922.538	1925.371	11588	0	200
2023.09.06	12:00:00	1925.363	1929.097	1915.203	1916.736	25748	0	200
2023.09.06	16:00:00	1916.739	1920.622	1915.959	1916.642	10209	0	200
2023.09.06	20:00:00	1916.672	1918.103	1915.921	1917.091	3720	0	200
2023.09.07	00:00:00	1917.086	1920.662	1916.283	1920.117	9780	0	200
2023.09.07	04:00:00	1920.100	1920.209	1917.069	1918.344	11120	0	200
2023.09.07	08:00:00	1918.312	1922.257	1917.336	1921.773	11128	0	200
2023.09.07	12:00:00	1921.787	1923.521	1916.163	1920.906	21483	0	200
2023.09.07	16:00:00	1920.903	1921.378	1917.414	1918.716	9036	0	200
2023.09.07	20:00:00	1918.748	1920.294	1918.748	1920.247	3154	0	200
2023.09.08	00:00:00	1920.255	1927.131	1920.063	1924.905	12848	0	200
2023.09.08	04:00:00	1924.905	1927.236	1923.810	1924.073	10415	0	200
2023.09.08	08:00:00	1924.066	1925.813	1922.608	1922.953	10863	0	200
2023.09.08	12:00:00	1922.954	1929.639	1919.149	1919.546	20863	0	200
2023.09.08	16:00:00	1919.545	1920.631	1917.247	1919.156	8976	0	200
2023.09.08	20:00:00	1919.146	1919.348	1918.756	1918.973	1009	0	200
2023.09.10	20:00:00	1919.621	1919.653	1916.576	1918.801	4003	0	200
2023.09.11	00:00:00	1918.795	1924.001	1918.316	1923.274	12427	0	200
2023.09.11	04:00:00	1923.274	1930.440	1922.921	1926.422	14490	0	200
2023.09.11	08:00:00	1926.392	1927.977	1924.623	1925.167	11759	0	200
2023.09.11	12:00:00	1925.160	1930.013	1921.344	1922.987	19553	0	200
2023.09.11	16:00:00	1922.987	1925.038	1921.436	1922.700	9557	0	200
2023.09.11	20:00:00	1922.668	1923.236	1921.205	1921.624	3244	0	200
2023.09.12	00:00:00	1921.590	1924.282	1920.311	1923.623	10664	0	200
2023.09.12	04:00:00	1923.623	1924.447	1918.763	1918.968	10968	0	200
2023.09.12	08:00:00	1918.967	1921.298	1910.826	1912.936	13255	0	200
2023.09.12	12:00:00	1912.936	1914.543	1907.232	1912.411	21011	0	200
2023.09.12	16:00:00	1912.422	1915.007	1911.680	1912.942	9916	0	200
2023.09.12	20:00:00	1912.927	1913.778	1912.434	1912.858	3470	0	200
2023.09.13	00:00:00	1912.857	1913.781	1908.168	1909.604	11066	0	200
2023.09.13	04:00:00	1909.602	1912.600	1908.154	1911.997	12202	0	200
2023.09.13	08:00:00	1911.988	1913.055	1910.739	1912.262	10950	0	200
2023.09.13	12:00:00	1912.262	1915.696	1905.456	1910.375	30432	0	200
2023.09.13	16:00:00	1910.376	1911.631	1908.129	1908.739	10965	0	200
2023.09.13	20:00:00	1908.767	1909.776	1907.431	1909.176	4005	0	200
2023.09.14	00:00:00	1909.169	1912.856	1908.763	1909.643	12237	0	200
2023.09.14	04:00:00	1909.641	1910.983	1905.166	1905.818	11679	0	200
2023.09.14	08:00:00	1905.817	1909.078	1905.498	1907.458	11385	0	200
2023.09.14	12:00:00	1907.488	1911.332	1900.968	1907.913	31455	0	200
2023.09.14	16:00:00	1907.920	1912.030	1907.903	1909.412	11904	0	200
2023.09.14	20:00:00	1909.377	1911.026	1909.178	1909.735	3893	0	200
2023.09.15	00:00:00	1909.766	1915.941	1909.766	1915.550	12164	0	200
2023.09.15	04:00:00	1915.538	1919.505	1914.893	1917.973	13749	0	200
2023.09.15	08:00:00	1917.972	1919.902	1916.697	1919.146	11692	0	200
2023.09.15	12:00:00	1919.153	1930.372	1915.720	1926.378	24828	0	200
2023.09.15	16:00:00	1926.381	1927.804	1922.353	1922.450	11145	0	200
2023.09.15	20:00:00	1922.483	1923.868	1922.378	1923.831	1767	0	200
2023.09.17	20:00:00	1924.077	1924.530	1922.547	1923.227	2713	0	200
2023.09.18	00:00:00	1923.227	1929.448	1923.192	1928.838	11722	0	200
2023.09.18	04:00:00	1928.807	1930.570	1926.411	1926.440	12392	0	200
2023.09.18	08:00:00	1926.410	1928.126	1925.043	1926.770	10898	0	200
2023.09.18	12:00:00	1926.755	1929.379	1922.773	1928.965	18190	0	200
2023.09.18	16:00:00	1928.998	1933.534	1927.696	1933.282	10225	0	200
2023.09.18	20:00:00	1933.251	1934.453	1933.034	1934.040	3772	0	200
2023.09.19	00:00:00	1934.061	1934.534	1931.683	1932.227	9266	0	200
2023.09.19	04:00:00	1932.226	1934.752	1929.800	1934.407	10422	0	200
2023.09.19	08:00:00	1934.408	1936.745	1933.426	1935.207	9752	0	200
2023.09.19	12:00:00	1935.215	1937.345	1931.001	1933.056	18756	0	200
2023.09.19	16:00:00	1933.070	1933.687	1929.723	1931.895	10076	0	200
2023.09.19	20:00:00	1931.861	1932.307	1930.868	1931.319	3296	0	200
2023.09.20	00:00:00	1931.317	1931.491	1928.232	1930.551	9706	0	200
2023.09.20	04:00:00	1930.552	1932.281	1927.837	1928.668	10985	0	200
2023.09.20	08:00:00	1928.637	1932.669	1928.608	1932.034	10607	0	200
2023.09.20	12:00:00	1932.048	1945.774	1930.908	1941.820	19423	0	200
2023.09.20	16:00:00	1941.796	1947.361	1932.811	1932.956	25036	0	200
2023.09.20	20:00:00	1932.988	1933.639	1929.121	1929.424	7094	0	200
2023.09.21	00:00:00	1929.428	1929.657	1924.189	1928.299	12477	0	200
2023.09.21	04:00:00	1928.300	1930.451	1926.318	1927.120	11605	0	200
2023.09.21	08:00:00	1927.089	1927.382	1920.189	1920.705	13986	0	200
2023.09.21	12:00:00	1920.712	1923.774	1913.791	1917.397	28742	0	200
2023.09.21	16:00:00	1917.428	1921.218	1916.242	1919.699	11616	0	200
2023.09.21	20:00:00	1919.691	1921.500	1919.329	1921.353	4184	0	200
2023.09.22	00:00:00	1921.361	1925.490	1921.190	1923.776	11231	0	200
2023.09.22	04:00:00	1923.776	1928.630	1923.371	1927.963	12932	0	200
2023.09.22	08:00:00	1927.929	1927.948	1924.261	1925.507	11928	0	200
2023.09.22	12:00:00	1925.507	1929.046	1924.100	1927.669	19220	0	200
2023.09.22	16:00:00	1927.666	1928.478	1924.242	1925.336	10077	0	200
2023.09.22	20:00:00	1925.304	1925.520	1924.594	1925.231	1182	0	200
2023.09.24	20:00:00	1926.116	1926.294	1924.402	1924.717	3126	0	200
2023.09.25	00:00:00	1924.730	1925.264	1922.608	1923.582	9362	0	200
2023.09.25	04:00:00	1923.579	1927.147	1920.827	1923.449	10878	0	200
2023.09.25	08:00:00	1923.448	1924.951	1920.970	1924.019	12568	0	200
2023.09.25	12:00:00	1923.987	1926.800	1915.011	1917.417	22489	0	200
2023.09.25	16:00:00	1917.410	1918.220	1915.144	1915.454	10564	0	200
2023.09.25	20:00:00	1915.475	1916.744	1915.397	1916.207	2885	0	200
2023.09.26	00:00:00	1916.209	1916.447	1912.928	1913.592	9618	0	200
2023.09.26	04:00:00	1913.590	1915.133	1909.505	1913.637	10463	0	200
2023.09.26	08:00:00	1913.674	1915.577	1910.518	1911.534	12247	0	200
2023.09.26	12:00:00	1911.532	1912.791	1900.442	1902.352	23205	0	200
2023.09.26	16:00:00	1902.366	1903.598	1899.103	1900.456	12357	0	200
2023.09.26	20:00:00	1900.496	1902.032	1900.238	1901.529	3580	0	200
2023.09.27	00:00:00	1901.524	1903.712	1899.302	1899.873	10462	0	200
2023.09.27	04:00:00	1899.864	1899.864	1895.473	1896.619	12684	0	200
2023.09.27	08:00:00	1896.588	1897.799	1892.469	1892.851	12677	0	200
2023.09.27	12:00:00	1892.842	1893.052	1879.805	1881.490	22733	0	200
2023.09.27	16:00:00	1881.525	1881.591	1872.507	1876.670	16182	0	200
2023.09.27	20:00:00	1876.701	1877.650	1874.599	1877.562	4783	0	200
2023.09.28	00:00:00	1877.583	1877.853	1873.566	1874.630	10905	0	200
2023.09.28	04:00:00	1874.611	1878.170	1873.689	1875.680	13335	0	200
2023.09.28	08:00:00	1875.714	1877.125	1873.636	1875.972	13015	0	200
2023.09.28	12:00:00	1875.984	1879.490	1857.644	1864.718	30526	0	200
2023.09.28	16:00:00	1864.758	1867.276	1860.947	1867.102	14771	0	200
2023.09.28	20:00:00	1867.071	1867.225	1863.775	1866.700	5287	0	200
2023.09.29	00:00:00	1866.695	1867.204	1862.890	1863.302	9737	0	200
2023.09.29	04:00:00	1863.301	1873.947	1863.072	1873.502	12504	0	200
2023.09.29	08:00:00	1873.528	1873.724	1867.530	1869.425	13971	0	200
2023.09.29	12:00:00	1869.424	1879.801	1852.194	1854.741	34398	0	200
2023.09.29	16:00:00	1854.773	1856.417	1846.282	1848.230	15422	0	200
2023.09.29	20:00:00	1848.199	1849.854	1847.686	1848.796	2117	0	200
2023.10.01	20:00:00	1847.284	1848.678	1845.687	1848.314	4065	0	200
2023.10.02	00:00:00	1848.314	1848.885	1842.850	1843.436	8917	0	200
2023.10.02	04:00:00	1843.432	1846.183	1839.257	1839.776	13033	0	200
2023.10.02	08:00:00	1839.744	1843.168	1831.045	1837.264	16711	0	200
2023.10.02	12:00:00	1837.263	1840.559	1827.113	1832.544	31153	0	200
2023.10.02	16:00:00	1832.576	1833.566	1829.164	1829.306	14740	0	200
2023.10.02	20:00:00	1829.276	1829.587	1820.404	1824.944	7150	0	200
2023.10.03	00:00:00	1824.919	1825.179	1815.218	1820.490	13656	0	200
2023.10.03	04:00:00	1820.494	1824.586	1818.158	1823.999	14718	0	200
2023.10.03	08:00:00	1824.025	1829.087	1823.620	1825.909	16103	0	200
2023.10.03	12:00:00	1825.908	1833.344	1819.247	1824.787	46474	0	200
2023.10.03	16:00:00	1824.819	1828.045	1821.853	1823.856	16601	0	200
2023.10.03	20:00:00	1823.886	1824.955	1822.129	1823.303	5197	0	200
2023.10.04	00:00:00	1823.303	1824.996	1819.600	1820.731	12474	0	200
2023.10.04	04:00:00	1820.730	1823.787	1816.669	1823.064	14586	0	200
2023.10.04	08:00:00	1823.033	1827.128	1820.231	1824.949	16810	0	200
2023.10.04	12:00:00	1824.945	1830.542	1817.070	1823.718	36843	0	200
2023.10.04	16:00:00	1823.817	1823.983	1816.556	1823.286	15715	0	200
2023.10.04	20:00:00	1823.321	1823.985	1820.450	1822.524	4685	0	200
2023.10.05	00:00:00	1822.472	1828.672	1821.775	1828.297	11147	0	200
2023.10.05	04:00:00	1828.328	1829.173	1819.841	1820.690	12711	0	200
2023.10.05	08:00:00	1820.719	1823.932	1819.629	1822.994	14152	0	200
2023.10.05	12:00:00	1822.990	1823.842	1812.994	1815.479	30740	0	200
2023.10.05	16:00:00	1815.471	1820.802	1814.804	1820.301	14491	0	200
2023.10.05	20:00:00	1820.332	1823.102	1819.420	1821.272	3710	0	200
2023.10.06	00:00:00	1821.272	1824.400	1819.658	1823.944	9790	0	200
2023.10.06	04:00:00	1823.905	1824.510	1818.561	1821.348	11419	0	200
2023.10.06	08:00:00	1821.335	1825.050	1819.274	1821.209	13390	0	200
2023.10.06	12:00:00	1821.206	1834.832	1810.402	1832.556	44522	0	200
2023.10.06	16:00:00	1832.534	1833.930	1828.762	1829.386	15638	0	200
2023.10.06	20:00:00	1829.354	1832.166	1828.940	1831.900	1902	0	200
2023.10.08	20:00:00	1853.390	1854.643	1845.525	1847.965	10973	0	200
2023.10.09	00:00:00	1847.992	1852.726	1846.237	1851.044	15295	0	200
2023.10.09	04:00:00	1851.074	1854.361	1848.020	1850.426	14820	0	200
2023.10.09	08:00:00	1850.390	1852.262	1848.882	1849.948	12570	0	200
2023.10.09	12:00:00	1849.985	1853.129	1844.161	1851.540	23788	0	200
2023.10.09	16:00:00	1851.539	1863.416	1848.633	1863.223	13335	0	200
2023.10.09	20:00:00	1863.191	1863.191	1860.342	1862.536	4680	0	200
2023.10.10	00:00:00	1862.582	1865.278	1861.366	1862.420	14306	0	200
2023.10.10	04:00:00	1862.420	1862.460	1855.135	1857.335	15162	0	200
2023.10.10	08:00:00	1857.341	1859.733	1854.815	1857.127	15871	0	200
2023.10.10	12:00:00	1857.157	1862.258	1852.970	1861.253	24855	0	200
2023.10.10	16:00:00	1861.245	1862.721	1858.061	1860.103	14293	0	200
2023.10.10	20:00:00	1860.071	1860.723	1859.329	1859.647	3605	0	200
2023.10.11	00:00:00	1859.633	1862.070	1859.531	1860.057	10966	0	200
2023.10.11	04:00:00	1860.057	1868.123	1858.590	1867.911	13022	0	200
2023.10.11	08:00:00	1867.881	1874.712	1866.876	1870.971	15436	0	200
2023.10.11	12:00:00	1870.971	1875.003	1867.347	1872.995	26915	0	200
2023.10.11	16:00:00	1873.027	1877.152	1870.783	1873.584	15547	0	200
2023.10.11	20:00:00	1873.614	1875.663	1873.297	1875.250	4030	0	200
2023.10.12	00:00:00	1875.251	1878.679	1874.453	1877.592	11116	0	200
2023.10.12	04:00:00	1877.623	1882.592	1876.738	1878.855	12069	0	200
2023.10.12	08:00:00	1878.824	1884.434	1878.604	1883.494	12940	0	200
2023.10.12	12:00:00	1883.497	1884.918	1870.689	1872.283	30446	0	200
2023.10.12	16:00:00	1872.313	1873.589	1867.883	1868.298	16017	0	200
2023.10.12	20:00:00	1868.257	1871.177	1868.257	1870.555	3862	0	200
2023.10.13	00:00:00	1870.546	1873.956	1870.055	1873.643	10345	0	200
2023.10.13	04:00:00	1873.643	1883.071	1873.541	1882.093	13246	0	200
2023.10.13	08:00:00	1882.112	1899.822	1881.870	1896.419	17931	0	200
2023.10.13	12:00:00	1896.388	1923.112	1896.388	1922.951	41493	0	200
2023.10.13	16:00:00	1922.981	1930.698	1922.392	1928.293	16730	0	200
2023.10.13	20:00:00	1928.323	1932.593	1928.092	1932.217	2148	0	200
2023.10.15	20:00:00	1927.521	1927.521	1921.177	1925.836	7671	0	200
2023.10.16	00:00:00	1925.842	1925.927	1918.029	1920.027	12821	0	200
2023.10.16	04:00:00	1920.025	1920.362	1908.144	1911.418	16407	0	200
2023.10.16	08:00:00	1911.394	1918.280	1909.943	1915.566	16422	0	200
2023.10.16	12:00:00	1915.598	1924.526	1914.380	1921.454	29716	0	200
2023.10.16	16:00:00	1921.487	1922.721	1917.826	1918.942	12236	0	200
2023.10.16	20:00:00	1918.987	1921.736	1918.768	1919.386	4756	0	200
2023.10.17	00:00:00	1919.382	1919.967	1912.343	1916.784	12232	0	200
2023.10.17	04:00:00	1916.810	1921.338	1914.198	1920.005	13035	0	200
2023.10.17	08:00:00	1919.972	1926.504	1918.594	1923.993	16049	0	200
2023.10.17	12:00:00	1924.013	1931.523	1918.978	1926.817	32401	0	200
2023.10.17	16:00:00	1926.785	1926.785	1919.109	1922.580	15084	0	200
2023.10.17	20:00:00	1922.611	1925.507	1922.116	1924.689	4100	0	200
2023.10.18	00:00:00	1924.689	1942.507	1923.755	1937.448	16635	0	200
2023.10.18	04:00:00	1937.448	1940.097	1935.103	1939.588	14412	0	200
2023.10.18	08:00:00	1939.557	1947.422	1937.219	1946.136	16252	0	200
2023.10.18	12:00:00	1946.105	1962.562	1938.046	1945.139	37574	0	200
2023.10.18	16:00:00	1945.169	1956.519	1944.603	1950.335	17825	0	200
2023.10.18	20:00:00	1950.321	1951.634	1947.074	1950.842	5929	0	200
2023.10.19	00:00:00	1950.783	1953.218	1945.057	1946.273	13024	0	200
2023.10.19	04:00:00	1946.291	1952.722	1945.284	1949.420	15450	0	200
2023.10.19	08:00:00	1949.392	1954.431	1947.807	1952.091	15528	0	200
2023.10.19	12:00:00	1952.122	1959.914	1949.726	1956.133	29425	0	200
2023.10.19	16:00:00	1956.171	1977.635	1952.082	1974.298	32709	0	200
2023.10.19	20:00:00	1974.329	1982.346	1972.429	1977.138	9955	0	200
2023.10.20	00:00:00	1977.172	1981.777	1971.974	1977.731	18026	0	200
2023.10.20	04:00:00	1977.729	1982.123	1974.061	1980.115	16156	0	200
2023.10.20	08:00:00	1980.137	1985.818	1976.372	1977.229	17373	0	200
2023.10.20	12:00:00	1977.259	1997.115	1973.230	1991.567	34053	0	200
2023.10.20	16:00:00	1991.553	1992.358	1974.267	1979.652	25524	0	200
2023.10.20	20:00:00	1979.622	1981.301	1978.890	1980.751	2118	0	200
2023.10.22	20:00:00	1972.732	1978.529	1970.062	1971.544	6191	0	200
2023.10.23	00:00:00	1971.505	1974.725	1964.308	1973.630	18348	0	200
2023.10.23	04:00:00	1973.623	1979.713	1972.714	1979.420	15662	0	200
2023.10.23	08:00:00	1979.381	1982.746	1975.273	1979.308	16810	0	200
2023.10.23	12:00:00	1979.329	1981.921	1970.085	1975.325	30130	0	200
2023.10.23	16:00:00	1975.309	1979.304	1971.118	1973.170	17389	0	200
2023.10.23	20:00:00	1973.138	1973.800	1971.412	1973.557	4446	0	200
2023.10.24	00:00:00	1973.555	1980.836	1972.397	1976.844	14178	0	200
2023.10.24	04:00:00	1976.812	1979.143	1974.454	1975.300	14227	0	200
2023.10.24	08:00:00	1975.294	1975.909	1953.444	1963.718	21200	0	200
2023.10.24	12:00:00	1963.688	1970.027	1958.989	1969.754	31701	0	200
2023.10.24	16:00:00	1969.709	1977.536	1968.869	1972.691	15579	0	200
2023.10.24	20:00:00	1972.656	1973.383	1969.968	1972.825	4239	0	200
2023.10.25	00:00:00	1972.826	1976.946	1970.853	1973.224	13525	0	200
2023.10.25	04:00:00	1973.193	1975.917	1968.293	1971.149	14000	0	200
2023.10.25	08:00:00	1971.150	1976.417	1969.439	1974.664	15606	0	200
2023.10.25	12:00:00	1974.697	1987.207	1962.998	1981.188	37745	0	200
2023.10.25	16:00:00	1981.196	1985.653	1976.517	1980.782	18733	0	200
2023.10.25	20:00:00	1980.752	1984.101	1977.663	1982.923	8884	0	200
2023.10.26	00:00:00	1982.941	1987.340	1982.394	1987.166	12450	0	200
2023.10.26	04:00:00	1987.163	1990.042	1983.943	1990.042	15802	0	200
2023.10.26	08:00:00	1990.031	1993.389	1982.452	1984.571	14992	0	200
2023.10.26	12:00:00	1984.590	1986.672	1971.735	1980.221	35191	0	200
2023.10.26	16:00:00	1980.194	1989.224	1979.699	1984.363	17588	0	200
2023.10.26	20:00:00	1984.331	1986.740	1983.364	1984.379	5323	0	200
2023.10.27	00:00:00	1984.378	1988.813	1982.859	1987.869	12440	0	200
2023.10.27	04:00:00	1987.857	1989.921	1985.793	1987.314	14025	0	200
2023.10.27	08:00:00	1987.309	1987.886	1979.947	1981.769	13605	0	200
2023.10.27	12:00:00	1981.736	1986.115	1976.817	1979.909	32879	0	200
2023.10.27	16:00:00	1979.879	2009.327	1979.156	2006.909	24518	0	200
2023.10.27	20:00:00	2006.941	2007.134	2004.323	2006.048	3123	0	200
2023.10.29	20:00:00	2002.954	2004.776	1996.868	2002.656	9369	0	200
2023.10.30	00:00:00	2002.684	2006.732	2001.503	2002.075	13621	0	200
2023.10.30	04:00:00	2002.075	2002.660	1993.397	1993.608	13574	0	200
2023.10.30	08:00:00	1993.642	1997.317	1990.976	1995.720	17420	0	200
2023.10.30	12:00:00	1995.750	2002.481	1992.010	1999.089	31238	0	200
2023.10.30	16:00:00	1999.121	2000.594	1994.679	1995.887	14487	0	200
2023.10.30	20:00:00	1995.856	1996.685	1993.964	1995.492	4649	0	200
2023.10.31	00:00:00	1995.509	1997.250	1991.660	1992.125	13371	0	200
2023.10.31	04:00:00	1992.122	1997.603	1990.544	1996.248	12529	0	200
2023.10.31	08:00:00	1996.246	2000.336	1995.085	1999.844	15175	0	200
2023.10.31	12:00:00	1999.811	2007.849	1992.459	1994.277	31808	0	200
2023.10.31	16:00:00	1994.204	1994.726	1978.806	1984.796	22225	0	200
2023.10.31	20:00:00	1984.826	1986.116	1983.096	1983.667	6349	0	200
2023.11.01	00:00:00	1983.670	1983.947	1976.836	1977.080	13061	0	200
2023.11.01	04:00:00	1977.079	1980.967	1975.234	1977.103	12865	0	200
2023.11.01	08:00:00	1977.097	1985.128	1977.085	1983.418	14427	0	200
2023.11.01	12:00:00	1983.415	1992.554	1978.342	1979.238	30150	0	200
2023.11.01	16:00:00	1979.206	1982.257	1969.823	1978.596	28976	0	200
2023.11.01	20:00:00	1978.563	1985.632	1977.115	1985.010	7643	0	200
2023.11.02	00:00:00	1984.989	1988.121	1983.317	1985.375	12765	0	200
2023.11.02	04:00:00	1985.402	1986.620	1983.637	1985.408	12419	0	200
2023.11.02	08:00:00	1985.377	1990.337	1984.507	1988.473	14054	0	200
2023.11.02	12:00:00	1988.506	1990.926	1978.798	1981.140	27229	0	200
2023.11.02	16:00:00	1981.127	1986.656	1978.986	1985.399	14328	0	200
2023.11.02	20:00:00	1985.367	1986.465	1984.301	1984.961	4545	0	200
2023.11.03	00:00:00	1984.956	1987.813	1983.218	1985.802	10074	0	200
2023.11.03	04:00:00	1985.803	1989.045	1984.583	1986.525	10762	0	200
2023.11.03	08:00:00	1986.523	1990.185	1986.110	1987.536	12641	0	200
2023.11.03	12:00:00	1987.588	2004.003	1985.641	1991.707	44323	0	200
2023.11.03	16:00:00	1991.737	1995.057	1989.316	1992.720	15837	0	200
2023.11.03	20:00:00	1992.693	1992.885	1992.022	1992.516	1593	0	200
2023.11.05	20:00:00	1991.454	1991.544	1987.127	1988.450	2425	0	200
2023.11.06	00:00:00	1988.452	1993.077	1981.895	1985.171	13911	0	200
2023.11.06	04:00:00	1985.137	1985.307	1982.257	1983.399	10718	0	200
2023.11.06	08:00:00	1983.426	1988.318	1982.854	1987.672	13548	0	200
2023.11.06	12:00:00	1987.641	1989.047	1981.078	1981.078	21086	0	200
2023.11.06	16:00:00	1981.123	1984.421	1979.175	1980.301	13798	0	200
2023.11.06	20:00:00	1980.281	1980.281	1975.736	1976.677	7694	0	200
2023.11.07	00:00:00	1976.653	1977.001	1972.228	1972.562	12109	0	200
2023.11.07	04:00:00	1972.563	1974.142	1967.190	1969.283	11776	0	200
2023.11.07	08:00:00	1969.276	1970.200	1962.638	1963.845	16143	0	200
2023.11.07	12:00:00	1963.840	1967.191	1956.659	1963.297	27205	0	200
2023.11.07	16:00:00	1963.299	1969.839	1961.737	1967.424	16106	0	200
2023.11.07	20:00:00	1967.424	1969.337	1966.912	1968.902	6706	0	200
2023.11.08	00:00:00	1968.908	1970.937	1967.273	1967.750	12048	0	200
2023.11.08	04:00:00	1967.746	1969.000	1964.950	1967.594	11828	0	200
2023.11.08	08:00:00	1967.561	1968.937	1959.424	1964.386	15301	0	200
2023.11.08	12:00:00	1964.396	1966.645	1950.918	1955.355	23404	0	200
2023.11.08	16:00:00	1955.325	1957.866	1947.468	1948.130	18800	0	200
2023.11.08	20:00:00	1948.124	1951.749	1947.335	1950.812	7580	0	200
2023.11.09	00:00:00	1950.816	1954.500	1947.766	1949.201	13873	0	200
2023.11.09	04:00:00	1949.224	1950.469	1948.040	1949.328	12421	0	200
2023.11.09	08:00:00	1949.298	1949.673	1944.498	1948.794	14068	0	200
2023.11.09	12:00:00	1948.801	1964.923	1944.807	1962.925	27269	0	200
2023.11.09	16:00:00	1962.862	1965.718	1956.158	1958.349	22210	0	200
2023.11.09	20:00:00	1958.386	1959.999	1956.861	1959.058	7893	0	200
2023.11.10	00:00:00	1959.060	1960.714	1956.427	1959.386	12624	0	200
2023.11.10	04:00:00	1959.382	1959.467	1953.715	1955.351	11918	0	200
2023.11.10	08:00:00	1955.333	1957.159	1947.059	1948.177	14381	0	200
2023.11.10	12:00:00	1948.167	1949.151	1939.678	1941.970	24830	0	200
2023.11.10	16:00:00	1942.010	1943.404	1932.898	1935.440	16758	0	200
2023.11.10	20:00:00	1935.436	1938.905	1934.553	1938.353	4881	0	200
2023.11.12	20:00:00	1941.002	1941.301	1921.380	1940.344	2189	0	200
2023.11.13	00:00:00	1940.374	1941.913	1934.052	1935.312	14199	0	200
2023.11.13	04:00:00	1935.313	1941.215	1934.146	1938.763	12436	0	200
2023.11.13	08:00:00	1938.795	1940.424	1935.982	1937.965	13487	0	200
2023.11.13	12:00:00	1937.955	1938.911	1931.604	1938.422	19491	0	200
2023.11.13	16:00:00	1938.405	1949.187	1938.135	1946.142	14835	0	200
2023.11.13	20:00:00	1946.126	1946.762	1945.149	1946.399	5350	0	200
2023.11.14	00:00:00	1946.414	1948.321	1944.319	1944.763	10764	0	200
2023.11.14	04:00:00	1944.731	1946.428	1943.708	1945.593	10156	0	200
2023.11.14	08:00:00	1945.611	1948.089	1944.296	1945.837	13399	0	200
2023.11.14	12:00:00	1945.871	1970.954	1937.421	1964.315	33806	0	200
2023.11.14	16:00:00	1964.349	1966.556	1961.584	1963.618	16559	0	200
2023.11.14	20:00:00	1963.623	1964.463	1962.180	1962.493	6126	0	200
2023.11.15	00:00:00	1962.487	1966.960	1961.527	1966.815	13051	0	200
2023.11.15	04:00:00	1966.827	1971.019	1965.870	1970.261	13271	0	200
2023.11.15	08:00:00	1970.288	1974.052	1969.753	1972.896	14838	0	200
2023.11.15	12:00:00	1972.901	1975.281	1955.425	1963.115	27196	0	200
2023.11.15	16:00:00	1963.132	1963.660	1959.122	1961.686	15514	0	200
2023.11.15	20:00:00	1961.713	1962.177	1958.920	1960.331	6498	0	200
2023.11.16	00:00:00	1960.333	1962.139	1956.447	1961.401	12420	0	200
2023.11.16	04:00:00	1961.397	1967.745	1960.786	1966.536	11602	0	200
2023.11.16	08:00:00	1966.505	1968.536	1964.622	1965.535	13123	0	200
2023.11.16	12:00:00	1965.531	1986.453	1962.069	1984.880	25963	0	200
2023.11.16	16:00:00	1984.858	1987.940	1980.128	1983.353	17226	0	200
2023.11.16	20:00:00	1983.299	1984.041	1980.537	1982.599	6498	0	199
2023.11.17	00:00:00	1982.577	1986.944	1981.735	1986.542	13092	0	199
2023.11.17	04:00:00	1986.551	1987.668	1982.676	1987.663	11670	0	199
2023.11.17	08:00:00	1987.616	1993.412	1984.589	1988.733	16708	0	199
2023.11.17	12:00:00	1988.802	1991.596	1979.324	1983.400	23615	0	199
2023.11.17	16:00:00	1983.432	1985.281	1978.514	1980.321	15410	0	199
2023.11.17	20:00:00	1980.368	1981.021	1978.954	1980.635	4488	0	199
2023.11.19	20:00:00	1977.456	1978.721	1974.115	1974.471	2472	0	199
2023.11.20	00:00:00	1974.532	1985.121	1973.353	1982.266	16089	0	199
2023.11.20	04:00:00	1982.240	1983.392	1978.084	1978.495	15143	0	199
2023.11.20	08:00:00	1978.547	1980.527	1972.219	1973.332	17139	0	199
2023.11.20	12:00:00	1973.311	1973.379	1965.435	1971.887	23609	0	199
2023.11.20	16:00:00	1971.925	1978.926	1971.229	1978.377	17080	0	199
2023.11.20	20:00:00	1978.382	1981.570	1976.887	1981.169	6862	0	199
2023.11.21	00:00:00	1981.155	1994.299	1980.709	1993.257	16844	0	199
2023.11.21	04:00:00	1993.201	1994.045	1989.626	1992.302	15334	0	199
2023.11.21	08:00:00	1992.359	1994.243	1984.235	1987.202	17440	0	199
2023.11.21	12:00:00	1987.216	2007.489	1986.601	2004.158	27043	0	199
2023.11.21	16:00:00	2004.172	2005.354	1996.131	2000.021	18874	0	199
2023.11.21	20:00:00	2000.060	2000.153	1997.798	1999.339	6782	0	199
2023.11.22	00:00:00	1999.338	1999.338	1995.462	1996.464	13866	0	199
2023.11.22	04:00:00	1996.461	2004.029	1996.170	2003.657	14979	0	199
2023.11.22	08:00:00	2003.629	2006.415	1998.970	2000.599	16549	0	199
2023.11.22	12:00:00	2000.604	2003.210	1989.885	1994.902	24435	0	199
2023.11.22	16:00:00	1994.895	1995.479	1986.851	1990.647	16033	0	199
2023.11.22	20:00:00	1990.700	1991.814	1989.346	1990.506	6640	0	199
2023.11.23	00:00:00	1990.515	1998.260	1990.116	1997.704	12715	0	199
2023.11.23	04:00:00	1997.686	1998.562	1993.319	1996.365	12620	0	199
2023.11.23	08:00:00	1996.334	1996.406	1992.129	1993.841	13405	0	199
2023.11.23	12:00:00	1993.823	1994.852	1991.778	1992.129	13016	0	199
2023.11.23	16:00:00	1992.139	1992.959	1989.762	1992.078	5116	0	199
2023.11.23	20:00:00	1992.540	1994.309	1992.480	1993.983	1465	0	357
2023.11.24	00:00:00	1994.072	1994.881	1991.482	1993.523	13084	0	199
2023.11.24	04:00:00	1993.524	1994.784	1991.468	1993.483	12794	0	199
2023.11.24	08:00:00	1993.453	1996.297	1992.220	1995.179	13568	0	199
2023.11.24	12:00:00	1995.229	2003.621	1994.324	1998.331	21196	0	199
2023.11.24	16:00:00	1998.340	2002.308	1997.114	2002.192	8798	0	199
2023.11.26	20:00:00	2000.897	2002.978	2000.484	2002.250	2311	0	357
2023.11.27	00:00:00	2002.364	2018.187	2001.787	2009.551	20014	0	199
2023.11.27	04:00:00	2009.531	2013.724	2008.388	2010.854	15724	0	199
2023.11.27	08:00:00	2010.830	2015.490	2010.465	2012.518	16037	0	199
2023.11.27	12:00:00	2012.528	2016.337	2008.652	2010.202	24474	0	199
2023.11.27	16:00:00	2010.255	2013.563	2005.668	2012.776	16599	0	199
2023.11.27	20:00:00	2012.770	2015.422	2011.924	2015.215	6833	0	199
2023.11.28	00:00:00	2015.217	2018.022	2013.809	2014.899	14336	0	199
2023.11.28	04:00:00	2014.937	2016.864	2012.079	2013.509	12277	0	199
2023.11.28	08:00:00	2013.521	2016.660	2012.477	2015.127	14134	0	199
2023.11.28	12:00:00	2015.173	2031.509	2011.339	2030.794	26050	0	199
2023.11.28	16:00:00	2030.797	2043.023	2030.365	2041.772	19426	0	199
2023.11.28	20:00:00	2041.769	2044.573	2039.612	2044.406	8404	0	199
2023.11.29	00:00:00	2044.426	2052.030	2042.745	2044.011	19097	0	199
2023.11.29	04:00:00	2044.016	2048.966	2040.998	2042.483	15960	0	199
2023.11.29	08:00:00	2042.413	2044.082	2035.228	2040.063	17931	0	199
2023.11.29	12:00:00	2040.019	2046.971	2037.056	2042.886	30452	0	199
2023.11.29	16:00:00	2042.860	2049.536	2039.434	2046.258	18066	0	199
2023.11.29	20:00:00	2046.270	2046.421	2042.778	2044.643	7889	0	199
2023.11.30	00:00:00	2044.640	2047.265	2042.567	2046.039	13514	0	199
2023.11.30	04:00:00	2046.065	2046.877	2041.329	2044.578	14393	0	199
2023.11.30	08:00:00	2044.676	2045.670	2035.857	2037.147	17900	0	199
2023.11.30	12:00:00	2037.191	2044.056	2031.261	2037.827	32258	0	199
2023.11.30	16:00:00	2037.842	2041.369	2033.581	2036.065	16329	0	199
2023.11.30	20:00:00	2036.018	2040.461	2034.715	2039.918	6954	0	360
2023.12.01	00:00:00	2040.075	2043.366	2038.653	2039.410	13823	0	199
2023.12.01	04:00:00	2039.403	2042.833	2038.814	2039.502	12972	0	199
2023.12.01	08:00:00	2039.550	2049.853	2036.421	2037.033	17619	0	199
2023.12.01	12:00:00	2037.064	2053.300	2033.822	2049.296	30524	0	199
2023.12.01	16:00:00	2049.336	2075.272	2044.586	2066.985	27533	0	199
2023.12.01	20:00:00	2066.982	2071.841	2066.384	2071.554	5173	0	367
2023.12.03	20:00:00	2074.106	2144.471	2071.636	2117.509	17117	0	381
2023.12.04	00:00:00	2117.935	2120.648	2083.149	2085.774	38665	0	199
2023.12.04	04:00:00	2085.799	2090.490	2061.459	2063.518	26268	0	199
2023.12.04	08:00:00	2063.551	2076.372	2057.707	2070.835	27678	0	199
2023.12.04	12:00:00	2070.807	2071.318	2019.986	2022.545	55774	0	199
2023.12.04	16:00:00	2022.515	2031.505	2020.660	2030.877	30144	0	199
2023.12.04	20:00:00	2030.911	2034.129	2026.133	2034.087	10979	0	199
2023.12.05	00:00:00	2033.931	2041.170	2032.642	2037.286	20022	0	199
2023.12.05	04:00:00	2037.271	2038.312	2030.377	2032.642	18988	0	199
2023.12.05	08:00:00	2032.599	2039.578	2021.495	2024.679	22336	0	199
2023.12.05	12:00:00	2024.718	2030.832	2009.744	2016.234	41605	0	199
2023.12.05	16:00:00	2016.261	2020.559	2012.099	2019.721	23013	0	199
2023.12.05	20:00:00	2019.712	2020.909	2017.181	2018.903	8353	0	199
2023.12.06	00:00:00	2018.904	2024.220	2018.683	2023.130	14911	0	199
2023.12.06	04:00:00	2023.171	2035.915	2020.387	2034.026	16062	0	199
2023.12.06	08:00:00	2033.989	2034.898	2020.093	2021.320	19400	0	199
2023.12.06	12:00:00	2021.332	2033.016	2020.955	2030.206	31578	0	199
2023.12.06	16:00:00	2030.244	2031.334	2023.881	2029.879	19466	0	199
2023.12.06	20:00:00	2029.886	2029.906	2024.389	2027.006	8890	0	199
2023.12.07	00:00:00	2026.978	2030.048	2026.021	2026.869	14554	0	199
2023.12.07	04:00:00	2026.827	2030.721	2025.165	2029.582	16199	0	199
2023.12.07	08:00:00	2029.622	2035.115	2028.801	2032.562	17024	0	199
2023.12.07	12:00:00	2032.569	2039.890	2025.104	2029.302	32329	0	199
2023.12.07	16:00:00	2029.254	2031.883	2020.091	2029.821	22687	0	199
2023.12.07	20:00:00	2029.842	2031.198	2026.752	2027.915	6600	0	359
2023.12.08	00:00:00	2028.060	2034.004	2027.499	2032.361	17510	0	199
2023.12.08	04:00:00	2032.388	2032.407	2028.837	2030.904	14673	0	199
2023.12.08	08:00:00	2030.855	2032.400	2026.433	2029.972	19529	0	199
2023.12.08	12:00:00	2030.010	2030.096	2002.498	2008.866	47429	0	199
2023.12.08	16:00:00	2008.865	2009.665	1994.518	2000.757	22869	0	199
2023.12.08	20:00:00	2000.733	2005.056	2000.007	2004.340	5760	0	199
2023.12.10	20:00:00	2005.584	2007.647	2004.552	2007.054	3140	0	199
2023.12.11	00:00:00	2006.993	2007.808	1995.394	1996.892	17965	0	199
2023.12.11	04:00:00	1996.906	2000.544	1991.270	1992.760	15745	0	199
2023.12.11	08:00:00	1992.764	1997.809	1991.133	1996.100	17975	0	199
2023.12.11	12:00:00	1996.153	1996.742	1980.572	1982.301	26098	0	199
2023.12.11	16:00:00	1982.360	1984.333	1975.843	1981.575	20399	0	199
2023.12.11	20:00:00	1981.616	1984.302	1980.291	1982.960	7827	0	199
2023.12.12	00:00:00	1982.954	1989.506	1981.855	1985.462	16403	0	199
2023.12.12	04:00:00	1985.459	1989.078	1984.639	1988.021	13431	0	199
2023.12.12	08:00:00	1987.993	1988.429	1982.615	1988.334	15620	0	199
2023.12.12	12:00:00	1988.367	1996.665	1980.013	1981.571	33630	0	199
2023.12.12	16:00:00	1981.596	1983.636	1977.115	1980.267	18498	0	199
2023.12.12	20:00:00	1980.261	1982.807	1979.000	1982.453	6888	0	199
2023.12.13	00:00:00	1982.452	1982.518	1977.726	1977.986	12575	0	199
2023.12.13	04:00:00	1977.937	1980.465	1973.033	1979.225	14553	0	199
2023.12.13	08:00:00	1979.262	1983.568	1978.559	1982.751	15215	0	199
2023.12.13	12:00:00	1982.761	1986.708	1978.390	1981.784	23208	0	199
2023.12.13	16:00:00	1981.824	2017.450	1979.614	2013.600	34188	0	199
2023.12.13	20:00:00	2013.645	2033.129	2012.572	2032.814	23734	0	199
2023.12.14	00:00:00	2032.858	2039.318	2029.935	2030.983	26834	0	199
2023.12.14	04:00:00	2030.939	2037.373	2029.256	2032.658	20159	0	199
2023.12.14	08:00:00	2032.617	2040.345	2031.986	2034.879	22495	0	199
2023.12.14	12:00:00	2035.010	2047.909	2027.353	2040.212	40769	0	199
2023.12.14	16:00:00	2040.180	2041.463	2028.944	2033.194	24406	0	199
2023.12.14	20:00:00	2033.162	2038.646	2032.697	2035.552	10236	0	199
2023.12.15	00:00:00	2035.519	2037.474	2031.196	2035.747	16488	0	199
2023.12.15	04:00:00	2035.713	2039.096	2034.308	2037.836	15259	0	199
2023.12.15	08:00:00	2037.797	2044.372	2036.951	2041.635	17916	0	199
2023.12.15	12:00:00	2041.623	2044.909	2026.878	2035.080	36446	0	199
2023.12.15	16:00:00	2035.050	2036.399	2015.545	2019.067	22904	0	199
2023.12.15	20:00:00	2019.019	2021.622	2017.395	2019.491	7064	0	199
2023.12.17	20:00:00	2019.802	2020.102	2015.897	2017.414	3350	0	199
2023.12.18	00:00:00	2017.414	2024.111	2016.067	2022.787	17690	0	199
2023.12.18	04:00:00	2022.780	2024.821	2021.461	2023.140	13340	0	199
2023.12.18	08:00:00	2023.109	2027.289	2018.749	2021.951	18989	0	199
2023.12.18	12:00:00	2021.919	2026.908	2020.304	2022.284	21276	0	199
2023.12.18	16:00:00	2022.329	2033.693	2021.138	2026.210	17939	0	199
2023.12.18	20:00:00	2026.244	2027.989	2025.506	2027.604	7673	0	199
2023.12.19	00:00:00	2027.568	2029.289	2022.599	2023.337	15701	0	199
2023.12.19	04:00:00	2023.289	2026.385	2021.670	2024.752	16251	0	199
2023.12.19	08:00:00	2024.722	2028.420	2023.827	2026.523	14188	0	199
2023.12.19	12:00:00	2026.543	2045.462	2026.167	2041.741	26073	0	199
2023.12.19	16:00:00	2041.761	2046.969	2036.624	2039.445	17984	0	199
2023.12.19	20:00:00	2039.487	2041.625	2038.666	2040.932	7924	0	199
2023.12.20	00:00:00	2040.862	2041.029	2036.700	2040.393	13764	0	199
2023.12.20	04:00:00	2040.393	2043.446	2039.344	2042.259	13259	0	199
2023.12.20	08:00:00	2042.215	2042.445	2031.751	2033.508	15490	0	199
2023.12.20	12:00:00	2033.420	2039.857	2029.506	2032.479	24426	0	199
2023.12.20	16:00:00	2032.526	2037.180	2030.114	2032.308	16812	0	199
2023.12.20	20:00:00	2032.270	2033.828	2027.383	2032.128	11649	0	199
2023.12.21	00:00:00	2032.103	2037.660	2031.906	2037.366	13071	0	199
2023.12.21	04:00:00	2037.372	2038.259	2033.860	2034.878	12539	0	199
2023.12.21	08:00:00	2034.865	2037.195	2032.984	2034.054	14027	0	199
2023.12.21	12:00:00	2034.097	2046.013	2031.992	2041.472	30361	0	199
2023.12.21	16:00:00	2041.464	2045.087	2037.408	2043.929	18014	0	199
2023.12.21	20:00:00	2043.926	2055.014	2043.062	2052.778	10435	0	199
2023.12.22	00:00:00	2052.788	2053.914	2046.753	2048.258	17224	0	199
2023.12.22	04:00:00	2048.258	2050.879	2047.010	2049.940	13939	0	199
2023.12.22	08:00:00	2049.935	2063.001	2049.619	2060.633	16207	0	199
2023.12.22	12:00:00	2060.670	2070.588	2057.648	2060.785	32531	0	199
2023.12.22	16:00:00	2060.786	2062.169	2051.072	2053.959	20952	0	199
2023.12.22	20:00:00	2053.948	2054.052	2052.111	2053.095	5600	0	199
2023.12.25	20:00:00	2057.319	2057.454	2053.147	2054.471	1441	0	1115
2023.12.26	00:00:00	2054.462	2065.059	2053.317	2063.870	9463	0	365
2023.12.26	04:00:00	2063.837	2064.953	2061.279	2064.132	8395	0	366
2023.12.26	08:00:00	2064.153	2064.548	2060.434	2063.416	9028	0	365
2023.12.26	12:00:00	2063.463	2063.896	2054.438	2056.756	13646	0	257
2023.12.26	16:00:00	2056.771	2062.070	2056.472	2061.630	11310	0	273
2023.12.26	20:00:00	2061.657	2069.049	2061.491	2065.530	6448	0	274
2023.12.27	00:00:00	2065.861	2067.804	2063.885	2064.528	13741	0	199
2023.12.27	04:00:00	2064.534	2067.405	2064.056	2065.947	11867	0	199
2023.12.27	08:00:00	2065.945	2069.295	2061.462	2068.069	14325	0	199
2023.12.27	12:00:00	2068.116	2081.883	2064.366	2078.816	22912	0	199
2023.12.27	16:00:00	2078.786	2084.427	2075.860	2077.449	18586	0	199
2023.12.27	20:00:00	2077.496	2079.565	2076.306	2079.169	7502	0	200
2023.12.28	00:00:00	2079.268	2088.485	2079.170	2087.199	15935	0	199
2023.12.28	04:00:00	2087.200	2087.599	2083.976	2086.072	14719	0	199
2023.12.28	08:00:00	2086.142	2086.407	2072.639	2075.486	18718	0	199
2023.12.28	12:00:00	2075.510	2081.134	2071.267	2077.235	23081	0	199
2023.12.28	16:00:00	2077.185	2077.324	2065.891	2068.054	19629	0	199
2023.12.28	20:00:00	2068.007	2068.906	2064.456	2066.564	8037	0	199
2023.12.29	00:00:00	2066.602	2071.387	2066.013	2069.494	15108	0	199
2023.12.29	04:00:00	2069.495	2074.746	2068.850	2071.925	12260	0	199
2023.12.29	08:00:00	2071.974	2073.435	2061.782	2067.690	16356	0	199
2023.12.29	12:00:00	2067.720	2068.868	2058.095	2064.836	23685	0	199
2023.12.29	16:00:00	2064.791	2068.149	2061.097	2067.251	20591	0	199
2023.12.29	20:00:00	2067.228	2067.369	2062.424	2062.838	5919	0	199
2024.01.01	20:00:00	2064.593	2066.081	2062.625	2063.543	1989	0	377
2024.01.02	00:00:00	2063.347	2070.338	2062.173	2069.487	13306	0	199
2024.01.02	04:00:00	2069.492	2076.651	2068.823	2073.065	12443	0	368
2024.01.02	08:00:00	2073.130	2078.877	2068.241	2069.221	16591	0	199
2024.01.02	12:00:00	2069.178	2071.008	2056.098	2059.306	32901	0	199
2024.01.02	16:00:00	2059.334	2067.586	2059.089	2060.946	18613	0	199
2024.01.02	20:00:00	2060.990	2061.577	2057.837	2059.476	7462	0	199
2024.01.03	00:00:00	2059.448	2065.540	2059.227	2065.072	14529	0	199
2024.01.03	04:00:00	2065.023	2065.983	2060.837	2062.914	13471	0	199
2024.01.03	08:00:00	2062.910	2064.373	2046.614	2047.617	19399	0	199
2024.01.03	12:00:00	2047.648	2048.766	2031.682	2032.552	37280	0	199
2024.01.03	16:00:00	2032.601	2042.278	2030.522	2036.620	25833	0	199
2024.01.03	20:00:00	2036.583	2043.672	2036.405	2042.666	10371	0	199
2024.01.04	00:00:00	2042.657	2046.958	2040.044	2044.684	14910	0	199
2024.01.04	04:00:00	2044.682	2049.552	2042.311	2047.599	15610	0	199
2024.01.04	08:00:00	2047.654	2050.958	2044.830	2045.136	17459	0	199
2024.01.04	12:00:00	2045.137	2047.778	2036.175	2045.046	25332	0	199
2024.01.04	16:00:00	2045.084	2046.685	2040.825	2044.300	17660	0	199
2024.01.04	20:00:00	2044.282	2044.783	2042.485	2043.865	7593	0	199
2024.01.05	00:00:00	2043.917	2048.263	2043.235	2045.320	15408	0	199
2024.01.05	04:00:00	2045.275	2046.994	2040.848	2043.125	14848	0	199
2024.01.05	08:00:00	2043.141	2044.409	2037.017	2039.152	16433	0	199
2024.01.05	12:00:00	2039.136	2063.984	2024.317	2054.775	55738	0	199
2024.01.05	16:00:00	2054.829	2056.204	2040.370	2045.682	27039	0	199
2024.01.05	20:00:00	2045.702	2046.177	2042.787	2045.479	7244	0	199
2024.01.07	20:00:00	2044.595	2045.575	2042.880	2044.208	2775	0	199
2024.01.08	00:00:00	2044.212	2046.590	2035.017	2036.098	15793	0	199
2024.01.08	04:00:00	2036.117	2037.543	2026.943	2031.393	19481	0	199
2024.01.08	08:00:00	2031.394	2031.737	2016.669	2020.087	21802	0	199
2024.01.08	12:00:00	2020.056	2034.806	2018.380	2034.227	32639	0	199
2024.01.08	16:00:00	2034.259	2036.902	2026.275	2029.301	19990	0	199
2024.01.08	20:00:00	2029.315	2030.685	2026.082	2030.439	7802	0	199
2024.01.09	00:00:00	2030.411	2035.900	2030.411	2033.589	16699	0	199
2024.01.09	04:00:00	2033.598	2037.212	2030.292	2035.961	16821	0	199
2024.01.09	08:00:00	2036.010	2038.492	2031.249	2034.929	19438	0	199
2024.01.09	12:00:00	2034.992	2041.986	2028.709	2028.709	28297	0	199
2024.01.09	16:00:00	2028.657	2032.014	2026.022	2028.790	20222	0	199
2024.01.09	20:00:00	2028.809	2031.085	2028.015	2030.401	7358	0	199
2024.01.10	00:00:00	2030.403	2032.823	2027.243	2028.801	14549	0	199
2024.01.10	04:00:00	2028.792	2031.614	2023.758	2030.928	15904	0	199
2024.01.10	08:00:00	2030.924	2040.269	2030.186	2034.043	19473	0	199
2024.01.10	12:00:00	2034.045	2035.664	2024.774	2027.812	25256	0	199
2024.01.10	16:00:00	2027.775	2028.510	2020.353	2024.009	18776	0	199
2024.01.10	20:00:00	2024.070	2027.689	2021.842	2026.358	8644	0	199
2024.01.11	00:00:00	2026.413	2031.967	2026.413	2030.790	13600	0	199
2024.01.11	04:00:00	2030.790	2035.639	2030.780	2033.843	13357	0	199
2024.01.11	08:00:00	2033.896	2034.383	2030.092	2034.280	15585	0	199
2024.01.11	12:00:00	2034.319	2048.168	2024.848	2028.985	49968	0	199
2024.01.11	16:00:00	2028.949	2029.593	2013.209	2026.438	31399	0	199
2024.01.11	20:00:00	2026.487	2035.447	2023.446	2034.955	10639	0	199
2024.01.12	00:00:00	2035.011	2035.637	2030.010	2033.876	15552	0	199
2024.01.12	04:00:00	2033.847	2039.362	2032.784	2037.554	14667	0	199
2024.01.12	08:00:00	2037.552	2047.386	2036.909	2045.306	18690	0	199
2024.01.12	12:00:00	2045.339	2062.268	2044.329	2053.612	40120	0	199
2024.01.12	16:00:00	2053.645	2055.520	2041.397	2047.283	24671	0	199
2024.01.12	20:00:00	2047.332	2049.223	2046.008	2049.032	5737	0	199
2024.01.14	20:00:00	2048.130	2048.705	2046.293	2047.587	2655	0	199
2024.01.15	00:00:00	2047.652	2058.031	2045.763	2057.376	16734	0	199
2024.01.15	04:00:00	2057.373	2057.551	2052.866	2054.113	14821	0	199
2024.01.15	08:00:00	2054.166	2058.626	2051.455	2053.257	16012	0	199
2024.01.15	12:00:00	2053.263	2054.419	2049.151	2053.258	15553	0	199
2024.01.15	16:00:00	2053.230	2056.379	2053.148	2053.936	8074	0	199
2024.01.15	20:00:00	2054.529	2055.328	2053.127	2053.836	2240	0	599
2024.01.16	00:00:00	2053.997	2054.508	2048.344	2049.438	16099	0	199
2024.01.16	04:00:00	2049.438	2050.885	2047.354	2049.376	14508	0	199
2024.01.16	08:00:00	2049.344	2050.024	2038.139	2039.874	22349	0	199
2024.01.16	12:00:00	2039.813	2045.081	2031.251	2041.053	34055	0	199
2024.01.16	16:00:00	2041.102	2041.269	2024.189	2029.190	32268	0	199
2024.01.16	20:00:00	2029.220	2029.754	2025.592	2027.829	8034	0	199
2024.01.17	00:00:00	2027.861	2032.934	2023.395	2024.074	16127	0	199
2024.01.17	04:00:00	2024.070	2026.106	2017.552	2025.746	19642	0	199
2024.01.17	08:00:00	2025.699	2028.310	2018.979	2023.938	19131	0	199
2024.01.17	12:00:00	2023.893	2029.027	2006.077	2008.853	36173	0	199
2024.01.17	16:00:00	2008.814	2011.971	2001.743	2005.413	22214	0	199
2024.01.17	20:00:00	2005.460	2009.601	2004.711	2009.247	8261	0	199
2024.01.18	00:00:00	2009.265	2012.036	2006.438	2008.023	14880	0	199
2024.01.18	04:00:00	2008.009	2014.013	2005.717	2012.317	14598	0	199
2024.01.18	08:00:00	2012.305	2013.472	2008.094	2012.554	16382	0	199
2024.01.18	12:00:00	2012.576	2017.225	2007.360	2013.553	27646	0	199
2024.01.18	16:00:00	2013.550	2021.101	2013.017	2019.746	18802	0	199
2024.01.18	20:00:00	2019.740	2024.231	2019.740	2023.423	8127	0	199
2024.01.19	00:00:00	2023.523	2025.508	2021.856	2022.747	13469	0	199
2024.01.19	04:00:00	2022.742	2029.613	2020.311	2027.947	13508	0	199
2024.01.19	08:00:00	2027.908	2032.006	2026.170	2031.618	14879	0	199
2024.01.19	12:00:00	2031.653	2039.232	2023.129	2027.662	26196	0	199
2024.01.19	16:00:00	2027.641	2029.519	2023.178	2029.075	18114	0	199
2024.01.19	20:00:00	2029.056	2029.970	2027.687	2029.452	5363	0	199
2024.01.21	20:00:00	2028.529	2028.563	2026.857	2027.504	2790	0	199
2024.01.22	00:00:00	2027.490	2032.074	2025.396	2026.943	14131	0	199
2024.01.22	04:00:00	2026.935	2027.178	2019.067	2021.790	16932	0	199
2024.01.22	08:00:00	2021.756	2026.606	2020.407	2026.115	16898	0	199
2024.01.22	12:00:00	2026.066	2030.182	2016.399	2024.100	25581	0	199
2024.01.22	16:00:00	2024.142	2024.601	2019.028	2020.960	15315	0	199
2024.01.22	20:00:00	2020.972	2021.773	2019.111	2020.552	6633	0	199
2024.01.23	00:00:00	2020.554	2027.860	2019.559	2027.393	14079	0	199
2024.01.23	04:00:00	2027.389	2037.908	2026.651	2031.549	17878	0	199
2024.01.23	08:00:00	2031.553	2031.648	2022.396	2023.862	17482	0	199
2024.01.23	12:00:00	2023.869	2030.349	2021.352	2025.108	23357	0	199
2024.01.23	16:00:00	2025.165	2030.681	2022.566	2029.836	16259	0	199
2024.01.23	20:00:00	2029.818	2030.286	2027.090	2029.137	6995	0	199
2024.01.24	00:00:00	2029.003	2029.278	2023.665	2024.820	12945	0	199
2024.01.24	04:00:00	2024.818	2031.628	2022.765	2029.528	13980	0	199
2024.01.24	08:00:00	2029.561	2034.231	2028.175	2033.463	17140	0	199
2024.01.24	12:00:00	2033.413	2036.630	2014.832	2015.213	31895	0	199
2024.01.24	16:00:00	2015.245	2019.778	2011.138	2012.057	21020	0	199
2024.01.24	20:00:00	2012.089	2017.390	2011.783	2016.101	8226	0	199
2024.01.25	00:00:00	2015.977	2017.282	2014.440	2015.768	13592	0	199
2024.01.25	04:00:00	2015.766	2018.218	2013.549	2015.811	12313	0	199
2024.01.25	08:00:00	2015.763	2019.492	2012.654	2017.449	16033	0	199
2024.01.25	12:00:00	2017.451	2025.241	2009.361	2020.279	31435	0	199
2024.01.25	16:00:00	2020.285	2021.607	2012.423	2017.700	18165	0	199
2024.01.25	20:00:00	2017.734	2021.588	2016.865	2020.248	7204	0	199
2024.01.26	00:00:00	2020.356	2024.172	2019.332	2021.773	12220	0	199
2024.01.26	04:00:00	2021.718	2023.468	2019.762	2021.252	12084	0	199
2024.01.26	08:00:00	2021.249	2024.648	2018.184	2023.428	15656	0	199
2024.01.26	12:00:00	2023.385	2026.819	2016.034	2017.083	24754	0	199
2024.01.26	16:00:00	2017.006	2019.454	2015.854	2017.015	15088	0	199
2024.01.26	20:00:00	2016.991	2019.215	2016.447	2018.469	4587	0	199
2024.01.28	20:00:00	2023.424	2028.604	2021.188	2021.831	5023	0	199
2024.01.29	00:00:00	2021.832	2026.322	2019.281	2025.600	14120	0	199
2024.01.29	04:00:00	2025.594	2033.823	2024.658	2031.276	13079	0	199
2024.01.29	08:00:00	2031.248	2033.560	2025.427	2028.111	15268	0	199
2024.01.29	12:00:00	2028.133	2037.561	2020.466	2025.387	22204	0	199
2024.01.29	16:00:00	2025.344	2031.097	2023.955	2026.881	15475	0	199
2024.01.29	20:00:00	2026.917	2035.257	2026.917	2030.730	9815	0	199
2024.01.30	00:00:00	2030.692	2034.067	2029.774	2031.999	12835	0	199
2024.01.30	04:00:00	2032.003	2040.450	2031.153	2037.858	13293	0	199
2024.01.30	08:00:00	2037.813	2039.464	2030.994	2034.252	16172	0	199
2024.01.30	12:00:00	2034.224	2048.556	2029.025	2032.543	31780	0	199
2024.01.30	16:00:00	2032.606	2037.021	2031.376	2036.040	17539	0	199
2024.01.30	20:00:00	2036.003	2037.079	2035.233	2036.231	6879	0	199
2024.01.31	00:00:00	2036.194	2038.640	2032.811	2033.908	11459	0	199
2024.01.31	04:00:00	2033.905	2038.515	2033.197	2036.563	11148	0	199
2024.01.31	08:00:00	2036.566	2040.437	2036.079	2037.284	14243	0	199
2024.01.31	12:00:00	2037.287	2055.967	2035.981	2052.116	27730	0	199
2024.01.31	16:00:00	2052.132	2053.580	2039.413	2044.780	37088	0	199
2024.01.31	20:00:00	2044.748	2045.913	2030.825	2039.784	24519	0	199
2024.02.01	00:00:00	2039.897	2049.516	2039.116	2046.288	14918	0	199
2024.02.01	04:00:00	2046.335	2046.641	2041.094	2042.895	13717	0	199
2024.02.01	08:00:00	2042.810	2042.810	2029.913	2033.378	19922	0	199
2024.02.01	12:00:00	2033.380	2053.005	2030.034	2051.911	34342	0	199
2024.02.01	16:00:00	2051.861	2065.458	2051.261	2054.780	29533	0	199
2024.02.01	20:00:00	2054.730	2056.102	2053.414	2054.627	7946	0	199
2024.02.02	00:00:00	2054.638	2056.910	2051.894	2054.559	12875	0	199
2024.02.02	04:00:00	2054.564	2056.931	2054.063	2055.042	13230	0	199
2024.02.02	08:00:00	2055.024	2056.774	2052.669	2056.038	14557	0	199
2024.02.02	12:00:00	2056.068	2057.623	2027.741	2034.993	43923	0	199
2024.02.02	16:00:00	2034.943	2038.735	2033.047	2038.052	18835	0	199
2024.02.02	20:00:00	2038.107	2039.785	2035.967	2039.607	5714	0	199
2024.02.04	20:00:00	2041.781	2042.219	2039.070	2039.716	3250	0	199
2024.02.05	00:00:00	2039.299	2039.822	2030.225	2032.223	17625	0	199
2024.02.05	04:00:00	2032.264	2033.315	2026.738	2027.502	14907	0	199
2024.02.05	08:00:00	2027.556	2028.354	2020.591	2027.577	16289	0	199
2024.02.05	12:00:00	2027.580	2028.018	2014.812	2017.790	26354	0	199
2024.02.05	16:00:00	2017.741	2027.475	2017.741	2025.928	16480	0	199
2024.02.05	20:00:00	2025.897	2026.377	2023.444	2024.859	6623	0	199
2024.02.06	00:00:00	2024.810	2028.553	2023.413	2023.894	12438	0	199
2024.02.06	04:00:00	2023.896	2029.804	2023.522	2026.243	13500	0	199
2024.02.06	08:00:00	2026.264	2027.472	2022.831	2026.696	14661	0	199
2024.02.06	12:00:00	2026.648	2038.108	2024.459	2036.285	24332	0	199
2024.02.06	16:00:00	2036.231	2038.880	2032.066	2035.904	18499	0	199
2024.02.06	20:00:00	2035.964	2036.955	2034.287	2035.069	6540	0	199
2024.02.07	00:00:00	2035.115	2036.095	2034.029	2034.442	10956	0	199
2024.02.07	04:00:00	2034.430	2036.172	2032.409	2035.124	10927	0	199
2024.02.07	08:00:00	2035.188	2035.740	2031.215	2034.122	13867	0	199
2024.02.07	12:00:00	2034.114	2044.527	2030.519	2038.345	24830	0	199
2024.02.07	16:00:00	2038.303	2040.879	2033.943	2035.511	16968	0	199
2024.02.07	20:00:00	2035.465	2036.374	2033.680	2036.227	6343	0	199
2024.02.08	00:00:00	2036.221	2038.726	2031.757	2032.755	10978	0	199
2024.02.08	04:00:00	2032.748	2034.951	2031.094	2032.794	11717	0	199
2024.02.08	08:00:00	2032.795	2038.486	2027.788	2028.974	16655	0	199
2024.02.08	12:00:00	2028.986	2034.048	2020.114	2031.933	27897	0	199
2024.02.08	16:00:00	2031.971	2035.352	2027.694	2032.495	16723	0	199
2024.02.08	20:00:00	2032.491	2034.634	2032.491	2034.123	5620	0	199
2024.02.09	00:00:00	2033.940	2035.112	2031.935	2033.548	9833	0	199
2024.02.09	04:00:00	2033.575	2034.971	2032.114	2033.522	9403	0	199
2024.02.09	08:00:00	2033.521	2034.076	2030.490	2031.515	14501	0	199
2024.02.09	12:00:00	2031.517	2037.174	2021.784	2022.452	28302	0	199
2024.02.09	16:00:00	2022.461	2026.294	2020.199	2024.749	15465	0	199
2024.02.09	20:00:00	2024.739	2026.190	2023.805	2024.184	4756	0	199
2024.02.11	20:00:00	2026.346	2026.706	2024.391	2025.266	2170	0	199
2024.02.12	00:00:00	2025.417	2026.559	2021.812	2022.856	9231	0	199
2024.02.12	04:00:00	2022.879	2026.403	2022.496	2025.502	9029	0	199
2024.02.12	08:00:00	2025.450	2027.251	2019.916	2021.704	14153	0	199
2024.02.12	12:00:00	2021.693	2027.543	2012.048	2013.135	22539	0	199
2024.02.12	16:00:00	2013.200	2021.563	2011.868	2019.158	16663	0	199
2024.02.12	20:00:00	2019.099	2020.516	2018.282	2018.650	6021	0	199
2024.02.13	00:00:00	2018.602	2021.185	2016.851	2018.524	9604	0	199
2024.02.13	04:00:00	2018.479	2025.792	2018.324	2025.154	10430	0	199
2024.02.13	08:00:00	2025.203	2029.290	2024.415	2027.666	13609	0	199
2024.02.13	12:00:00	2027.711	2032.254	1989.965	1992.233	40124	0	199
2024.02.13	16:00:00	1992.285	1997.775	1991.186	1991.754	18069	0	199
2024.02.13	20:00:00	1991.715	1993.611	1990.408	1991.193	7200	0	199
2024.02.14	00:00:00	1991.332	1993.560	1988.807	1992.464	11685	0	199
2024.02.14	04:00:00	1992.459	1993.272	1989.276	1989.439	11253	0	199
2024.02.14	08:00:00	1989.497	1993.369	1985.931	1992.200	16808	0	199
2024.02.14	12:00:00	1992.232	1993.185	1984.121	1987.847	25747	0	199
2024.02.14	16:00:00	1987.897	1996.037	1987.381	1991.657	19402	0	199
2024.02.14	20:00:00	1991.667	1994.759	1989.570	1993.452	6686	0	199
2024.02.15	00:00:00	1993.441	1994.293	1990.167	1990.753	10513	0	199
2024.02.15	04:00:00	1990.755	1994.599	1990.408	1993.726	10226	0	199
2024.02.15	08:00:00	1993.680	1998.105	1993.430	1997.476	13932	0	199
2024.02.15	12:00:00	1997.449	2008.249	1995.637	2000.804	29966	0	199
2024.02.15	16:00:00	2000.750	2006.403	1998.367	2005.007	17151	0	199
2024.02.15	20:00:00	2004.991	2005.061	2003.150	2003.157	6091	0	199
2024.02.16	00:00:00	2003.095	2005.615	2002.332	2004.266	10155	0	199
2024.02.16	04:00:00	2004.264	2006.431	2002.722	2005.147	10701	0	199
2024.02.16	08:00:00	2005.189	2007.776	2003.834	2007.239	13313	0	199
2024.02.16	12:00:00	2007.250	2011.000	1995.080	2007.858	32056	0	199
2024.02.16	16:00:00	2007.890	2015.122	2007.135	2012.579	18005	0	199
2024.02.16	20:00:00	2012.598	2013.986	2011.207	2013.269	5319	0	199
2024.02.18	20:00:00	2012.706	2019.066	1997.784	2010.601	4237	0	200
2024.02.19	00:00:00	2012.791	2022.861	2009.184	2019.845	14600	0	199
2024.02.19	04:00:00	2019.888	2022.957	2018.207	2020.875	11799	0	199
2024.02.19	08:00:00	2020.906	2021.224	2018.197	2018.365	13958	0	199
2024.02.19	12:00:00	2018.413	2019.299	2014.675	2014.882	14570	0	199
2024.02.19	16:00:00	2014.879	2018.491	2013.224	2017.878	6817	0	199
2024.02.19	20:00:00	2017.244	2017.357	2015.576	2016.203	1694	0	599
2024.02.20	00:00:00	2015.981	2019.144	2014.958	2018.270	11422	0	199
2024.02.20	04:00:00	2018.285	2022.867	2017.727	2021.441	10707	0	199
2024.02.20	08:00:00	2021.394	2027.559	2020.736	2026.866	16175	0	199
2024.02.20	12:00:00	2026.868	2030.816	2025.434	2027.378	21421	0	199
2024.02.20	16:00:00	2027.357	2028.904	2024.750	2025.106	14353	0	199
2024.02.20	20:00:00	2025.151	2025.192	2023.545	2024.128	6296	0	199
2024.02.21	00:00:00	2024.048	2030.835	2022.867	2030.425	11130	0	199
2024.02.21	04:00:00	2030.433	2032.250	2028.348	2028.791	11485	0	199
2024.02.21	08:00:00	2028.780	2030.077	2025.941	2028.243	13832	0	199
2024.02.21	12:00:00	2028.245	2031.537	2024.026	2024.149	19526	0	199
2024.02.21	16:00:00	2024.193	2026.464	2019.998	2025.928	18716	0	199
2024.02.21	20:00:00	2025.938	2026.962	2023.908	2025.568	7877	0	199
2024.02.22	00:00:00	2025.483	2028.528	2025.019	2026.292	11271	0	199
2024.02.22	04:00:00	2026.299	2031.976	2025.470	2031.396	11405	0	199
2024.02.22	08:00:00	2031.395	2034.833	2027.258	2028.937	16431	0	199
2024.02.22	12:00:00	2028.930	2029.844	2020.212	2023.306	26945	0	199
2024.02.22	16:00:00	2023.321	2024.643	2019.547	2022.982	16077	0	199
2024.02.22	20:00:00	2023.009	2025.786	2022.503	2024.677	6772	0	199
2024.02.23	00:00:00	2024.524	2027.340	2022.720	2025.688	11253	0	199
2024.02.23	04:00:00	2025.686	2026.446	2018.148	2021.800	11079	0	199
2024.02.23	08:00:00	2021.803	2023.934	2015.981	2023.790	15973	0	199
2024.02.23	12:00:00	2023.808	2031.125	2023.016	2030.038	22623	0	199
2024.02.23	16:00:00	2030.088	2041.343	2030.088	2037.302	18673	0	199
2024.02.23	20:00:00	2037.300	2037.474	2035.093	2035.524	5222	0	199
2024.02.25	20:00:00	2033.240	2034.940	2033.179	2034.225	2093	0	199
2024.02.26	00:00:00	2033.996	2034.105	2029.876	2032.442	11884	0	199
2024.02.26	04:00:00	2032.439	2035.306	2031.811	2035.010	11006	0	199
2024.02.26	08:00:00	2034.961	2037.021	2030.797	2030.891	15946	0	199
2024.02.26	12:00:00	2030.940	2034.421	2025.019	2029.103	19622	0	199
2024.02.26	16:00:00	2029.044	2030.140	2026.484	2029.676	15301	0	199
2024.02.26	20:00:00	2029.642	2033.665	2029.642	2031.073	6253	0	199
2024.02.27	00:00:00	2030.986	2034.563	2030.986	2033.372	9818	0	199
2024.02.27	04:00:00	2033.365	2036.180	2032.773	2035.386	10228	0	199
2024.02.27	08:00:00	2035.380	2039.471	2034.573	2038.172	14816	0	199
2024.02.27	12:00:00	2038.182	2039.098	2032.978	2033.746	20259	0	199
2024.02.27	16:00:00	2033.794	2036.025	2029.344	2030.214	15715	0	199
2024.02.27	20:00:00	2030.215	2030.730	2028.676	2030.090	5754	0	199
2024.02.28	00:00:00	2029.968	2033.695	2029.100	2030.935	11032	0	199
2024.02.28	04:00:00	2030.937	2032.019	2027.814	2028.121	10436	0	199
2024.02.28	08:00:00	2028.166	2029.233	2024.475	2027.254	14878	0	199
2024.02.28	12:00:00	2027.204	2037.925	2026.832	2031.789	20471	0	199
2024.02.28	16:00:00	2031.757	2035.522	2030.835	2032.089	14577	0	199
2024.02.28	20:00:00	2032.139	2035.415	2032.053	2034.303	6050	0	199
2024.02.29	00:00:00	2034.378	2037.036	2033.935	2036.541	10545	0	199
2024.02.29	04:00:00	2036.541	2037.839	2034.375	2037.230	10378	0	199
2024.02.29	08:00:00	2037.172	2037.455	2028.799	2030.235	15238	0	199
2024.02.29	12:00:00	2030.237	2050.667	2028.064	2048.068	28964	0	199
2024.02.29	16:00:00	2048.098	2048.352	2043.273	2044.477	17001	0	199
2024.02.29	20:00:00	2044.420	2045.419	2042.766	2043.981	6488	0	199
2024.03.01	00:00:00	2044.053	2046.792	2042.769	2046.518	9831	0	199
2024.03.01	04:00:00	2046.518	2048.762	2043.409	2045.396	10558	0	199
2024.03.01	08:00:00	2045.460	2057.479	2039.039	2055.324	18497	0	199
2024.03.01	12:00:00	2055.324	2070.928	2045.573	2069.182	30328	0	199
2024.03.01	16:00:00	2069.211	2088.310	2069.211	2085.252	24001	0	199
2024.03.01	20:00:00	2085.223	2085.344	2082.848	2083.315	5536	0	199
2024.03.03	20:00:00	2082.522	2086.146	2082.522	2083.440	2892	0	199
2024.03.04	00:00:00	2083.591	2084.346	2079.411	2081.366	12474	0	199
2024.03.04	04:00:00	2081.367	2088.247	2080.244	2087.334	11064	0	199
2024.03.04	08:00:00	2087.374	2087.438	2081.798	2082.112	15676	0	199
2024.03.04	12:00:00	2082.102	2109.362	2081.115	2108.970	27225	0	199
2024.03.04	16:00:00	2108.934	2119.885	2107.591	2116.240	26177	0	199
2024.03.04	20:00:00	2116.249	2118.519	2113.392	2114.480	7109	0	199
2024.03.05	00:00:00	2114.340	2116.843	2110.409	2112.961	13111	0	199
2024.03.05	04:00:00	2112.984	2119.633	2112.600	2114.449	13633	0	199
2024.03.05	08:00:00	2114.495	2127.325	2114.440	2124.431	19254	0	199
2024.03.05	12:00:00	2124.434	2141.879	2121.093	2126.617	48568	0	199
2024.03.05	16:00:00	2126.574	2134.710	2123.636	2129.530	22188	0	199
2024.03.05	20:00:00	2129.485	2130.963	2126.656	2128.162	7754	0	199
2024.03.06	00:00:00	2127.777	2128.105	2123.604	2124.697	12081	0	199
2024.03.06	04:00:00	2124.716	2131.465	2124.716	2128.478	11864	0	199
2024.03.06	08:00:00	2128.430	2132.601	2124.299	2132.474	16817	0	199
2024.03.06	12:00:00	2132.519	2149.191	2130.952	2140.923	40405	0	199
2024.03.06	16:00:00	2140.891	2152.230	2139.390	2144.309	29515	0	199
2024.03.06	20:00:00	2144.258	2151.025	2143.114	2147.192	8821	0	199
2024.03.07	00:00:00	2146.851	2152.494	2144.185	2151.709	16952	0	199
2024.03.07	04:00:00	2151.718	2161.588	2151.504	2155.951	22753	0	199
2024.03.07	08:00:00	2156.003	2159.830	2153.255	2155.941	19183	0	199
2024.03.07	12:00:00	2155.950	2164.753	2147.866	2153.701	36617	0	199
2024.03.07	16:00:00	2153.694	2160.905	2149.223	2159.990	20738	0	199
2024.03.07	20:00:00	2159.944	2161.463	2157.949	2161.463	7333	0	199
2024.03.08	00:00:00	2161.642	2163.565	2153.952	2157.578	13410	0	199
2024.03.08	04:00:00	2157.579	2162.032	2156.318	2161.345	13615	0	199
2024.03.08	08:00:00	2161.299	2171.084	2161.056	2168.221	19368	0	199
2024.03.08	12:00:00	2168.225	2185.418	2156.309	2177.165	49052	0	199
2024.03.08	16:00:00	2177.209	2195.115	2168.280	2176.435	35260	0	199
2024.03.08	20:00:00	2176.465	2179.049	2175.648	2178.502	6050	0	199
2024.03.10	20:00:00	2179.559	2183.824	2177.114	2181.569	5764	0	199
2024.03.11	00:00:00	2181.593	2189.012	2176.863	2179.462	17334	0	199
2024.03.11	04:00:00	2179.468	2182.743	2176.803	2182.200	14223	0	199
2024.03.11	08:00:00	2182.241	2183.081	2175.792	2178.888	17853	0	199
2024.03.11	12:00:00	2178.924	2185.653	2174.633	2184.271	29250	0	199
2024.03.11	16:00:00	2184.291	2184.649	2177.073	2181.291	17766	0	199
2024.03.11	20:00:00	2181.329	2184.651	2180.562	2183.552	6393	0	199
2024.03.12	00:00:00	2183.551	2184.483	2176.750	2177.469	13157	0	199
2024.03.12	04:00:00	2177.472	2179.158	2173.539	2176.924	14279	0	199
2024.03.12	08:00:00	2176.881	2179.048	2170.565	2171.956	16798	0	199
2024.03.12	12:00:00	2171.934	2181.977	2152.550	2163.015	58657	0	199
2024.03.12	16:00:00	2163.007	2166.496	2150.467	2157.314	19958	0	199
2024.03.12	20:00:00	2157.299	2161.197	2155.753	2156.915	7827	0	199
2024.03.13	00:00:00	2156.907	2161.503	2156.531	2159.057	13474	0	199
2024.03.13	04:00:00	2159.056	2161.499	2157.220	2159.648	13377	0	199
2024.03.13	08:00:00	2159.689	2164.174	2157.508	2163.925	16515	0	199
2024.03.13	12:00:00	2163.923	2174.523	2161.368	2171.759	32159	0	199
2024.03.13	16:00:00	2171.706	2179.800	2169.530	2172.546	20575	0	199
2024.03.13	20:00:00	2172.497	2176.176	2172.274	2175.361	5890	0	199
2024.03.14	00:00:00	2175.449	2176.971	2171.097	2172.264	13014	0	199
2024.03.14	04:00:00	2172.255	2172.513	2167.419	2168.634	13248	0	199
2024.03.14	08:00:00	2168.580	2171.959	2167.100	2168.455	15555	0	199
2024.03.14	12:00:00	2168.496	2170.378	2152.649	2157.191	41301	0	199
2024.03.14	16:00:00	2157.190	2165.001	2156.663	2163.449	17573	0	199
2024.03.14	20:00:00	2163.514	2163.859	2160.825	2161.645	4999	0	200
2024.03.15	00:00:00	2161.698	2165.906	2160.588	2164.530	12419	0	199
2024.03.15	04:00:00	2164.532	2170.139	2163.477	2167.016	14679	0	199
2024.03.15	08:00:00	2167.056	2172.712	2165.260	2166.910	17271	0	199
2024.03.15	12:00:00	2166.896	2167.293	2156.437	2159.991	31694	0	199
2024.03.15	16:00:00	2159.942	2163.448	2155.092	2156.917	17294	0	199
2024.03.15	20:00:00	2156.949	2158.257	2155.399	2155.697	1936	0	199
2024.03.17	20:00:00	2153.279	2156.533	2153.082	2156.516	5007	0	199
2024.03.18	00:00:00	2156.473	2157.481	2146.028	2146.768	15663	0	199
2024.03.18	04:00:00	2146.768	2152.161	2146.068	2152.161	13111	0	199
2024.03.18	08:00:00	2152.099	2161.237	2150.122	2160.974	17954	0	199
2024.03.18	12:00:00	2161.021	2163.605	2155.473	2158.310	25376	0	199
2024.03.18	16:00:00	2158.344	2161.127	2154.602	2160.167	16174	0	199
2024.03.18	20:00:00	2160.153	2162.290	2159.385	2161.650	4974	0	199
2024.03.19	00:00:00	2162.053	2162.839	2158.588	2161.428	13849	0	199
2024.03.19	04:00:00	2161.414	2162.063	2153.940	2155.740	16034	0	199
2024.03.19	08:00:00	2155.782	2156.673	2147.156	2155.536	20685	0	199
2024.03.19	12:00:00	2155.485	2158.691	2148.361	2154.219	26088	0	199
2024.03.19	16:00:00	2154.256	2157.920	2153.094	2157.681	15494	0	199
2024.03.19	20:00:00	2157.728	2159.519	2156.988	2157.009	4780	0	199
2024.03.20	00:00:00	2157.054	2160.004	2155.176	2159.816	11001	0	199
2024.03.20	04:00:00	2159.849	2160.176	2156.328	2158.266	12426	0	199
2024.03.20	08:00:00	2158.224	2158.353	2152.264	2153.978	15625	0	199
2024.03.20	12:00:00	2154.024	2164.846	2149.534	2155.852	25522	0	199
2024.03.20	16:00:00	2155.863	2188.822	2155.456	2182.881	53079	0	199
2024.03.20	20:00:00	2182.832	2211.005	2182.781	2203.501	12559	0	199
2024.03.21	00:00:00	2203.971	2212.563	2192.363	2202.726	24679	0	199
2024.03.21	04:00:00	2202.753	2210.158	2201.775	2206.572	17584	0	199
2024.03.21	08:00:00	2206.506	2211.751	2196.793	2207.486	24999	0	199
2024.03.21	12:00:00	2207.431	2208.811	2166.297	2174.680	48872	0	199
2024.03.21	16:00:00	2174.706	2183.945	2172.954	2181.426	20353	0	199
2024.03.21	20:00:00	2181.478	2182.419	2180.381	2181.491	5354	0	199
2024.03.22	00:00:00	2181.676	2186.043	2171.809	2173.738	19704	0	199
2024.03.22	04:00:00	2173.734	2176.295	2162.584	2168.399	18401	0	199
2024.03.22	08:00:00	2168.397	2170.033	2164.871	2166.016	19659	0	199
2024.03.22	12:00:00	2166.059	2180.060	2165.404	2166.095	31545	0	199
2024.03.22	16:00:00	2166.059	2167.465	2156.986	2163.986	19704	0	199
2024.03.22	20:00:00	2164.021	2167.185	2163.567	2165.338	2847	0	199
2024.03.24	20:00:00	2166.313	2168.892	2165.060	2168.337	5632	0	199
2024.03.25	00:00:00	2168.318	2178.330	2163.918	2170.602	22238	0	199
2024.03.25	04:00:00	2170.612	2171.606	2163.412	2165.813	16105	0	199
2024.03.25	08:00:00	2165.768	2171.834	2163.805	2170.398	18387	0	199
2024.03.25	12:00:00	2170.436	2181.262	2170.261	2175.412	25194	0	199
2024.03.25	16:00:00	2175.406	2177.796	2170.662	2170.945	14800	0	199
2024.03.25	20:00:00	2170.992	2173.308	2170.739	2172.878	6154	0	199
2024.03.26	00:00:00	2172.883	2174.403	2167.541	2170.346	15092	0	199
2024.03.26	04:00:00	2170.354	2174.172	2169.583	2173.008	13249	0	199
2024.03.26	08:00:00	2172.990	2200.050	2171.564	2196.423	24632	0	199
2024.03.26	12:00:00	2196.453	2197.326	2171.682	2174.244	33981	0	199
2024.03.26	16:00:00	2174.292	2179.214	2174.243	2177.876	16455	0	199
2024.03.26	20:00:00	2177.920	2179.942	2174.608	2179.467	5834	0	199
2024.03.27	00:00:00	2179.463	2181.704	2173.105	2177.725	16076	0	199
2024.03.27	04:00:00	2177.705	2180.782	2175.642	2180.488	13638	0	199
2024.03.27	08:00:00	2180.526	2197.586	2176.434	2188.406	24293	0	199
2024.03.27	12:00:00	2188.439	2195.222	2183.412	2190.494	30227	0	199
2024.03.27	16:00:00	2190.476	2194.213	2188.992	2193.283	16230	0	199
2024.03.27	20:00:00	2193.338	2195.211	2189.736	2190.969	7263	0	199
2024.03.28	00:00:00	2190.723	2196.438	2187.305	2194.774	16048	0	199
2024.03.28	04:00:00	2194.752	2200.634	2192.630	2193.719	15292	0	199
2024.03.28	08:00:00	2193.738	2213.777	2190.828	2210.262	25298	0	199
2024.03.28	12:00:00	2210.259	2217.130	2202.214	2215.877	41353	0	199
2024.03.28	16:00:00	2215.890	2225.576	2213.458	2221.638	21482	0	199
2024.03.28	20:00:00	2221.631	2236.293	2219.601	2232.587	4189	0	200
2024.03.31	20:00:00	2239.644	2247.340	2235.569	2244.926	10525	0	299
2024.04.01	00:00:00	2245.959	2265.143	2243.812	2264.309	22499	0	299
2024.04.01	04:00:00	2264.360	2265.678	2256.868	2257.535	15235	0	199
2024.04.01	08:00:00	2257.562	2260.181	2245.583	2246.851	18934	0	199
2024.04.01	12:00:00	2246.819	2257.902	2228.472	2239.638	45379	0	199
2024.04.01	16:00:00	2239.658	2244.722	2234.665	2244.669	17345	0	199
2024.04.01	20:00:00	2244.613	2255.704	2242.987	2248.935	9644	0	199
2024.04.02	00:00:00	2248.963	2255.262	2246.652	2251.531	19715	0	199
2024.04.02	04:00:00	2251.534	2259.857	2250.418	2256.373	18722	0	199
2024.04.02	08:00:00	2256.325	2266.794	2255.057	2260.526	24650	0	199
2024.04.02	12:00:00	2260.570	2276.973	2250.773	2258.604	53163	0	199
2024.04.02	16:00:00	2258.657	2279.304	2254.110	2277.354	23844	0	199
2024.04.02	20:00:00	2277.395	2288.146	2275.647	2280.206	11199	0	199
2024.04.03	00:00:00	2279.885	2287.944	2276.735	2285.006	22370	0	199
2024.04.03	04:00:00	2285.023	2287.039	2270.340	2271.188	20308	0	199
2024.04.03	08:00:00	2271.174	2276.096	2267.627	2273.785	23090	0	199
2024.04.03	12:00:00	2273.736	2288.352	2265.347	2286.298	51258	0	199
2024.04.03	16:00:00	2286.292	2298.866	2280.697	2297.373	26970	0	199
2024.04.03	20:00:00	2297.404	2302.442	2296.245	2297.449	9605	0	199
2024.04.04	00:00:00	2297.500	2304.869	2297.227	2299.175	18192	0	199
2024.04.04	04:00:00	2299.125	2300.666	2291.836	2292.952	16765	0	199
2024.04.04	08:00:00	2292.940	2295.180	2288.757	2289.261	19052	0	199
2024.04.04	12:00:00	2289.310	2299.374	2282.702	2292.081	39826	0	199
2024.04.04	16:00:00	2292.026	2305.541	2279.817	2284.919	40284	0	199
2024.04.04	20:00:00	2284.888	2293.217	2284.756	2288.891	9352	0	199
2024.04.05	00:00:00	2288.691	2290.275	2267.751	2276.733	28273	0	199
2024.04.05	04:00:00	2276.688	2290.565	2276.543	2289.045	21517	0	199
2024.04.05	08:00:00	2289.014	2296.142	2284.859	2291.132	20724	0	199
2024.04.05	12:00:00	2291.100	2328.448	2280.188	2326.175	75314	0	199
2024.04.05	16:00:00	2326.191	2330.526	2320.638	2323.120	24055	0	199
2024.04.05	20:00:00	2323.159	2329.996	2322.813	2329.355	3495	0	199
2024.04.07	20:00:00	2327.315	2328.565	2304.017	2311.647	19524	0	199
2024.04.08	00:00:00	2311.297	2354.142	2302.862	2345.488	63035	0	199
2024.04.08	04:00:00	2345.535	2345.574	2331.760	2337.761	35329	0	199
2024.04.08	08:00:00	2337.710	2343.531	2333.259	2337.341	30471	0	199
2024.04.08	12:00:00	2337.286	2338.004	2318.652	2327.835	70087	0	199
2024.04.08	16:00:00	2327.882	2341.996	2326.021	2338.344	25084	0	199
2024.04.08	20:00:00	2338.397	2340.455	2336.602	2338.788	7311	0	199
2024.04.09	00:00:00	2338.784	2348.499	2337.771	2343.943	26562	0	199
2024.04.09	04:00:00	2343.981	2357.010	2343.047	2353.963	23042	0	199
2024.04.09	08:00:00	2353.960	2365.340	2349.546	2354.445	29076	0	199
2024.04.09	12:00:00	2354.414	2364.281	2338.236	2340.292	70968	0	199
2024.04.09	16:00:00	2340.329	2351.521	2340.014	2351.118	26762	0	199
2024.04.09	20:00:00	2351.072	2355.266	2350.279	2354.776	7886	0	199
2024.04.10	00:00:00	2354.899	2355.582	2344.698	2351.249	21313	0	199
2024.04.10	04:00:00	2351.202	2360.079	2350.831	2353.072	21337	0	199
2024.04.10	08:00:00	2353.121	2355.854	2344.739	2347.029	22750	0	199
2024.04.10	12:00:00	2346.974	2352.352	2319.221	2337.064	109422	0	199
2024.04.10	16:00:00	2337.054	2345.249	2325.753	2329.635	44835	0	199
2024.04.10	20:00:00	2329.692	2337.206	2329.511	2335.429	8674	0	199
2024.04.11	00:00:00	2335.489	2346.916	2333.318	2343.965	22362	0	199
2024.04.11	04:00:00	2343.911	2346.082	2333.880	2336.396	25279	0	199
2024.04.11	08:00:00	2336.438	2339.678	2325.593	2337.253	27356	0	199
2024.04.11	12:00:00	2337.269	2347.431	2331.604	2344.618	59462	0	199
2024.04.11	16:00:00	2344.667	2374.610	2342.634	2372.745	31885	0	199
2024.04.11	20:00:00	2372.824	2379.358	2371.260	2377.000	12294	0	199
2024.04.12	00:00:00	2376.787	2395.456	2374.586	2384.242	42161	0	199
2024.04.12	04:00:00	2384.247	2400.348	2382.701	2399.913	28340	0	199
2024.04.12	08:00:00	2399.954	2400.637	2390.358	2395.362	28711	0	199
2024.04.12	12:00:00	2395.365	2431.525	2382.125	2395.554	112540	0	199
2024.04.12	16:00:00	2395.507	2395.507	2333.793	2343.317	89490	0	199
2024.04.12	20:00:00	2343.375	2345.168	2341.691	2344.382	4264	0	199
2024.04.14	20:00:00	2369.105	2371.920	2346.755	2364.486	11686	0	199
2024.04.15	00:00:00	2364.446	2365.951	2348.399	2358.508	46676	0	199
2024.04.15	04:00:00	2358.443	2362.467	2349.952	2353.047	31762	0	199
2024.04.15	08:00:00	2353.039	2361.178	2344.706	2357.947	30761	0	199
2024.04.15	12:00:00	2357.996	2361.136	2324.083	2351.660	81993	0	199
2024.04.15	16:00:00	2351.690	2387.637	2346.114	2386.284	47224	0	199
2024.04.15	20:00:00	2386.370	2392.039	2380.038	2381.838	12018	0	199
2024.04.16	00:00:00	2381.898	2389.330	2379.206	2387.870	30673	0	199
2024.04.16	04:00:00	2387.903	2389.020	2362.965	2365.655	33166	0	199
2024.04.16	08:00:00	2365.497	2375.370	2365.107	2373.952	27455	0	199
2024.04.16	12:00:00	2373.956	2393.017	2363.441	2385.939	78343	0	199
2024.04.16	16:00:00	2385.981	2398.258	2379.712	2389.641	56421	0	199
2024.04.16	20:00:00	2389.693	2390.281	2378.366	2382.843	11437	0	199
2024.04.17	00:00:00	2382.703	2386.246	2380.648	2381.654	23616	0	199
2024.04.17	04:00:00	2381.652	2383.256	2372.625	2382.496	24064	0	199
2024.04.17	08:00:00	2382.461	2394.287	2382.461	2387.299	26671	0	199
2024.04.17	12:00:00	2387.360	2395.581	2378.312	2382.171	56059	0	199
2024.04.17	16:00:00	2382.219	2384.452	2360.981	2372.657	52669	0	199
2024.04.17	20:00:00	2372.604	2373.304	2354.554	2367.839	11957	0	199
2024.04.18	00:00:00	2367.837	2375.337	2364.019	2374.755	23201	0	199
2024.04.18	04:00:00	2374.748	2381.017	2373.130	2377.808	21184	0	199
2024.04.18	08:00:00	2377.841	2385.374	2377.174	2380.919	21830	0	199
2024.04.18	12:00:00	2380.968	2392.802	2369.480	2384.106	67224	0	199
2024.04.18	16:00:00	2384.110	2389.314	2378.045	2380.231	27640	0	199
2024.04.18	20:00:00	2380.265	2381.468	2376.850	2380.003	6988	0	199
2024.04.19	00:00:00	2379.867	2417.893	2373.712	2391.348	90753	0	199
2024.04.19	04:00:00	2391.344	2393.889	2378.600	2385.425	41610	0	199
2024.04.19	08:00:00	2385.368	2386.305	2372.761	2376.813	34745	0	199
2024.04.19	12:00:00	2376.855	2396.018	2373.074	2394.755	55081	0	199
2024.04.19	16:00:00	2394.753	2401.970	2386.592	2387.606	29518	0	199
2024.04.19	20:00:00	2387.653	2391.252	2386.636	2390.677	3707	0	199
2024.04.21	20:00:00	2384.011	2388.594	2381.872	2386.483	9783	0	199
2024.04.22	00:00:00	2386.506	2386.506	2361.672	2369.325	30976	0	199
2024.04.22	04:00:00	2369.385	2372.900	2351.292	2360.983	34855	0	199
2024.04.22	08:00:00	2360.959	2363.641	2339.390	2342.059	29476	0	199
2024.04.22	12:00:00	2342.042	2350.382	2331.030	2334.797	60729	0	199
2024.04.22	16:00:00	2334.789	2336.456	2324.497	2329.332	23873	0	199
2024.04.22	20:00:00	2329.290	2333.930	2325.319	2333.738	9246	0	199
2024.04.23	00:00:00	2333.715	2334.376	2295.500	2302.602	53599	0	199
2024.04.23	04:00:00	2302.577	2314.793	2298.856	2309.051	33057	0	199
2024.04.23	08:00:00	2309.089	2309.773	2291.331	2302.135	31939	0	199
2024.04.23	12:00:00	2302.146	2332.176	2301.273	2323.195	68231	0	199
2024.04.23	16:00:00	2323.218	2331.353	2321.196	2322.255	24618	0	199
2024.04.23	20:00:00	2322.306	2324.344	2321.097	2323.210	6936	0	199
2024.04.24	00:00:00	2323.226	2328.138	2315.744	2327.841	23189	0	199
2024.04.24	04:00:00	2327.866	2331.288	2320.625	2320.709	22729	0	199
2024.04.24	08:00:00	2320.699	2321.910	2311.706	2316.169	22410	0	199
2024.04.24	12:00:00	2316.219	2337.354	2312.074	2322.591	53622	0	199
2024.04.24	16:00:00	2322.558	2330.483	2317.786	2319.074	24365	0	199
2024.04.24	20:00:00	2319.104	2319.645	2313.639	2316.219	8821	0	199
2024.04.25	00:00:00	2316.223	2322.041	2304.834	2313.177	21771	0	199
2024.04.25	04:00:00	2313.227	2326.124	2312.362	2325.621	19853	0	199
2024.04.25	08:00:00	2325.648	2330.618	2324.094	2328.505	18514	0	199
2024.04.25	12:00:00	2328.501	2344.872	2312.703	2330.473	82974	0	199
2024.04.25	16:00:00	2330.506	2336.414	2322.952	2332.886	23647	0	199
2024.04.25	20:00:00	2332.934	2333.737	2330.021	2330.621	7234	0	199
2024.04.26	00:00:00	2330.617	2336.229	2326.218	2334.634	18086	0	199
2024.04.26	04:00:00	2334.634	2347.319	2333.425	2345.503	21496	0	199
2024.04.26	08:00:00	2345.507	2352.555	2343.352	2344.901	24576	0	199
2024.04.26	12:00:00	2344.880	2351.563	2328.663	2336.632	54311	0	199
2024.04.26	16:00:00	2336.687	2341.411	2332.594	2339.895	19894	0	199
2024.04.26	20:00:00	2339.946	2340.112	2336.321	2337.792	3451	0	199
2024.04.28	20:00:00	2333.884	2336.829	2332.473	2335.985	6395	0	199
2024.04.29	00:00:00	2335.937	2336.331	2319.801	2328.432	27093	0	199
2024.04.29	04:00:00	2328.444	2337.905	2327.358	2337.312	32680	0	199
2024.04.29	08:00:00	2337.241	2344.345	2335.378	2337.057	20645	0	199
2024.04.29	12:00:00	2337.028	2339.510	2325.583	2337.783	36400	0	199
2024.04.29	16:00:00	2337.801	2346.710	2332.974	2335.628	29492	0	199
2024.04.29	20:00:00	2335.677	2337.107	2332.635	2333.173	7172	0	199
2024.04.30	00:00:00	2333.178	2336.113	2326.822	2329.190	20046	0	199
2024.04.30	04:00:00	2329.227	2329.466	2315.283	2317.531	21408	0	199
2024.04.30	08:00:00	2317.516	2318.458	2309.449	2312.707	21024	0	199
2024.04.30	12:00:00	2312.657	2313.364	2293.093	2295.834	57675	0	199
2024.04.30	16:00:00	2295.798	2299.304	2289.305	2290.838	25709	0	199
2024.04.30	20:00:00	2290.788	2293.470	2284.967	2291.244	10643	0	199
2024.05.01	00:00:00	2291.256	2292.869	2282.949	2284.052	15887	0	199
2024.05.01	04:00:00	2284.010	2289.744	2281.543	2285.785	15924	0	199
2024.05.01	08:00:00	2285.735	2297.093	2283.799	2294.538	18899	0	199
2024.05.01	12:00:00	2294.489	2310.454	2294.092	2307.255	45110	0	199
2024.05.01	16:00:00	2307.290	2328.277	2295.825	2309.724	65104	0	199
2024.05.01	20:00:00	2309.757	2324.833	2306.996	2323.809	17258	0	199
2024.05.02	00:00:00	2323.848	2326.470	2317.276	2319.495	17955	0	199
2024.05.02	04:00:00	2319.496	2320.986	2308.140	2309.262	21180	0	199
2024.05.02	08:00:00	2309.292	2311.056	2295.140	2299.008	23922	0	199
2024.05.02	12:00:00	2298.956	2306.913	2285.392	2299.931	54207	0	199
2024.05.02	16:00:00	2299.939	2309.473	2297.910	2302.918	22902	0	199
2024.05.02	20:00:00	2302.877	2305.502	2300.573	2304.247	7653	0	199
2024.05.03	00:00:00	2304.243	2306.388	2299.874	2302.408	16194	0	199
2024.05.03	04:00:00	2302.480	2308.790	2297.718	2299.215	18631	0	199
2024.05.03	08:00:00	2299.170	2303.171	2296.203	2298.280	18936	0	199
2024.05.03	12:00:00	2298.280	2320.712	2277.079	2293.728	92721	0	199
2024.05.03	16:00:00	2293.774	2303.086	2292.790	2301.365	21820	0	199
2024.05.03	20:00:00	2301.363	2303.418	2300.633	2301.627	3118	0	199
2024.05.05	20:00:00	2302.321	2303.287	2293.260	2293.968	7229	0	199
2024.05.06	00:00:00	2293.929	2315.394	2291.766	2309.322	30760	0	199
2024.05.06	04:00:00	2309.367	2324.135	2308.132	2322.646	22068	0	199
2024.05.06	08:00:00	2322.643	2323.085	2315.584	2318.190	20161	0	199
2024.05.06	12:00:00	2318.135	2332.091	2314.534	2324.774	43732	0	199
2024.05.06	16:00:00	2324.732	2327.457	2317.660	2325.032	23318	0	199
2024.05.06	20:00:00	2324.991	2328.816	2322.191	2325.943	8739	0	199
2024.05.07	00:00:00	2325.953	2329.926	2319.607	2324.857	20508	0	199
2024.05.07	04:00:00	2324.884	2325.075	2317.681	2319.253	19035	0	199
2024.05.07	08:00:00	2319.226	2319.841	2311.637	2312.348	19439	0	199
2024.05.07	12:00:00	2312.343	2323.720	2309.922	2314.703	34353	0	199
2024.05.07	16:00:00	2314.754	2317.465	2311.032	2314.618	17754	0	199
2024.05.07	20:00:00	2314.634	2316.578	2312.720	2315.119	6009	0	199
2024.05.08	00:00:00	2315.167	2318.184	2306.785	2317.001	20494	0	199
2024.05.08	04:00:00	2317.000	2321.336	2305.294	2305.691	18693	0	199
2024.05.08	08:00:00	2305.657	2318.087	2303.584	2314.672	22447	0	199
2024.05.08	12:00:00	2314.646	2320.391	2306.721	2320.391	39207	0	199
2024.05.08	16:00:00	2320.422	2321.090	2307.860	2308.174	17075	0	199
2024.05.08	20:00:00	2308.231	2310.710	2307.816	2308.740	6582	0	199
2024.05.09	00:00:00	2308.733	2312.996	2307.760	2312.274	15598	0	199
2024.05.09	04:00:00	2312.273	2319.735	2307.406	2309.309	19194	0	199
2024.05.09	08:00:00	2309.267	2316.668	2306.471	2315.918	18745	0	199
2024.05.09	12:00:00	2315.915	2338.930	2312.063	2330.397	50148	0	199
2024.05.09	16:00:00	2330.430	2343.998	2329.096	2343.750	19680	0	199
2024.05.09	20:00:00	2343.697	2348.325	2343.115	2346.516	8854	0	199
2024.05.10	00:00:00	2346.560	2355.814	2345.925	2353.325	23514	0	199
2024.05.10	04:00:00	2353.379	2370.364	2351.170	2366.700	24407	0	199
2024.05.10	08:00:00	2366.733	2378.476	2365.835	2372.126	24078	0	199
2024.05.10	12:00:00	2372.130	2375.751	2356.533	2364.804	51087	0	199
2024.05.10	16:00:00	2364.779	2370.961	2361.662	2363.315	20574	0	199
2024.05.10	20:00:00	2363.366	2365.047	2359.695	2360.449	2977	0	199
2024.05.12	20:00:00	2361.401	2363.094	2359.735	2360.410	5284	0	199
2024.05.13	00:00:00	2360.448	2364.487	2354.777	2357.070	19729	0	199
2024.05.13	04:00:00	2357.011	2357.043	2346.431	2348.569	18930	0	199
2024.05.13	08:00:00	2348.523	2350.337	2338.364	2344.540	23233	0	199
2024.05.13	12:00:00	2344.472	2349.777	2332.034	2335.866	43312	0	199
2024.05.13	16:00:00	2335.884	2338.490	2334.424	2337.334	18240	0	199
2024.05.13	20:00:00	2337.375	2339.300	2335.220	2338.408	5552	0	199
2024.05.14	00:00:00	2338.390	2344.431	2334.734	2343.059	17422	0	199
2024.05.14	04:00:00	2343.077	2345.927	2336.081	2339.151	18561	0	199
2024.05.14	08:00:00	2339.111	2348.205	2337.739	2343.585	19779	0	199
2024.05.14	12:00:00	2343.614	2357.065	2336.553	2347.925	49326	0	199
2024.05.14	16:00:00	2347.881	2359.615	2346.291	2356.487	20541	0	199
2024.05.14	20:00:00	2356.520	2358.382	2355.048	2355.772	6065	0	199
2024.05.15	00:00:00	2355.771	2361.001	2354.840	2360.273	16558	0	199
2024.05.15	04:00:00	2360.296	2365.200	2355.655	2362.401	18750	0	199
2024.05.15	08:00:00	2362.441	2374.313	2361.980	2362.742	21508	0	199
2024.05.15	12:00:00	2362.743	2385.721	2351.748	2377.551	67954	0	199
2024.05.15	16:00:00	2377.591	2390.295	2377.070	2386.313	24862	0	199
2024.05.15	20:00:00	2386.283	2391.910	2385.281	2391.769	9363	0	199
2024.05.16	00:00:00	2391.764	2397.348	2386.548	2388.637	25851	0	199
2024.05.16	04:00:00	2388.687	2394.486	2384.599	2389.336	21280	0	199
2024.05.16	08:00:00	2389.313	2391.358	2380.796	2384.622	20323	0	199
2024.05.16	12:00:00	2384.672	2386.350	2370.885	2381.506	47016	0	199
2024.05.16	16:00:00	2381.564	2383.746	2377.704	2378.106	18760	0	199
2024.05.16	20:00:00	2378.153	2379.664	2375.838	2377.726	6392	0	199
2024.05.17	00:00:00	2377.720	2381.233	2373.908	2377.803	17268	0	199
2024.05.17	04:00:00	2377.808	2387.762	2376.582	2383.815	18619	0	199
2024.05.17	08:00:00	2383.874	2390.135	2381.298	2389.682	18854	0	199
2024.05.17	12:00:00	2389.644	2419.168	2386.798	2407.708	51974	0	199
2024.05.17	16:00:00	2407.739	2419.180	2405.732	2416.402	25624	0	199
2024.05.17	20:00:00	2416.451	2422.731	2413.419	2413.933	5395	0	199
2024.05.19	20:00:00	2425.202	2425.202	2416.730	2420.193	10240	0	199
2024.05.20	00:00:00	2420.206	2440.646	2416.464	2437.543	41074	0	199
2024.05.20	04:00:00	2437.543	2450.025	2431.785	2442.219	36672	0	199
2024.05.20	08:00:00	2442.235	2447.210	2427.598	2430.604	29736	0	199
2024.05.20	12:00:00	2430.572	2430.898	2407.273	2424.838	64805	0	199
2024.05.20	16:00:00	2424.813	2437.347	2422.441	2426.734	25922	0	199
2024.05.20	20:00:00	2426.762	2430.346	2423.277	2426.133	9912	0	199
2024.05.21	00:00:00	2426.135	2433.081	2406.037	2413.695	40567	0	199
2024.05.21	04:00:00	2413.684	2422.207	2408.498	2419.211	27308	0	199
2024.05.21	08:00:00	2419.271	2423.738	2412.087	2423.386	24069	0	199
2024.05.21	12:00:00	2423.410	2433.928	2419.979	2423.352	50166	0	199
2024.05.21	16:00:00	2423.318	2424.997	2417.292	2423.318	23254	0	199
2024.05.21	20:00:00	2423.305	2423.458	2420.319	2421.654	6216	0	199
2024.05.22	00:00:00	2421.659	2426.526	2412.540	2414.163	22240	0	199
2024.05.22	04:00:00	2414.164	2418.529	2411.368	2417.232	22621	0	199
2024.05.22	08:00:00	2417.199	2419.395	2404.714	2408.676	23992	0	199
2024.05.22	12:00:00	2408.711	2415.039	2382.139	2391.965	58679	0	199
2024.05.22	16:00:00	2391.921	2394.993	2374.935	2379.305	32867	0	199
2024.05.22	20:00:00	2379.265	2382.707	2377.308	2382.124	9369	0	199
2024.05.23	00:00:00	2382.155	2383.682	2366.750	2372.438	30333	0	199
2024.05.23	04:00:00	2372.421	2373.988	2354.913	2356.109	30676	0	199
2024.05.23	08:00:00	2356.055	2369.427	2355.087	2368.041	24598	0	199
2024.05.23	12:00:00	2367.999	2369.862	2340.314	2346.083	67688	0	199
2024.05.23	16:00:00	2346.044	2350.143	2330.910	2331.580	29963	0	199
2024.05.23	20:00:00	2331.622	2333.620	2326.856	2332.012	8455	0	199
2024.05.24	00:00:00	2332.015	2335.187	2325.351	2330.596	24450	0	199
2024.05.24	04:00:00	2330.589	2340.566	2330.415	2337.731	21132	0	199
2024.05.24	08:00:00	2337.686	2343.922	2336.032	2338.179	20886	0	199
2024.05.24	12:00:00	2338.177	2347.385	2332.361	2334.490	35501	0	199
2024.05.24	16:00:00	2334.523	2336.976	2331.792	2333.766	17988	0	199
2024.05.24	20:00:00	2333.806	2335.164	2333.312	2333.781	2358	0	200
2024.05.26	20:00:00	2335.785	2340.681	2332.183	2337.175	6771	0	199
2024.05.27	00:00:00	2337.186	2347.604	2334.360	2345.976	19074	0	199
2024.05.27	04:00:00	2345.973	2346.017	2338.110	2338.561	18089	0	199
2024.05.27	08:00:00	2338.606	2346.148	2338.157	2345.031	18219	0	199
2024.05.27	12:00:00	2345.076	2358.486	2343.675	2352.446	30769	0	199
2024.05.27	16:00:00	2352.398	2355.600	2352.125	2353.899	5000	0	199
2024.05.27	20:00:00	2352.085	2353.654	2351.059	2352.373	4061	0	199
2024.05.28	00:00:00	2352.412	2356.322	2349.143	2350.861	21239	0	199
2024.05.28	04:00:00	2350.824	2353.668	2341.307	2344.008	23792	0	199
2024.05.28	08:00:00	2343.974	2348.434	2340.229	2347.405	19738	0	199
2024.05.28	12:00:00	2347.367	2364.089	2345.909	2360.241	49075	0	199
2024.05.28	16:00:00	2360.203	2362.203	2352.752	2358.155	23852	0	199
2024.05.28	20:00:00	2358.140	2362.293	2357.803	2359.685	8157	0	199
2024.05.29	00:00:00	2359.649	2361.032	2354.370	2358.127	20473	0	199
2024.05.29	04:00:00	2358.138	2361.361	2349.962	2350.468	22006	0	199
2024.05.29	08:00:00	2350.542	2351.728	2338.414	2341.663	23889	0	199
2024.05.29	12:00:00	2341.657	2347.183	2334.506	2339.149	37929	0	199
2024.05.29	16:00:00	2339.141	2344.287	2336.010	2336.746	18489	0	199
2024.05.29	20:00:00	2336.776	2338.995	2335.842	2338.364	8079	0	199
2024.05.30	00:00:00	2338.378	2339.870	2328.020	2334.311	26660	0	199
2024.05.30	04:00:00	2334.264	2337.695	2322.527	2334.336	26933	0	199
2024.05.30	08:00:00	2334.369	2340.927	2330.534	2335.831	24421	0	199
2024.05.30	12:00:00	2335.801	2351.847	2331.929	2343.804	48946	0	199
2024.05.30	16:00:00	2343.837	2348.788	2339.831	2341.567	20189	0	199
2024.05.30	20:00:00	2341.515	2346.392	2341.442	2343.907	8398	0	199
2024.05.31	00:00:00	2343.921	2347.685	2336.931	2343.688	22587	0	199
2024.05.31	04:00:00	2343.677	2347.030	2339.901	2340.362	20253	0	199
2024.05.31	08:00:00	2340.337	2344.949	2339.671	2343.784	18714	0	199
2024.05.31	12:00:00	2343.739	2359.691	2327.664	2330.024	59046	0	199
2024.05.31	16:00:00	2329.978	2336.694	2320.526	2327.644	29425	0	199
2024.05.31	20:00:00	2327.686	2330.547	2326.984	2327.191	4109	0	199
2024.06.02	20:00:00	2328.496	2328.760	2323.340	2325.937	6617	0	199
2024.06.03	00:00:00	2325.967	2331.110	2320.846	2321.394	21103	0	199
2024.06.03	04:00:00	2321.441	2328.854	2314.680	2325.954	25173	0	199
2024.06.03	08:00:00	2325.922	2333.311	2324.299	2329.977	21985	0	199
2024.06.03	12:00:00	2329.994	2345.692	2325.636	2342.815	45033	0	199
2024.06.03	16:00:00	2342.781	2354.746	2341.348	2347.609	23935	0	199
2024.06.03	20:00:00	2347.654	2351.763	2346.899	2350.629	6858	0	199
2024.06.04	00:00:00	2350.640	2352.795	2343.098	2345.748	18531	0	199
2024.06.04	04:00:00	2345.694	2351.791	2339.050	2339.732	19908	0	199
2024.06.04	08:00:00	2339.678	2339.789	2325.238	2327.917	29844	0	199
2024.06.04	12:00:00	2327.884	2337.924	2315.547	2326.066	51618	0	199
2024.06.04	16:00:00	2326.071	2330.320	2322.505	2327.312	21780	0	199
2024.06.04	20:00:00	2327.355	2328.898	2325.976	2328.786	5784	0	199
2024.06.05	00:00:00	2328.790	2337.920	2325.827	2337.121	17355	0	199
2024.06.05	04:00:00	2337.172	2341.647	2328.080	2331.587	20475	0	199
2024.06.05	08:00:00	2331.584	2335.528	2329.433	2332.512	20953	0	199
2024.06.05	12:00:00	2332.565	2357.389	2332.174	2353.649	51490	0	199
2024.06.05	16:00:00	2353.644	2356.732	2351.368	2353.929	19397	0	199
2024.06.05	20:00:00	2353.971	2357.230	2352.756	2355.012	6787	0	199
2024.06.06	00:00:00	2355.008	2374.958	2354.488	2368.446	25587	0	199
2024.06.06	04:00:00	2368.444	2371.401	2362.131	2362.906	18403	0	199
2024.06.06	08:00:00	2362.899	2363.889	2358.504	2359.761	17124	0	199
2024.06.06	12:00:00	2359.740	2378.522	2353.336	2374.226	47934	0	199
2024.06.06	16:00:00	2374.209	2376.934	2368.978	2372.497	22327	0	199
2024.06.06	20:00:00	2372.471	2378.123	2372.283	2376.730	6578	0	199
2024.06.07	00:00:00	2376.735	2381.969	2369.374	2380.117	21718	0	199
2024.06.07	04:00:00	2380.120	2387.698	2372.751	2373.585	23181	0	199
2024.06.07	08:00:00	2373.536	2373.933	2330.875	2336.495	38876	0	199
2024.06.07	12:00:00	2336.486	2339.309	2304.437	2304.975	72962	0	199
2024.06.07	16:00:00	2305.019	2314.505	2287.536	2288.266	30333	0	199
2024.06.07	20:00:00	2288.304	2294.327	2286.723	2293.801	5431	0	199
2024.06.09	20:00:00	2290.431	2300.041	2290.380	2298.478	7159	0	199
2024.06.10	00:00:00	2298.477	2301.394	2293.904	2295.329	17343	0	199
2024.06.10	04:00:00	2295.287	2297.301	2287.708	2296.477	22553	0	199
2024.06.10	08:00:00	2296.523	2305.288	2291.808	2305.044	21786	0	199
2024.06.10	12:00:00	2304.993	2308.719	2300.354	2307.300	32225	0	199
2024.06.10	16:00:00	2307.345	2313.758	2306.930	2308.733	19342	0	199
2024.06.10	20:00:00	2308.786	2312.143	2308.477	2309.931	6792	0	199
2024.06.11	00:00:00	2309.926	2311.952	2298.777	2303.733	25380	0	199
2024.06.11	04:00:00	2303.686	2305.414	2297.625	2304.485	18565	0	199
2024.06.11	08:00:00	2304.517	2308.862	2301.465	2307.639	20555	0	199
2024.06.11	12:00:00	2307.607	2319.950	2307.538	2310.126	40628	0	199
2024.06.11	16:00:00	2310.168	2315.721	2305.788	2315.311	19763	0	199
2024.06.11	20:00:00	2315.351	2317.594	2313.850	2315.071	7374	0	199
2024.06.12	00:00:00	2315.056	2316.735	2310.654	2314.025	17595	0	199
2024.06.12	04:00:00	2314.031	2317.780	2311.156	2314.479	15974	0	199
2024.06.12	08:00:00	2314.517	2315.700	2310.765	2312.848	18153	0	199
2024.06.12	12:00:00	2312.864	2341.620	2311.563	2335.542	61671	0	199
2024.06.12	16:00:00	2335.552	2339.545	2315.810	2321.213	50661	0	199
2024.06.12	20:00:00	2321.263	2325.351	2320.115	2320.549	8581	0	199
2024.06.13	00:00:00	2320.569	2322.955	2308.044	2314.248	23672	0	199
2024.06.13	04:00:00	2314.239	2318.543	2308.966	2317.013	18602	0	199
2024.06.13	08:00:00	2317.061	2319.962	2303.932	2307.026	20896	0	199
2024.06.13	12:00:00	2307.073	2326.755	2297.746	2298.992	53969	0	199
2024.06.13	16:00:00	2298.938	2304.889	2295.463	2303.413	23099	0	199
2024.06.13	20:00:00	2303.463	2304.322	2301.720	2302.335	5867	0	199
2024.06.14	00:00:00	2302.380	2308.605	2301.499	2305.461	17634	0	199
2024.06.14	04:00:00	2305.415	2316.738	2303.447	2315.226	20226	0	199
2024.06.14	08:00:00	2315.184	2336.560	2314.726	2332.010	27935	0	199
2024.06.14	12:00:00	2332.045	2335.461	2324.003	2326.087	39237	0	199
2024.06.14	16:00:00	2326.133	2335.564	2325.353	2332.452	19903	0	199
2024.06.14	20:00:00	2332.506	2333.064	2330.916	2332.826	2568	0	200
2024.06.16	20:00:00	2331.087	2331.484	2327.411	2328.874	4395	0	199
2024.06.17	00:00:00	2328.918	2328.949	2321.468	2324.309	19419	0	199
2024.06.17	04:00:00	2324.307	2326.227	2315.442	2316.993	18289	0	199
2024.06.17	08:00:00	2316.962	2322.586	2316.407	2318.185	18184	0	199
2024.06.17	12:00:00	2318.230	2327.643	2309.952	2312.494	30692	0	199
2024.06.17	16:00:00	2312.537	2320.575	2312.537	2320.139	17989	0	199
2024.06.17	20:00:00	2320.184	2321.227	2318.415	2320.645	5718	0	199
2024.06.18	00:00:00	2320.634	2325.643	2319.199	2324.412	17018	0	199
2024.06.18	04:00:00	2324.408	2324.814	2314.959	2315.526	16479	0	199
2024.06.18	08:00:00	2315.505	2315.505	2306.502	2313.311	19353	0	199
2024.06.18	12:00:00	2313.279	2329.777	2311.403	2326.866	42736	0	199
2024.06.18	16:00:00	2326.916	2333.078	2326.440	2329.358	18689	0	199
2024.06.18	20:00:00	2329.351	2330.549	2327.495	2328.255	5744	0	199
2024.06.19	00:00:00	2328.272	2331.758	2326.492	2328.270	14304	0	199
2024.06.19	04:00:00	2328.222	2332.680	2326.795	2331.765	14479	0	199
2024.06.19	08:00:00	2331.813	2334.960	2325.779	2330.409	16531	0	199
2024.06.19	12:00:00	2330.385	2332.897	2323.701	2329.774	20270	0	199
2024.06.19	16:00:00	2329.783	2331.336	2328.882	2329.971	3805	0	199
2024.06.19	20:00:00	2329.947	2330.554	2328.648	2329.342	4029	0	200
2024.06.20	00:00:00	2329.358	2338.980	2327.736	2333.897	18406	0	199
2024.06.20	04:00:00	2333.898	2345.667	2333.694	2338.577	20479	0	199
2024.06.20	08:00:00	2338.529	2341.376	2331.564	2339.244	19072	0	199
2024.06.20	12:00:00	2339.300	2365.508	2335.281	2353.738	43221	0	199
2024.06.20	16:00:00	2353.715	2361.000	2352.798	2358.812	18721	0	199
2024.06.20	20:00:00	2358.856	2361.131	2358.153	2360.747	7712	0	199
2024.06.21	00:00:00	2360.765	2364.856	2357.068	2362.137	17652	0	199
2024.06.21	04:00:00	2362.173	2365.602	2355.087	2362.905	18473	0	199
2024.06.21	08:00:00	2362.939	2368.735	2361.269	2366.218	19517	0	199
2024.06.21	12:00:00	2366.274	2368.078	2323.255	2327.893	52436	0	199
2024.06.21	16:00:00	2327.946	2329.353	2316.672	2322.055	24607	0	199
2024.06.21	20:00:00	2322.106	2322.653	2320.760	2321.503	2876	0	200
2024.06.23	20:00:00	2321.110	2322.193	2317.682	2319.187	5104	0	199
2024.06.24	00:00:00	2319.171	2326.643	2317.862	2325.395	19740	0	199
2024.06.24	04:00:00	2325.405	2331.793	2321.319	2330.705	17264	0	199
2024.06.24	08:00:00	2330.724	2332.767	2320.767	2326.190	20885	0	199
2024.06.24	12:00:00	2326.249	2333.836	2323.281	2327.626	29214	0	199
2024.06.24	16:00:00	2327.581	2334.629	2326.819	2331.640	16996	0	199
2024.06.24	20:00:00	2331.607	2334.387	2330.224	2330.877	5978	0	199
2024.06.25	00:00:00	2330.869	2330.924	2323.142	2324.146	17648	0	199
2024.06.25	04:00:00	2324.188	2330.073	2322.691	2324.788	17805	0	199
2024.06.25	08:00:00	2324.745	2337.087	2322.814	2330.122	21025	0	199
2024.06.25	12:00:00	2330.109	2330.447	2315.562	2324.685	35216	0	199
2024.06.25	16:00:00	2324.750	2324.985	2315.436	2319.776	17933	0	199
2024.06.25	20:00:00	2319.725	2321.427	2317.858	2320.027	7613	0	199
2024.06.26	00:00:00	2319.977	2323.871	2310.566	2317.247	23439	0	199
2024.06.26	04:00:00	2317.289	2318.134	2309.681	2316.083	19048	0	199
2024.06.26	08:00:00	2316.044	2318.432	2304.368	2313.005	22472	0	199
2024.06.26	12:00:00	2312.991	2317.831	2293.524	2299.942	39555	0	199
2024.06.26	16:00:00	2299.920	2302.995	2296.872	2298.627	18398	0	199
2024.06.26	20:00:00	2298.684	2299.204	2296.766	2298.401	6696	0	199
2024.06.27	00:00:00	2298.412	2300.100	2296.766	2298.932	15244	0	199
2024.06.27	04:00:00	2298.934	2303.383	2296.429	2302.260	16414	0	199
2024.06.27	08:00:00	2302.213	2317.891	2301.964	2317.015	20531	0	199
2024.06.27	12:00:00	2316.975	2330.936	2316.029	2327.436	39524	0	199
2024.06.27	16:00:00	2327.401	2328.280	2322.376	2325.951	18615	0	199
2024.06.27	20:00:00	2325.917	2328.533	2325.380	2327.721	5962	0	199
2024.06.28	00:00:00	2327.663	2328.258	2318.981	2321.715	19250	0	199
2024.06.28	04:00:00	2321.784	2328.850	2319.712	2327.146	16136	0	199
2024.06.28	08:00:00	2327.150	2337.144	2326.446	2333.938	19143	0	199
2024.06.28	12:00:00	2333.908	2339.809	2322.836	2328.593	39255	0	199
2024.06.28	16:00:00	2328.641	2332.713	2322.925	2325.004	18674	0	199
2024.06.28	20:00:00	2324.972	2326.818	2322.868	2326.638	3402	0	199
2024.06.30	20:00:00	2322.849	2326.157	2322.838	2324.933	4755	0	199
2024.07.01	00:00:00	2324.951	2328.502	2322.102	2324.746	16530	0	199
2024.07.01	04:00:00	2324.729	2328.974	2318.444	2323.688	18592	0	199
2024.07.01	08:00:00	2323.647	2338.247	2321.839	2338.131	20017	0	199
2024.07.01	12:00:00	2338.161	2338.484	2319.173	2327.713	36253	0	199
2024.07.01	16:00:00	2327.707	2331.870	2326.603	2330.900	17508	0	199
2024.07.01	20:00:00	2330.973	2332.552	2330.862	2332.222	5618	0	199
2024.07.02	00:00:00	2332.216	2334.305	2325.700	2326.033	14717	0	199
2024.07.02	04:00:00	2326.036	2331.780	2323.282	2330.680	16918	0	199
2024.07.02	08:00:00	2330.736	2332.457	2319.905	2320.696	19187	0	199
2024.07.02	12:00:00	2320.725	2336.777	2319.004	2324.711	38768	0	199
2024.07.02	16:00:00	2324.678	2331.298	2320.921	2330.760	16575	0	199
2024.07.02	20:00:00	2330.725	2331.443	2328.611	2330.180	5743	0	199
2024.07.03	00:00:00	2330.177	2332.497	2326.799	2331.648	14490	0	199
2024.07.03	04:00:00	2331.699	2347.201	2331.699	2345.304	19151	0	199
2024.07.03	08:00:00	2345.321	2349.492	2342.121	2345.373	20566	0	199
2024.07.03	12:00:00	2345.395	2364.926	2344.871	2363.040	41954	0	199
2024.07.03	16:00:00	2363.001	2363.147	2353.614	2354.280	17212	0	199
2024.07.03	20:00:00	2354.302	2359.578	2354.223	2358.699	5198	0	199
2024.07.04	00:00:00	2358.721	2362.540	2356.443	2358.103	15042	0	199
2024.07.04	04:00:00	2358.102	2359.572	2350.330	2357.455	15601	0	199
2024.07.04	08:00:00	2357.516	2359.986	2355.443	2358.389	14902	0	199
2024.07.04	12:00:00	2358.467	2361.872	2355.483	2357.392	17954	0	199
2024.07.04	16:00:00	2357.418	2359.098	2356.903	2357.230	3902	0	199
2024.07.04	20:00:00	2357.034	2357.718	2354.214	2356.721	4682	0	199
2024.07.05	00:00:00	2356.753	2363.105	2356.030	2361.713	16013	0	199
2024.07.05	04:00:00	2361.716	2367.446	2361.294	2365.225	16218	0	199
2024.07.05	08:00:00	2365.261	2368.002	2361.770	2365.755	17430	0	199
2024.07.05	12:00:00	2365.736	2388.395	2347.375	2384.639	53737	0	199
2024.07.05	16:00:00	2384.685	2392.926	2383.909	2388.833	21363	0	199
2024.07.05	20:00:00	2388.783	2391.636	2388.194	2391.556	2652	0	199
2024.07.07	20:00:00	2389.586	2390.178	2384.767	2386.116	5361	0	199
2024.07.08	00:00:00	2386.065	2391.088	2380.696	2382.883	19305	0	199
2024.07.08	04:00:00	2382.933	2386.762	2376.599	2377.828	18523	0	199
2024.07.08	08:00:00	2377.824	2378.824	2368.253	2375.284	19445	0	199
2024.07.08	12:00:00	2375.236	2379.518	2350.975	2355.459	38210	0	199
2024.07.08	16:00:00	2355.409	2359.837	2350.993	2359.132	20907	0	199
2024.07.08	20:00:00	2359.174	2362.004	2357.986	2361.711	5639	0	199
2024.07.09	00:00:00	2361.738	2367.949	2360.436	2367.625	17698	0	199
2024.07.09	04:00:00	2367.619	2368.791	2358.255	2358.933	17154	0	199
2024.07.09	08:00:00	2358.980	2365.635	2357.485	2360.578	17666	0	199
2024.07.09	12:00:00	2360.631	2371.574	2349.322	2361.993	43824	0	199
2024.07.09	16:00:00	2361.976	2365.593	2356.506	2363.496	20420	0	199
2024.07.09	20:00:00	2363.538	2366.037	2363.281	2364.966	5338	0	199
2024.07.10	00:00:00	2364.944	2370.272	2363.304	2368.144	16288	0	199
2024.07.10	04:00:00	2368.166	2374.940	2366.536	2372.607	15631	0	199
2024.07.10	08:00:00	2372.569	2378.379	2371.427	2378.346	15750	0	199
2024.07.10	12:00:00	2378.387	2386.661	2373.890	2378.761	30846	0	199
2024.07.10	16:00:00	2378.789	2381.331	2369.858	2371.765	18187	0	199
2024.07.10	20:00:00	2371.762	2372.911	2370.860	2372.852	5266	0	199
2024.07.11	00:00:00	2372.832	2380.254	2371.418	2378.741	15476	0	199
2024.07.11	04:00:00	2378.775	2383.197	2378.461	2379.889	16375	0	199
2024.07.11	08:00:00	2379.924	2384.528	2379.001	2380.792	17346	0	199
2024.07.11	12:00:00	2380.752	2424.538	2378.094	2417.353	74304	0	199
2024.07.11	16:00:00	2417.303	2419.231	2409.990	2414.083	23900	0	199
2024.07.11	20:00:00	2414.134	2416.019	2411.134	2415.854	9656	0	199
2024.07.12	00:00:00	2415.851	2416.247	2406.644	2408.778	19115	0	199
2024.07.12	04:00:00	2408.779	2410.087	2400.291	2404.174	18819	0	199
2024.07.12	08:00:00	2404.100	2408.309	2398.288	2401.715	19019	0	199
2024.07.12	12:00:00	2401.768	2413.710	2391.346	2411.711	45752	0	199
2024.07.12	16:00:00	2411.749	2418.238	2411.699	2412.823	16786	0	199
2024.07.12	20:00:00	2412.771	2412.771	2411.262	2411.399	2300	0	199
2024.07.14	20:00:00	2411.618	2412.242	2405.677	2408.657	6526	0	179
2024.07.15	00:00:00	2408.659	2411.971	2404.881	2411.555	17024	0	179
2024.07.15	04:00:00	2411.597	2413.967	2401.298	2407.881	18766	0	179
2024.07.15	08:00:00	2407.897	2420.335	2406.870	2418.236	20770	0	179
2024.07.15	12:00:00	2418.241	2437.488	2411.510	2433.282	38187	0	162
2024.07.15	16:00:00	2433.261	2439.764	2419.716	2421.091	30831	0	179
2024.07.15	20:00:00	2421.146	2422.724	2420.587	2422.495	6131	0	179
2024.07.16	00:00:00	2422.482	2431.449	2419.914	2428.577	19436	0	179
2024.07.16	04:00:00	2428.581	2439.411	2425.024	2436.953	21261	0	179
2024.07.16	08:00:00	2436.951	2443.418	2433.607	2439.521	23076	0	179
2024.07.16	12:00:00	2439.494	2465.283	2429.334	2463.099	50674	0	179
2024.07.16	16:00:00	2463.101	2468.700	2457.795	2468.483	24121	0	179
2024.07.16	20:00:00	2468.537	2469.967	2466.245	2468.278	9227	0	179
2024.07.17	00:00:00	2468.268	2482.365	2463.910	2471.700	31814	0	179
2024.07.17	04:00:00	2471.677	2474.324	2461.789	2474.104	26638	0	179
2024.07.17	08:00:00	2474.083	2478.877	2466.656	2470.029	28544	0	179
2024.07.17	12:00:00	2470.059	2483.757	2458.017	2463.374	57747	0	179
2024.07.17	16:00:00	2463.422	2465.106	2451.407	2457.986	26825	0	179
2024.07.17	20:00:00	2458.033	2461.828	2457.212	2461.296	8675	0	179
2024.07.18	00:00:00	2461.334	2468.851	2457.290	2468.009	21499	0	179
2024.07.18	04:00:00	2468.000	2474.966	2464.551	2471.930	23375	0	179
2024.07.18	08:00:00	2471.959	2473.694	2461.488	2464.468	23019	0	179
2024.07.18	12:00:00	2464.503	2469.919	2457.522	2461.228	41794	0	179
2024.07.18	16:00:00	2461.320	2462.071	2440.226	2442.916	27589	0	179
2024.07.18	20:00:00	2442.965	2445.563	2441.169	2441.250	7841	0	179
2024.07.19	00:00:00	2441.292	2441.343	2420.429	2428.700	37204	0	179
2024.07.19	04:00:00	2428.697	2429.321	2412.803	2418.127	29654	0	179
2024.07.19	08:00:00	2418.139	2421.641	2408.411	2410.053	26967	0	179
2024.07.19	12:00:00	2410.059	2410.228	2393.727	2405.387	53650	0	179
2024.07.19	16:00:00	2405.445	2406.003	2395.640	2398.712	21966	0	179
2024.07.19	20:00:00	2398.743	2400.550	2397.783	2400.451	3123	0	179
2024.07.21	20:00:00	2403.680	2411.931	2402.487	2411.528	7269	0	179
2024.07.22	00:00:00	2411.496	2412.180	2403.233	2406.732	23064	0	179
2024.07.22	04:00:00	2406.690	2407.353	2398.881	2402.513	25265	0	179
2024.07.22	08:00:00	2402.501	2408.349	2397.980	2398.056	22212	0	179
2024.07.22	12:00:00	2398.043	2400.157	2383.797	2386.312	45448	0	179
2024.07.22	16:00:00	2386.304	2400.060	2386.085	2399.000	19292	0	179
2024.07.22	20:00:00	2398.954	2399.495	2394.705	2395.783	6178	0	179
2024.07.23	00:00:00	2395.750	2403.981	2395.451	2398.357	21614	0	179
2024.07.23	04:00:00	2398.360	2399.643	2388.182	2397.788	24253	0	179
2024.07.23	08:00:00	2397.823	2411.984	2396.303	2407.614	24312	0	179
2024.07.23	12:00:00	2407.574	2409.298	2399.515	2405.479	33842	0	179
2024.07.23	16:00:00	2405.437	2408.974	2402.626	2407.545	18671	0	179
2024.07.23	20:00:00	2407.504	2410.013	2405.302	2408.513	7050	0	179
2024.07.24	00:00:00	2408.558	2418.319	2404.866	2416.406	23632	0	179
2024.07.24	04:00:00	2416.421	2419.206	2411.549	2414.574	22866	0	179
2024.07.24	08:00:00	2414.532	2417.807	2409.780	2417.432	20617	0	179
2024.07.24	12:00:00	2417.469	2431.954	2413.577	2424.757	44194	0	179
2024.07.24	16:00:00	2424.793	2424.924	2398.280	2398.358	27052	0	179
2024.07.24	20:00:00	2398.478	2401.193	2393.060	2398.669	13023	0	179
2024.07.25	00:00:00	2398.720	2399.985	2366.737	2374.723	52200	0	179
2024.07.25	04:00:00	2374.712	2378.717	2365.752	2374.020	30328	0	179
2024.07.25	08:00:00	2374.073	2382.529	2368.003	2368.560	29471	0	179
2024.07.25	12:00:00	2368.562	2377.310	2357.919	2363.151	66751	0	179
2024.07.25	16:00:00	2363.123	2365.522	2353.086	2362.579	30840	0	179
2024.07.25	20:00:00	2362.608	2365.455	2359.358	2363.801	10233	0	179
2024.07.26	00:00:00	2363.849	2379.403	2355.842	2371.779	28364	0	179
2024.07.26	04:00:00	2371.821	2375.252	2365.238	2371.462	23623	0	179
2024.07.26	08:00:00	2371.503	2375.803	2369.286	2373.278	20588	0	179
2024.07.26	12:00:00	2373.274	2390.799	2371.028	2385.116	45089	0	179
2024.07.26	16:00:00	2385.164	2390.380	2381.125	2386.272	20580	0	179
2024.07.26	20:00:00	2386.312	2388.853	2385.429	2387.114	3260	0	179
2024.07.28	20:00:00	2387.944	2403.181	2387.839	2397.091	11156	0	179
2024.07.29	00:00:00	2397.055	2402.460	2388.589	2394.526	27421	0	179
2024.07.29	04:00:00	2394.505	2396.263	2389.490	2391.569	23060	0	179
2024.07.29	08:00:00	2391.558	2395.368	2386.809	2387.729	22980	0	179
2024.07.29	12:00:00	2387.740	2396.786	2369.495	2376.797	43877	0	179
2024.07.29	16:00:00	2376.832	2385.490	2374.461	2383.092	22663	0	179
2024.07.29	20:00:00	2383.048	2384.948	2380.885	2381.143	6881	0	179
2024.07.30	00:00:00	2381.186	2385.963	2376.471	2385.741	23505	0	179
2024.07.30	04:00:00	2385.730	2391.971	2385.650	2390.225	22052	0	179
2024.07.30	08:00:00	2390.264	2392.440	2386.872	2387.115	19559	0	179
2024.07.30	12:00:00	2387.109	2397.798	2383.320	2385.260	43007	0	179
2024.07.30	16:00:00	2385.303	2411.070	2384.953	2407.008	30670	0	179
2024.07.30	20:00:00	2406.975	2412.878	2406.947	2409.807	10832	0	179
2024.07.31	00:00:00	2409.810	2419.165	2403.877	2416.442	29728	0	179
2024.07.31	04:00:00	2416.473	2425.510	2414.399	2417.175	26861	0	179
2024.07.31	08:00:00	2417.137	2423.240	2415.436	2419.576	22582	0	179
2024.07.31	12:00:00	2419.629	2429.017	2417.270	2423.098	41729	0	179
2024.07.31	16:00:00	2423.139	2450.819	2421.537	2449.804	41803	0	179
2024.07.31	20:00:00	2449.758	2450.951	2444.084	2445.743	11738	0	179
2024.08.01	00:00:00	2445.725	2458.350	2437.284	2442.777	37349	0	179
2024.08.01	04:00:00	2442.769	2448.819	2439.871	2440.325	27253	0	179
2024.08.01	08:00:00	2440.282	2442.888	2430.165	2440.721	28587	0	179
2024.08.01	12:00:00	2440.784	2462.302	2440.277	2445.107	64885	0	179
2024.08.01	16:00:00	2445.208	2448.761	2434.884	2443.053	34018	0	179
2024.08.01	20:00:00	2443.021	2447.553	2441.715	2445.844	12205	0	179
2024.08.02	00:00:00	2445.886	2459.412	2434.872	2454.432	38960	0	179
2024.08.02	04:00:00	2454.422	2468.480	2454.191	2461.538	30235	0	179
2024.08.02	08:00:00	2461.586	2465.371	2457.531	2459.259	25748	0	179
2024.08.02	12:00:00	2459.216	2477.704	2410.794	2433.125	123054	0	179
2024.08.02	16:00:00	2433.068	2439.293	2423.004	2437.618	42610	0	179
2024.08.02	20:00:00	2437.645	2442.477	2435.539	2441.892	4854	0	179
2024.08.04	20:00:00	2441.020	2446.337	2437.890	2440.952	13273	0	179
2024.08.05	00:00:00	2440.984	2452.510	2413.745	2450.957	69635	0	179
2024.08.05	04:00:00	2451.022	2458.836	2422.064	2431.980	64772	0	179
2024.08.05	08:00:00	2432.021	2434.402	2383.239	2386.736	60632	0	179
2024.08.05	12:00:00	2386.772	2412.236	2364.245	2402.831	114455	0	179
2024.08.05	16:00:00	2402.779	2413.059	2398.986	2407.676	38281	0	179
2024.08.05	20:00:00	2407.657	2412.562	2404.340	2404.837	13905	0	179
2024.08.06	00:00:00	2404.865	2418.333	2404.515	2409.017	39070	0	179
2024.08.06	04:00:00	2409.013	2412.647	2394.780	2409.835	45423	0	179
2024.08.06	08:00:00	2409.935	2416.344	2408.073	2410.955	31527	0	179
2024.08.06	12:00:00	2410.996	2412.258	2381.404	2387.536	75945	0	179
2024.08.06	16:00:00	2387.571	2396.014	2385.548	2387.732	30067	0	179
2024.08.06	20:00:00	2387.759	2390.487	2382.755	2383.787	11490	0	179
2024.08.07	00:00:00	2383.723	2388.440	2378.931	2385.948	42094	0	179
2024.08.07	04:00:00	2385.985	2397.582	2385.687	2389.310	30727	0	179
2024.08.07	08:00:00	2389.356	2402.392	2388.220	2401.152	25495	0	179
2024.08.07	12:00:00	2401.147	2407.059	2391.904	2394.524	43605	0	179
2024.08.07	16:00:00	2394.450	2399.748	2383.782	2385.719	28505	0	179
2024.08.07	20:00:00	2385.670	2387.382	2380.884	2384.791	11766	0	179
2024.08.08	00:00:00	2384.835	2394.729	2383.283	2394.350	29579	0	179
2024.08.08	04:00:00	2394.316	2400.633	2392.407	2396.736	27769	0	179
2024.08.08	08:00:00	2396.786	2413.632	2392.838	2412.192	27852	0	179
2024.08.08	12:00:00	2412.152	2424.365	2402.295	2418.686	60989	0	179
2024.08.08	16:00:00	2418.645	2426.361	2415.757	2423.530	25171	0	179
2024.08.08	20:00:00	2423.551	2427.818	2422.829	2424.595	10042	0	179
2024.08.09	00:00:00	2424.519	2429.000	2419.222	2421.089	25661	0	179
2024.08.09	04:00:00	2421.046	2427.054	2416.829	2423.128	23905	0	179
2024.08.09	08:00:00	2423.183	2432.640	2422.205	2426.761	23796	0	179
2024.08.09	12:00:00	2426.734	2436.002	2420.955	2431.470	50429	0	179
2024.08.09	16:00:00	2431.514	2437.068	2427.157	2429.079	22261	0	179
2024.08.09	20:00:00	2429.118	2431.172	2429.118	2430.805	3044	0	179
2024.08.11	20:00:00	2428.332	2433.242	2427.241	2427.927	6502	0	179
2024.08.12	00:00:00	2427.928	2430.315	2423.825	2428.572	18521	0	179
2024.08.12	04:00:00	2428.529	2442.891	2428.194	2441.573	20567	0	179
2024.08.12	08:00:00	2441.614	2445.058	2439.576	2441.498	21628	0	179
2024.08.12	12:00:00	2441.506	2460.686	2441.409	2459.754	41852	0	169
2024.08.12	16:00:00	2459.771	2472.194	2458.930	2470.473	23273	0	169
2024.08.12	20:00:00	2470.446	2476.033	2470.151	2475.536	8855	0	169
2024.08.13	00:00:00	2475.580	2476.963	2460.820	2463.444	27132	0	169
2024.08.13	04:00:00	2463.513	2466.162	2458.493	2464.260	22166	0	169
2024.08.13	08:00:00	2464.302	2466.607	2458.834	2465.768	21481	0	169
2024.08.13	12:00:00	2465.797	2475.653	2458.917	2468.627	43784	0	169
2024.08.13	16:00:00	2468.600	2471.086	2462.235	2466.912	20430	0	169
2024.08.13	20:00:00	2466.922	2467.835	2462.942	2464.060	7765	0	169
2024.08.14	00:00:00	2464.104	2472.490	2455.271	2460.792	26549	0	169
2024.08.14	04:00:00	2460.815	2471.891	2459.259	2470.850	20929	0	169
2024.08.14	08:00:00	2470.822	2478.789	2468.677	2474.696	22034	0	169
2024.08.14	12:00:00	2474.735	2480.064	2442.009	2444.024	68432	0	169
2024.08.14	16:00:00	2444.023	2448.449	2437.995	2447.199	24141	0	169
2024.08.14	20:00:00	2447.123	2449.482	2446.433	2449.408	7414	0	169
2024.08.15	00:00:00	2449.396	2454.323	2448.227	2453.681	22552	0	169
2024.08.15	04:00:00	2453.708	2458.760	2450.280	2455.710	21266	0	169
2024.08.15	08:00:00	2455.701	2464.147	2453.527	2463.511	20161	0	169
2024.08.15	12:00:00	2463.581	2470.095	2432.094	2458.339	70535	0	169
2024.08.15	16:00:00	2458.394	2461.631	2453.400	2455.566	21914	0	169
2024.08.15	20:00:00	2455.520	2458.257	2454.397	2457.298	8089	0	169
2024.08.16	00:00:00	2457.313	2460.057	2450.695	2452.465	21417	0	169
2024.08.16	04:00:00	2452.420	2464.513	2451.070	2461.968	20697	0	169
2024.08.16	08:00:00	2462.052	2472.314	2459.109	2472.113	23184	0	169
2024.08.16	12:00:00	2472.074	2500.520	2471.251	2491.691	64493	0	169
2024.08.16	16:00:00	2491.731	2508.998	2491.651	2507.862	26389	0	169
2024.08.16	20:00:00	2507.916	2509.783	2505.539	2507.820	4324	0	169
2024.08.18	20:00:00	2506.461	2506.778	2502.271	2506.414	7373	0	179
2024.08.19	00:00:00	2506.420	2506.771	2494.933	2503.220	31715	0	179
2024.08.19	04:00:00	2503.201	2505.183	2498.768	2502.992	24456	0	179
2024.08.19	08:00:00	2502.945	2507.181	2486.483	2494.391	24543	0	179
2024.08.19	12:00:00	2494.415	2505.947	2485.615	2503.934	41637	0	179
2024.08.19	16:00:00	2503.898	2507.482	2500.634	2505.437	20480	0	179
2024.08.19	20:00:00	2505.502	2505.638	2502.044	2503.544	6382	0	179
2024.08.20	00:00:00	2503.554	2508.289	2498.632	2501.778	22157	0	179
2024.08.20	04:00:00	2501.789	2515.223	2497.283	2514.878	22080	0	179
2024.08.20	08:00:00	2514.905	2527.171	2514.293	2526.224	29216	0	179
2024.08.20	12:00:00	2526.267	2531.668	2505.759	2508.518	56709	0	179
2024.08.20	16:00:00	2508.549	2515.521	2500.829	2514.951	26003	0	179
2024.08.20	20:00:00	2514.994	2516.937	2512.724	2512.964	7087	0	179
2024.08.21	00:00:00	2512.976	2519.942	2510.759	2517.386	22773	0	179
2024.08.21	04:00:00	2517.433	2519.566	2508.059	2509.751	22346	0	179
2024.08.21	08:00:00	2509.723	2513.321	2504.418	2511.823	21841	0	179
2024.08.21	12:00:00	2511.781	2513.733	2493.644	2508.410	57858	0	179
2024.08.21	16:00:00	2508.369	2519.167	2503.051	2511.559	25180	0	179
2024.08.21	20:00:00	2511.513	2514.424	2509.759	2512.783	7336	0	179
2024.08.22	00:00:00	2512.732	2514.701	2499.852	2502.329	23436	0	179
2024.08.22	04:00:00	2502.344	2510.591	2499.184	2507.102	23547	0	179
2024.08.22	08:00:00	2507.104	2509.122	2498.061	2499.444	23915	0	179
2024.08.22	12:00:00	2499.502	2504.181	2470.801	2481.794	58535	0	179
2024.08.22	16:00:00	2481.842	2485.950	2478.491	2482.983	23837	0	179
2024.08.22	20:00:00	2483.021	2487.582	2482.373	2487.564	6700	0	180
2024.08.23	00:00:00	2487.574	2493.753	2486.469	2493.170	22988	0	179
2024.08.23	04:00:00	2493.153	2495.754	2490.540	2493.384	20395	0	179
2024.08.23	08:00:00	2493.338	2502.502	2492.991	2501.571	21265	0	179
2024.08.23	12:00:00	2501.557	2518.350	2494.453	2509.845	63313	0	179
2024.08.23	16:00:00	2509.884	2513.242	2501.706	2510.772	26801	0	179
2024.08.23	20:00:00	2510.745	2512.459	2509.532	2512.357	3097	0	179
2024.08.25	20:00:00	2512.067	2516.683	2511.068	2515.917	7408	0	159
2024.08.26	00:00:00	2515.903	2517.001	2509.330	2509.769	23812	0	159
2024.08.26	04:00:00	2509.739	2521.820	2508.646	2521.408	23381	0	159
2024.08.26	08:00:00	2521.412	2526.906	2520.702	2526.533	24230	0	159
2024.08.26	12:00:00	2526.466	2527.009	2510.578	2515.782	47552	0	159
2024.08.26	16:00:00	2515.787	2523.391	2513.518	2518.169	21739	0	159
2024.08.26	20:00:00	2518.206	2519.095	2515.406	2515.511	5988	0	159
2024.08.27	00:00:00	2515.512	2516.709	2505.816	2508.973	22338	0	159
2024.08.27	04:00:00	2509.008	2517.561	2504.575	2504.988	26075	0	159
2024.08.27	08:00:00	2504.885	2513.745	2503.456	2511.479	26393	0	159
2024.08.27	12:00:00	2511.444	2520.380	2503.436	2512.134	48507	0	159
2024.08.27	16:00:00	2512.107	2525.938	2509.830	2525.097	23144	0	159
2024.08.27	20:00:00	2525.062	2529.043	2523.780	2525.269	8418	0	159
2024.08.28	00:00:00	2525.223	2525.813	2513.168	2515.861	21482	0	159
2024.08.28	04:00:00	2515.824	2516.160	2503.219	2509.984	28277	0	159
2024.08.28	08:00:00	2509.942	2511.432	2500.690	2501.485	23930	0	159
2024.08.28	12:00:00	2501.445	2510.689	2493.498	2506.141	46301	0	159
2024.08.28	16:00:00	2506.182	2509.591	2496.364	2507.607	24082	0	159
2024.08.28	20:00:00	2507.643	2508.703	2502.760	2508.110	9898	0	159
2024.08.29	00:00:00	2508.080	2516.771	2507.977	2516.543	21221	0	159
2024.08.29	04:00:00	2516.591	2521.164	2513.806	2519.091	21926	0	159
2024.08.29	08:00:00	2519.125	2524.446	2515.043	2519.883	26138	0	159
2024.08.29	12:00:00	2519.874	2525.696	2503.558	2522.535	54572	0	159
2024.08.29	16:00:00	2522.507	2528.669	2517.418	2521.178	24500	0	159
2024.08.29	20:00:00	2521.216	2522.313	2518.894	2519.613	6439	0	159
2024.08.30	00:00:00	2519.600	2520.053	2512.292	2513.557	20754	0	159
2024.08.30	04:00:00	2513.533	2524.103	2512.140	2519.369	25046	0	159
2024.08.30	08:00:00	2519.356	2526.914	2514.987	2519.523	23525	0	159
2024.08.30	12:00:00	2519.485	2524.760	2500.233	2502.501	63602	0	159
2024.08.30	16:00:00	2502.465	2506.045	2494.086	2502.343	30731	0	159
2024.08.30	20:00:00	2502.304	2503.578	2501.838	2503.342	3351	0	159
2024.09.01	20:00:00	2502.485	2504.760	2501.942	2502.980	5447	0	159
2024.09.02	00:00:00	2502.983	2504.980	2489.977	2496.228	25621	0	159
2024.09.02	04:00:00	2496.208	2501.457	2495.191	2498.157	21573	0	159
2024.09.02	08:00:00	2498.209	2507.310	2497.082	2499.814	22666	0	159
2024.09.02	12:00:00	2499.774	2503.231	2497.672	2501.485	22586	0	159
2024.09.02	16:00:00	2501.490	2501.902	2498.587	2500.085	4071	0	159
2024.09.02	20:00:00	2499.525	2499.708	2496.490	2497.242	3832	0	160
2024.09.03	00:00:00	2497.247	2497.701	2489.660	2494.717	24471	0	159
2024.09.03	04:00:00	2494.789	2502.051	2492.728	2500.843	23124	0	159
2024.09.03	08:00:00	2500.809	2506.247	2484.618	2489.700	31488	0	159
2024.09.03	12:00:00	2489.690	2502.276	2473.282	2488.353	80849	0	159
2024.09.03	16:00:00	2488.330	2494.398	2483.879	2492.015	22602	0	159
2024.09.03	20:00:00	2491.965	2494.764	2491.318	2493.223	7759	0	159
2024.09.04	00:00:00	2493.200	2496.950	2491.293	2495.016	20669	0	159
2024.09.04	04:00:00	2495.058	2496.797	2481.921	2482.177	24342	0	159
2024.09.04	08:00:00	2482.172	2491.252	2471.852	2489.177	33203	0	159
2024.09.04	12:00:00	2489.140	2500.266	2482.056	2493.984	59829	0	159
2024.09.04	16:00:00	2493.958	2498.023	2491.432	2493.424	20660	0	159
2024.09.04	20:00:00	2493.381	2496.951	2492.832	2495.829	7105	0	159
2024.09.05	00:00:00	2495.827	2499.335	2494.463	2494.868	19010	0	159
2024.09.05	04:00:00	2494.835	2507.623	2493.759	2506.370	22982	0	159
2024.09.05	08:00:00	2506.408	2518.375	2505.915	2515.199	29366	0	159
2024.09.05	12:00:00	2515.228	2523.574	2503.797	2507.154	68389	0	159
2024.09.05	16:00:00	2507.179	2516.854	2506.074	2514.814	22236	0	159
2024.09.05	20:00:00	2514.857	2518.011	2514.802	2517.282	6583	0	159
2024.09.06	00:00:00	2517.277	2518.474	2513.047	2518.221	18792	0	159
2024.09.06	04:00:00	2518.257	2521.862	2516.302	2516.553	21453	0	159
2024.09.06	08:00:00	2516.516	2520.364	2514.669	2516.263	20927	0	159
2024.09.06	12:00:00	2516.302	2529.225	2500.403	2505.384	115926	0	159
2024.09.06	16:00:00	2505.362	2505.882	2485.064	2495.978	54120	0	159
2024.09.06	20:00:00	2495.939	2497.827	2494.738	2497.555	3872	0	159
2024.09.08	20:00:00	2497.038	2498.276	2495.508	2496.869	6152	0	159
2024.09.09	00:00:00	2496.871	2500.540	2494.711	2499.286	25639	0	159
2024.09.09	04:00:00	2499.250	2499.541	2485.503	2494.286	33567	0	159
2024.09.09	08:00:00	2494.311	2499.137	2489.940	2497.242	27702	0	159
2024.09.09	12:00:00	2497.287	2505.292	2493.231	2499.081	44375	0	159
2024.09.09	16:00:00	2499.107	2506.577	2499.107	2505.960	22610	0	159
2024.09.09	20:00:00	2505.921	2507.701	2505.221	2506.813	7025	0	159
2024.09.10	00:00:00	2506.815	2507.461	2501.370	2502.532	20848	0	159
2024.09.10	04:00:00	2502.500	2507.773	2500.736	2502.792	21446	0	159
2024.09.10	08:00:00	2502.749	2509.695	2500.052	2504.607	25356	0	159
2024.09.10	12:00:00	2504.575	2518.415	2500.854	2512.597	51639	0	159
2024.09.10	16:00:00	2512.770	2517.515	2510.693	2517.243	23218	0	159
2024.09.10	20:00:00	2517.211	2518.849	2515.750	2518.678	6471	0	159
2024.09.11	00:00:00	2518.638	2522.577	2514.940	2519.406	25488	0	159
2024.09.11	04:00:00	2519.426	2529.086	2518.521	2521.471	26730	0	159
2024.09.11	08:00:00	2521.437	2527.212	2519.760	2522.267	24356	0	159
2024.09.11	12:00:00	2522.227	2523.884	2500.844	2514.743	83232	0	159
2024.09.11	16:00:00	2514.712	2520.033	2509.781	2512.930	26824	0	159
2024.09.11	20:00:00	2512.904	2513.892	2511.270	2511.893	6762	0	159
2024.09.12	00:00:00	2511.901	2516.156	2510.973	2515.844	19221	0	159
2024.09.12	04:00:00	2515.880	2522.260	2514.445	2515.943	20558	0	159
2024.09.12	08:00:00	2515.906	2521.014	2512.961	2519.444	24074	0	159
2024.09.12	12:00:00	2519.485	2555.229	2518.862	2553.315	86204	0	159
2024.09.12	16:00:00	2553.279	2559.088	2544.870	2557.905	33538	0	159
2024.09.12	20:00:00	2557.870	2560.091	2556.739	2558.422	9496	0	159
2024.09.13	00:00:00	2558.419	2570.093	2556.780	2567.853	29578	0	159
2024.09.13	04:00:00	2567.922	2571.135	2563.068	2569.844	28690	0	159
2024.09.13	08:00:00	2569.840	2573.019	2563.654	2567.288	28541	0	159
2024.09.13	12:00:00	2567.323	2583.480	2566.033	2582.140	56636	0	159
2024.09.13	16:00:00	2582.175	2586.120	2578.591	2582.646	26077	0	159
2024.09.13	20:00:00	2582.612	2582.912	2577.704	2579.067	3420	0	159
2024.09.15	20:00:00	2578.456	2580.454	2577.582	2579.163	7256	0	159
2024.09.16	00:00:00	2579.170	2589.027	2578.887	2586.294	17150	0	159
2024.09.16	04:00:00	2586.335	2589.651	2579.452	2582.142	23119	0	159
2024.09.16	08:00:00	2582.122	2588.526	2575.285	2582.999	27346	0	159
2024.09.16	12:00:00	2582.966	2589.298	2576.057	2579.847	46604	0	159
2024.09.16	16:00:00	2579.881	2584.172	2579.524	2582.492	18864	0	159
2024.09.16	20:00:00	2582.557	2583.855	2581.809	2583.659	6363	0	159
2024.09.17	00:00:00	2583.683	2586.338	2576.771	2577.184	18561	0	159
2024.09.17	04:00:00	2577.178	2586.956	2574.530	2583.800	21579	0	159
2024.09.17	08:00:00	2583.761	2584.150	2569.679	2579.824	30581	0	159
2024.09.17	12:00:00	2579.834	2582.252	2561.719	2565.668	59196	0	159
2024.09.17	16:00:00	2565.692	2571.643	2560.661	2568.615	27653	0	159
2024.09.17	20:00:00	2568.640	2574.367	2568.287	2574.050	7349	0	159
2024.09.18	00:00:00	2574.019	2576.474	2570.016	2575.899	26180	0	159
2024.09.18	04:00:00	2575.923	2576.511	2565.681	2571.566	23033	0	159
2024.09.18	08:00:00	2571.643	2580.740	2567.962	2577.407	23519	0	159
2024.09.18	12:00:00	2577.454	2578.907	2567.965	2569.701	38411	0	159
2024.09.18	16:00:00	2569.731	2600.138	2546.828	2549.026	124416	0	159
2024.09.18	20:00:00	2548.981	2561.596	2548.301	2559.239	18593	0	159
2024.09.19	00:00:00	2559.239	2566.702	2550.894	2563.959	35525	0	159
2024.09.19	04:00:00	2564.002	2584.633	2559.564	2584.344	35047	0	159
2024.09.19	08:00:00	2584.361	2594.963	2581.336	2589.435	35292	0	159
2024.09.19	12:00:00	2589.399	2591.203	2569.753	2589.022	71088	0	159
2024.09.19	16:00:00	2589.062	2592.612	2585.927	2588.309	24408	0	159
2024.09.19	20:00:00	2588.355	2589.803	2585.876	2587.282	7655	0	159
2024.09.20	00:00:00	2587.254	2593.705	2584.714	2591.389	23784	0	159
2024.09.20	04:00:00	2591.397	2609.797	2591.258	2607.182	28187	0	159
2024.09.20	08:00:00	2607.158	2615.500	2602.460	2613.736	29449	0	159
2024.09.20	12:00:00	2613.697	2623.041	2602.515	2622.744	68613	0	159
2024.09.20	16:00:00	2622.762	2625.754	2617.834	2621.087	31785	0	159
2024.09.20	20:00:00	2621.129	2622.509	2619.100	2622.098	3387	0	159
2024.09.22	20:00:00	2620.944	2622.119	2619.625	2620.234	5590	0	160
2024.09.23	00:00:00	2620.202	2631.128	2616.017	2628.553	24228	0	159
2024.09.23	04:00:00	2628.558	2631.395	2613.799	2615.150	30283	0	159
2024.09.23	08:00:00	2615.113	2625.786	2614.564	2624.063	27340	0	159
2024.09.23	12:00:00	2624.056	2634.881	2619.993	2629.242	49966	0	159
2024.09.23	16:00:00	2629.201	2630.921	2625.665	2626.240	23793	0	159
2024.09.23	20:00:00	2626.283	2628.501	2625.814	2626.300	6387	0	159
2024.09.24	00:00:00	2626.295	2636.156	2623.720	2634.099	26494	0	159
2024.09.24	04:00:00	2634.090	2640.092	2622.524	2628.996	38909	0	159
2024.09.24	08:00:00	2629.005	2636.312	2623.339	2626.367	30084	0	159
2024.09.24	12:00:00	2626.411	2648.504	2623.463	2643.143	60521	0	159
2024.09.24	16:00:00	2643.153	2664.366	2642.350	2662.622	34491	0	159
2024.09.24	20:00:00	2662.588	2663.747	2656.417	2658.204	10837	0	159
2024.09.25	00:00:00	2658.163	2670.629	2655.427	2661.439	35904	0	159
2024.09.25	04:00:00	2661.485	2661.718	2651.377	2657.019	31497	0	159
2024.09.25	08:00:00	2657.025	2658.601	2652.726	2657.431	26634	0	159
2024.09.25	12:00:00	2657.380	2667.448	2654.155	2657.678	57704	0	159
2024.09.25	16:00:00	2657.652	2663.062	2649.566	2659.754	27531	0	159
2024.09.25	20:00:00	2659.802	2660.298	2656.203	2656.236	9003	0	159
2024.09.26	00:00:00	2656.359	2662.537	2655.281	2662.516	24557	0	159
2024.09.26	04:00:00	2662.545	2666.924	2657.930	2664.684	26489	0	159
2024.09.26	08:00:00	2664.650	2685.611	2664.603	2682.764	36289	0	159
2024.09.26	12:00:00	2682.797	2684.253	2654.717	2671.348	96436	0	159
2024.09.26	16:00:00	2671.396	2677.938	2662.946	2673.675	32697	0	159
2024.09.26	20:00:00	2673.715	2674.077	2670.830	2672.601	7405	0	159
2024.09.27	00:00:00	2672.610	2673.976	2666.190	2673.629	27861	0	159
2024.09.27	04:00:00	2673.649	2673.944	2660.890	2664.748	35699	0	159
2024.09.27	08:00:00	2664.701	2669.177	2658.284	2666.159	29558	0	159
2024.09.27	12:00:00	2666.125	2674.269	2644.705	2649.798	77126	0	159
2024.09.27	16:00:00	2649.751	2656.324	2642.994	2652.079	34787	0	159
2024.09.27	20:00:00	2652.036	2659.974	2651.126	2657.983	4320	0	159
2024.09.29	20:00:00	2661.714	2665.106	2659.762	2663.543	9820	0	159
2024.09.30	00:00:00	2663.580	2666.069	2647.264	2653.617	37880	0	159
2024.09.30	04:00:00	2653.573	2660.619	2650.630	2650.987	27579	0	159
2024.09.30	08:00:00	2650.950	2656.598	2634.410	2641.542	33567	0	159
2024.09.30	12:00:00	2641.523	2644.175	2628.658	2633.868	57961	0	159
2024.09.30	16:00:00	2633.874	2641.893	2624.679	2630.922	37889	0	159
2024.09.30	20:00:00	2630.963	2636.262	2630.713	2635.634	7915	0	159
2024.10.01	00:00:00	2635.660	2640.008	2633.911	2637.922	17651	0	159
2024.10.01	04:00:00	2637.955	2647.458	2637.406	2645.559	24217	0	159
2024.10.01	08:00:00	2645.593	2652.083	2642.437	2650.229	25512	0	159
2024.10.01	12:00:00	2650.269	2671.883	2648.010	2663.338	82041	0	159
2024.10.01	16:00:00	2663.303	2673.222	2657.549	2658.691	44729	0	159
2024.10.01	20:00:00	2658.730	2663.978	2657.837	2660.361	8013	0	159
2024.10.02	00:00:00	2660.390	2662.017	2655.079	2655.376	21199	0	159
2024.10.02	04:00:00	2655.351	2656.550	2644.495	2655.423	29665	0	159
2024.10.02	08:00:00	2655.482	2655.871	2647.941	2649.577	25832	0	159
2024.10.02	12:00:00	2649.619	2663.387	2641.038	2649.890	61679	0	159
2024.10.02	16:00:00	2649.918	2658.986	2647.113	2658.640	24068	0	159
2024.10.02	20:00:00	2658.622	2661.236	2658.265	2660.328	8371	0	159
2024.10.03	00:00:00	2660.299	2662.968	2653.273	2656.001	21734	0	159
2024.10.03	04:00:00	2655.966	2657.491	2643.491	2645.187	27229	0	159
2024.10.03	08:00:00	2645.206	2649.060	2640.958	2648.018	29276	0	159
2024.10.03	12:00:00	2647.984	2654.625	2637.964	2648.798	70618	0	159
2024.10.03	16:00:00	2648.842	2662.161	2648.490	2657.974	28552	0	159
2024.10.03	20:00:00	2658.009	2658.009	2654.319	2655.804	6948	0	159
2024.10.04	00:00:00	2655.800	2663.591	2655.453	2661.137	18848	0	159
2024.10.04	04:00:00	2661.128	2667.864	2658.703	2661.080	22720	0	159
2024.10.04	08:00:00	2661.050	2662.558	2656.783	2661.342	21845	0	159
2024.10.04	12:00:00	2661.319	2670.167	2632.031	2653.201	102598	0	159
2024.10.04	16:00:00	2653.227	2653.849	2641.813	2651.624	34300	0	159
2024.10.04	20:00:00	2651.657	2653.995	2649.836	2653.519	3385	0	159
2024.10.06	20:00:00	2651.575	2652.397	2649.675	2650.157	6825	0	159
2024.10.07	00:00:00	2650.103	2651.918	2643.788	2647.421	23524	0	159
2024.10.07	04:00:00	2647.399	2652.832	2639.587	2651.974	25455	0	159
2024.10.07	08:00:00	2652.016	2659.613	2650.597	2656.913	28131	0	159
2024.10.07	12:00:00	2656.949	2659.206	2637.728	2645.728	62667	0	159
2024.10.07	16:00:00	2645.687	2648.740	2639.686	2643.260	23844	0	159
2024.10.07	20:00:00	2643.224	2649.156	2641.761	2642.944	10066	0	159
2024.10.08	00:00:00	2642.962	2648.317	2633.723	2642.990	45113	0	159
2024.10.08	04:00:00	2642.922	2646.429	2631.076	2633.951	34000	0	159
2024.10.08	08:00:00	2633.965	2651.936	2628.487	2650.745	34334	0	159
2024.10.08	12:00:00	2650.739	2653.012	2604.686	2612.958	84549	0	159
2024.10.08	16:00:00	2613.025	2623.574	2605.443	2622.898	34636	0	159
2024.10.08	20:00:00	2622.930	2623.813	2618.811	2621.868	9273	0	159
2024.10.09	00:00:00	2621.868	2624.259	2614.848	2617.072	29202	0	159
2024.10.09	04:00:00	2617.035	2624.321	2609.139	2611.628	29888	0	159
2024.10.09	08:00:00	2611.669	2622.436	2610.405	2619.022	26553	0	159
2024.10.09	12:00:00	2619.061	2622.458	2605.189	2614.822	56755	0	159
2024.10.09	16:00:00	2614.861	2615.874	2605.116	2609.087	25556	0	159
2024.10.09	20:00:00	2609.138	2609.477	2606.882	2608.476	7200	0	159
2024.10.10	00:00:00	2608.438	2616.900	2605.904	2611.762	27955	0	159
2024.10.10	04:00:00	2611.724	2617.130	2610.202	2616.657	24396	0	159
2024.10.10	08:00:00	2616.695	2618.912	2611.280	2612.980	23213	0	159
2024.10.10	12:00:00	2613.013	2629.782	2602.260	2623.592	81095	0	159
2024.10.10	16:00:00	2623.619	2631.370	2616.442	2629.160	31405	0	159
2024.10.10	20:00:00	2629.135	2636.032	2628.071	2633.149	10124	0	159
2024.10.11	00:00:00	2633.161	2646.059	2631.952	2645.483	29068	0	159
2024.10.11	04:00:00	2645.510	2647.209	2638.037	2645.355	23562	0	159
2024.10.11	08:00:00	2645.317	2646.242	2636.127	2644.635	22407	0	159
2024.10.11	12:00:00	2644.599	2659.318	2640.610	2658.776	51294	0	159
2024.10.11	16:00:00	2658.784	2661.462	2655.240	2656.122	22451	0	159
2024.10.11	20:00:00	2656.160	2657.207	2654.668	2656.864	2826	0	160
2024.10.13	20:00:00	2650.086	2652.472	2646.866	2648.091	9811	0	159
2024.10.14	00:00:00	2648.131	2657.455	2643.075	2655.553	30705	0	159
2024.10.14	04:00:00	2655.553	2666.838	2655.194	2660.395	26004	0	159
2024.10.14	08:00:00	2660.396	2662.995	2650.987	2652.184	24395	0	159
2024.10.14	12:00:00	2652.174	2661.162	2643.940	2646.733	48419	0	159
2024.10.14	16:00:00	2646.795	2652.575	2645.745	2652.395	18332	0	159
2024.10.14	20:00:00	2652.437	2653.323	2646.075	2649.357	8168	0	159
2024.10.15	00:00:00	2649.419	2652.769	2644.449	2645.705	24251	0	159
2024.10.15	04:00:00	2645.743	2653.947	2637.975	2650.758	30720	0	159
2024.10.15	08:00:00	2650.740	2656.811	2645.596	2647.729	27032	0	159
2024.10.15	12:00:00	2647.726	2665.187	2646.047	2664.637	59459	0	159
2024.10.15	16:00:00	2664.673	2668.930	2658.959	2661.602	25970	0	159
2024.10.15	20:00:00	2661.640	2663.110	2660.269	2660.500	7151	0	159
2024.10.16	00:00:00	2660.498	2670.180	2658.722	2667.156	28452	0	159
2024.10.16	04:00:00	2667.120	2677.704	2665.548	2676.115	30667	0	159
2024.10.16	08:00:00	2676.113	2682.731	2672.922	2678.353	28118	0	159
2024.10.16	12:00:00	2678.312	2685.394	2667.541	2669.985	59703	0	159
2024.10.16	16:00:00	2669.943	2676.704	2666.650	2674.690	22537	0	159
2024.10.16	20:00:00	2674.735	2674.996	2673.078	2674.087	5934	0	159
2024.10.17	00:00:00	2674.122	2684.943	2674.069	2676.610	30714	0	159
2024.10.17	04:00:00	2676.663	2685.756	2676.396	2681.953	31912	0	159
2024.10.17	08:00:00	2681.981	2688.858	2676.949	2681.298	26156	0	159
2024.10.17	12:00:00	2681.258	2696.788	2673.155	2693.296	71024	0	159
2024.10.17	16:00:00	2693.365	2694.202	2683.959	2691.954	25851	0	159
2024.10.17	20:00:00	2692.006	2694.411	2690.967	2693.706	6025	0	160
2024.10.18	00:00:00	2693.669	2711.964	2692.732	2709.959	35092	0	159
2024.10.18	04:00:00	2709.944	2714.113	2702.208	2702.272	33029	0	159
2024.10.18	08:00:00	2702.281	2713.202	2701.682	2709.779	27915	0	159
2024.10.18	12:00:00	2709.808	2720.195	2704.921	2714.813	57734	0	159
2024.10.18	16:00:00	2714.846	2721.281	2713.576	2719.624	24988	0	159
2024.10.18	20:00:00	2719.665	2722.633	2719.181	2721.778	3655	0	159
2024.10.20	20:00:00	2723.092	2725.145	2720.179	2723.416	7434	0	159
2024.10.21	00:00:00	2723.457	2732.826	2721.040	2731.512	40030	0	159
2024.10.21	04:00:00	2731.514	2732.453	2723.554	2730.312	27587	0	159
2024.10.21	08:00:00	2730.322	2738.128	2727.758	2734.419	31350	0	159
2024.10.21	12:00:00	2734.458	2740.552	2716.833	2720.119	75017	0	159
2024.10.21	16:00:00	2720.093	2725.657	2714.204	2719.854	29207	0	159
2024.10.21	20:00:00	2719.810	2722.592	2718.707	2721.483	7816	0	159
2024.10.22	00:00:00	2721.483	2733.100	2720.633	2730.987	27143	0	159
2024.10.22	04:00:00	2730.969	2737.141	2729.015	2733.649	25267	0	159
2024.10.22	08:00:00	2733.617	2739.387	2729.436	2731.976	29662	0	159
2024.10.22	12:00:00	2732.010	2744.206	2731.501	2737.562	54779	0	159
2024.10.22	16:00:00	2737.521	2748.908	2737.144	2748.306	26135	0	159
2024.10.22	20:00:00	2748.354	2748.863	2745.829	2746.553	7380	0	159
2024.10.23	00:00:00	2746.557	2747.199	2737.743	2746.054	27033	0	159
2024.10.23	04:00:00	2746.054	2755.632	2745.347	2754.874	27585	0	159
2024.10.23	08:00:00	2754.913	2758.508	2749.134	2749.967	26550	0	159
2024.10.23	12:00:00	2749.932	2750.480	2708.630	2721.726	87060	0	159
2024.10.23	16:00:00	2721.692	2723.250	2711.933	2716.202	33633	0	159
2024.10.23	20:00:00	2716.236	2721.885	2714.143	2721.258	9390	0	159
2024.10.24	00:00:00	2721.219	2726.698	2717.752	2722.877	29662	0	159
2024.10.24	04:00:00	2722.882	2737.085	2722.805	2733.540	26678	0	159
2024.10.24	08:00:00	2733.613	2739.683	2732.482	2738.556	24514	0	159
2024.10.24	12:00:00	2738.464	2743.208	2722.364	2731.099	60809	0	159
2024.10.24	16:00:00	2731.091	2737.736	2725.694	2737.040	29915	0	159
2024.10.24	20:00:00	2737.073	2737.147	2733.630	2733.844	6713	0	159
2024.10.25	00:00:00	2733.885	2735.179	2724.356	2726.041	24902	0	159
2024.10.25	04:00:00	2726.077	2732.567	2723.863	2726.379	26168	0	159
2024.10.25	08:00:00	2726.464	2729.391	2716.956	2724.181	31037	0	159
2024.10.25	12:00:00	2724.208	2742.028	2723.205	2737.131	49498	0	159
2024.10.25	16:00:00	2737.093	2745.022	2733.858	2742.519	25011	0	159
2024.10.25	20:00:00	2742.561	2747.774	2742.469	2747.023	4206	0	159
2024.10.27	20:00:00	2733.443	2740.176	2730.340	2735.815	12778	0	159
2024.10.28	00:00:00	2735.783	2736.306	2724.631	2729.702	31077	0	159
2024.10.28	04:00:00	2729.681	2744.510	2729.093	2738.919	26064	0	159
2024.10.28	08:00:00	2738.926	2740.910	2727.802	2732.319	28658	0	159
2024.10.28	12:00:00	2732.312	2745.917	2731.171	2740.704	44117	0	159
2024.10.28	16:00:00	2740.671	2744.983	2739.985	2742.498	21351	0	159
2024.10.28	20:00:00	2742.464	2744.427	2739.786	2744.427	7496	0	159
2024.10.29	00:00:00	2744.379	2757.762	2743.203	2751.689	29353	0	159
2024.10.29	04:00:00	2751.680	2756.866	2748.898	2752.459	24963	0	159
2024.10.29	08:00:00	2752.499	2756.639	2746.227	2751.807	31154	0	159
2024.10.29	12:00:00	2751.806	2771.699	2748.142	2764.241	58358	0	159
2024.10.29	16:00:00	2764.219	2774.760	2764.065	2772.196	28753	0	159
2024.10.29	20:00:00	2772.165	2775.380	2771.821	2774.915	8007	0	159
2024.10.30	00:00:00	2774.943	2782.150	2774.778	2778.924	26974	0	159
2024.10.30	04:00:00	2778.930	2789.821	2777.406	2782.222	24517	0	159
2024.10.30	08:00:00	2782.257	2786.545	2778.213	2778.580	24871	0	159
2024.10.30	12:00:00	2778.556	2787.509	2770.804	2784.634	65962	0	159
2024.10.30	16:00:00	2784.675	2790.075	2782.967	2787.285	25087	0	159
2024.10.30	20:00:00	2787.333	2788.104	2784.777	2785.490	8683	0	159
2024.10.31	00:00:00	2785.489	2790.066	2783.554	2784.547	21426	0	159
2024.10.31	04:00:00	2784.598	2786.563	2777.999	2782.049	25484	0	159
2024.10.31	08:00:00	2782.027	2783.153	2773.252	2779.413	26338	0	159
2024.10.31	12:00:00	2779.414	2781.941	2731.515	2740.576	81896	0	159
2024.10.31	16:00:00	2740.617	2749.747	2738.004	2746.442	32847	0	159
2024.10.31	20:00:00	2746.471	2748.168	2743.269	2746.691	9590	0	159
2024.11.01	00:00:00	2746.672	2751.878	2744.782	2751.770	27201	0	159
2024.11.01	04:00:00	2751.728	2757.660	2747.039	2749.642	22826	0	159
2024.11.01	08:00:00	2749.627	2755.480	2744.818	2752.873	27163	0	159
2024.11.01	12:00:00	2752.899	2762.253	2739.674	2744.720	74606	0	159
2024.11.01	16:00:00	2744.706	2746.184	2733.113	2734.121	30972	0	159
2024.11.01	20:00:00	2734.077	2736.858	2733.266	2736.690	3638	0	159
2024.11.03	20:00:00	2732.846	2740.334	2732.568	2738.352	5442	0	159
2024.11.04	00:00:00	2738.379	2742.401	2735.343	2740.989	26851	0	159
2024.11.04	04:00:00	2740.952	2744.781	2735.070	2735.837	23518	0	159
2024.11.04	08:00:00	2735.806	2745.304	2731.807	2740.608	29092	0	159
2024.11.04	12:00:00	2740.554	2748.215	2737.633	2738.541	44838	0	159
2024.11.04	16:00:00	2738.511	2739.706	2731.742	2738.308	28755	0	159
2024.11.04	20:00:00	2738.241	2738.571	2736.001	2736.001	8940	0	159
2024.11.05	00:00:00	2736.048	2736.677	2724.695	2735.293	27252	0	159
2024.11.05	04:00:00	2735.240	2741.384	2731.651	2736.532	23095	0	159
2024.11.05	08:00:00	2736.492	2745.043	2732.090	2741.600	27019	0	159
2024.11.05	12:00:00	2741.697	2749.901	2732.921	2741.957	43384	0	159
2024.11.05	16:00:00	2742.001	2744.608	2736.343	2740.513	26405	0	159
2024.11.05	20:00:00	2740.549	2746.441	2739.617	2745.707	10267	0	159
2024.11.06	00:00:00	2745.684	2749.681	2730.639	2734.114	62644	0	159
2024.11.06	04:00:00	2734.126	2743.708	2701.319	2725.921	78315	0	159
2024.11.06	08:00:00	2725.870	2733.790	2696.018	2699.312	54369	0	159
2024.11.06	12:00:00	2699.272	2708.066	2652.335	2675.715	122017	0	159
2024.11.06	16:00:00	2675.752	2678.273	2661.563	2667.084	42785	0	159
2024.11.06	20:00:00	2667.057	2667.719	2658.958	2664.048	12995	0	159
2024.11.07	00:00:00	2664.035	2664.261	2643.214	2659.179	41850	0	159
2024.11.07	04:00:00	2659.199	2667.596	2652.794	2663.268	30988	0	159
2024.11.07	08:00:00	2663.349	2668.432	2657.381	2666.159	30348	0	159
2024.11.07	12:00:00	2666.266	2700.166	2664.276	2698.698	61964	0	159
2024.11.07	16:00:00	2698.687	2700.290	2687.476	2694.266	52380	0	159
2024.11.07	20:00:00	2694.308	2710.317	2692.850	2706.866	22088	0	159
2024.11.08	00:00:00	2706.870	2710.418	2694.034	2695.113	31599	0	159
2024.11.08	04:00:00	2695.104	2696.360	2680.286	2687.362	28827	0	159
2024.11.08	08:00:00	2687.395	2694.977	2681.933	2691.912	37350	0	159
2024.11.08	12:00:00	2691.937	2704.061	2683.379	2687.552	60370	0	159
2024.11.08	16:00:00	2687.503	2689.283	2682.837	2687.057	32098	0	159
2024.11.08	20:00:00	2687.023	2688.549	2682.936	2684.758	10759	0	159
2024.11.10	20:00:00	2683.161	2685.650	2681.526	2685.605	3710	0	159
2024.11.11	00:00:00	2685.638	2686.141	2666.444	2670.269	32774	0	159
2024.11.11	04:00:00	2670.272	2674.282	2666.910	2669.561	26203	0	159
2024.11.11	08:00:00	2669.516	2675.377	2658.928	2662.647	34716	0	159
2024.11.11	12:00:00	2662.672	2663.232	2613.390	2614.599	75339	0	159
2024.11.11	16:00:00	2614.558	2620.672	2610.530	2619.266	30796	0	159
2024.11.11	20:00:00	2619.291	2626.187	2619.233	2624.038	10883	0	159
2024.11.12	00:00:00	2624.026	2627.162	2618.717	2618.924	28404	0	159
2024.11.12	04:00:00	2618.875	2619.084	2595.148	2598.237	43180	0	159
2024.11.12	08:00:00	2598.273	2606.511	2589.596	2597.845	45559	0	159
2024.11.12	12:00:00	2597.820	2617.068	2597.387	2598.437	68147	0	159
2024.11.12	16:00:00	2598.479	2604.194	2592.430	2598.346	36827	0	159
2024.11.12	20:00:00	2597.256	2601.387	2595.106	2598.956	11171	0	159
2024.11.13	00:00:00	2599.011	2613.307	2598.002	2611.562	28720	0	159
2024.11.13	04:00:00	2611.579	2612.405	2603.490	2606.115	25149	0	159
2024.11.13	08:00:00	2606.166	2611.665	2601.031	2610.789	29151	0	159
2024.11.13	12:00:00	2610.826	2618.841	2593.548	2605.385	74593	0	159
2024.11.13	16:00:00	2605.341	2606.004	2577.507	2581.004	48398	0	159
2024.11.13	20:00:00	2580.971	2581.410	2569.214	2570.989	20847	0	159
2024.11.14	00:00:00	2571.012	2574.760	2558.875	2560.708	34153	0	159
2024.11.14	04:00:00	2560.718	2565.256	2550.361	2557.014	33102	0	159
2024.11.14	08:00:00	2556.972	2559.783	2536.755	2553.579	46057	0	159
2024.11.14	12:00:00	2553.621	2572.991	2550.036	2570.179	71241	0	159
2024.11.14	16:00:00	2570.203	2577.447	2567.086	2575.970	35232	0	159
2024.11.14	20:00:00	2575.981	2576.532	2563.866	2566.899	23457	0	159
2024.11.15	00:00:00	2566.888	2571.677	2563.027	2567.756	25386	0	159
2024.11.15	04:00:00	2567.719	2569.538	2554.385	2563.705	26201	0	159
2024.11.15	08:00:00	2563.692	2573.393	2560.846	2570.781	33445	0	159
2024.11.15	12:00:00	2570.800	2576.060	2561.197	2570.733	72473	0	159
2024.11.15	16:00:00	2570.742	2573.291	2559.421	2563.849	35447	0	159
2024.11.15	20:00:00	2563.849	2563.862	2559.758	2562.969	9831	0	159
2024.11.17	20:00:00	2568.027	2575.523	2568.027	2571.444	5700	0	159
2024.11.18	00:00:00	2571.403	2597.414	2569.866	2589.887	41772	0	159
2024.11.18	04:00:00	2589.903	2593.197	2580.420	2582.838	28045	0	159
2024.11.18	08:00:00	2582.796	2597.296	2582.007	2594.413	34605	0	159
2024.11.18	12:00:00	2594.322	2613.346	2590.358	2612.936	48703	0	159
2024.11.18	16:00:00	2612.972	2615.108	2607.333	2609.849	26970	0	159
2024.11.18	20:00:00	2609.805	2613.107	2608.192	2612.704	10626	0	159
2024.11.19	00:00:00	2612.731	2625.579	2611.057	2624.435	28328	0	159
2024.11.19	04:00:00	2624.456	2626.651	2617.650	2619.057	25824	0	159
2024.11.19	08:00:00	2619.021	2636.476	2618.674	2629.639	40568	0	159
2024.11.19	12:00:00	2629.667	2639.473	2620.912	2624.443	62968	0	159
2024.11.19	16:00:00	2624.478	2633.144	2622.295	2630.665	30897	0	159
2024.11.19	20:00:00	2630.714	2635.554	2630.414	2635.166	10898	0	159
2024.11.20	00:00:00	2635.157	2641.847	2634.686	2637.977	24686	0	159
2024.11.20	04:00:00	2638.012	2638.805	2621.232	2621.591	27496	0	159
2024.11.20	08:00:00	2621.555	2628.131	2618.864	2628.085	29879	0	159
2024.11.20	12:00:00	2628.123	2648.932	2627.065	2648.810	45054	0	159
2024.11.20	16:00:00	2648.808	2655.433	2645.357	2650.872	32621	0	159
2024.11.20	20:00:00	2650.841	2652.937	2647.270	2652.124	13106	0	159
2024.11.21	00:00:00	2652.153	2660.466	2650.325	2656.901	24817	0	159
2024.11.21	04:00:00	2656.873	2664.723	2654.620	2663.099	22980	0	159
2024.11.21	08:00:00	2663.060	2673.522	2662.009	2671.448	30286	0	159
2024.11.21	12:00:00	2671.491	2671.816	2660.354	2667.636	54486	0	159
2024.11.21	16:00:00	2667.674	2673.516	2661.306	2669.684	35104	0	159
2024.11.21	20:00:00	2669.718	2671.906	2668.058	2669.159	11997	0	159
2024.11.22	00:00:00	2669.127	2690.519	2668.853	2686.153	30085	0	159
2024.11.22	04:00:00	2686.186	2698.953	2682.969	2696.457	31169	0	159
2024.11.22	08:00:00	2696.488	2710.127	2693.554	2698.867	45240	0	159
2024.11.22	12:00:00	2698.826	2705.073	2684.404	2703.716	64469	0	159
2024.11.22	16:00:00	2703.738	2711.457	2700.807	2708.221	31745	0	159
2024.11.22	20:00:00	2708.180	2715.658	2705.085	2715.573	11590	0	159
2024.11.24	20:00:00	2711.186	2721.405	2710.748	2719.756	8450	0	159
2024.11.25	00:00:00	2719.719	2720.136	2658.997	2672.236	68050	0	159
2024.11.25	04:00:00	2672.191	2676.375	2658.188	2667.774	54497	0	159
2024.11.25	08:00:00	2667.809	2688.768	2667.098	2686.776	36830	0	159
2024.11.25	12:00:00	2686.806	2687.863	2626.221	2628.404	97066	0	159
2024.11.25	16:00:00	2628.435	2639.392	2615.519	2625.804	46628	0	159
2024.11.25	20:00:00	2625.830	2628.739	2605.112	2610.461	21720	0	159
2024.11.26	00:00:00	2610.527	2632.216	2608.451	2630.376	48571	0	159
2024.11.26	04:00:00	2630.336	2631.451	2610.831	2614.036	32355	0	159
2024.11.26	08:00:00	2614.070	2633.226	2612.417	2633.192	37926	0	159
2024.11.26	12:00:00	2633.249	2641.993	2616.664	2629.512	66484	0	159
2024.11.26	16:00:00	2629.510	2631.485	2619.498	2628.025	34259	0	159
2024.11.26	20:00:00	2628.065	2634.151	2627.429	2632.254	12170	0	159
2024.11.27	00:00:00	2632.253	2640.487	2627.017	2637.722	26767	0	159
2024.11.27	04:00:00	2637.728	2648.503	2636.555	2646.625	26398	0	159
2024.11.27	08:00:00	2646.540	2653.890	2643.187	2651.103	29716	0	159
2024.11.27	12:00:00	2651.115	2658.206	2635.528	2642.596	56723	0	159
2024.11.27	16:00:00	2642.651	2644.288	2633.693	2634.708	32511	0	159
2024.11.27	20:00:00	2634.755	2639.030	2634.222	2637.168	10234	0	159
2024.11.28	00:00:00	2637.063	2638.432	2620.844	2630.275	35981	0	159
2024.11.28	04:00:00	2630.286	2639.629	2629.305	2637.344	22449	0	159
2024.11.28	08:00:00	2637.275	2649.674	2635.668	2646.884	23702	0	159
2024.11.28	12:00:00	2646.881	2647.975	2636.215	2638.104	28628	0	159
2024.11.28	16:00:00	2638.070	2642.458	2637.502	2640.597	9109	0	159
2024.11.28	20:00:00	2638.680	2639.268	2637.144	2638.767	2370	0	160
2024.11.29	00:00:00	2638.726	2662.802	2633.969	2660.047	34686	0	159
2024.11.29	04:00:00	2660.020	2666.383	2658.323	2660.522	26069	0	159
2024.11.29	08:00:00	2660.557	2665.917	2654.471	2659.610	27685	0	159
2024.11.29	12:00:00	2659.651	2664.969	2650.537	2658.946	45763	0	159
2024.11.29	16:00:00	2659.002	2662.276	2655.230	2655.230	20070	0	159
2024.12.01	20:00:00	2649.054	2650.324	2643.053	2645.659	5596	0	159
2024.12.02	00:00:00	2645.756	2647.667	2622.897	2629.272	52637	0	159
2024.12.02	04:00:00	2629.235	2633.664	2621.838	2629.898	32638	0	159
2024.12.02	08:00:00	2629.859	2646.370	2626.514	2641.885	38229	0	159
2024.12.02	12:00:00	2641.837	2651.794	2637.048	2642.318	56306	0	159
2024.12.02	16:00:00	2642.359	2644.372	2633.546	2637.611	32839	0	159
2024.12.02	20:00:00	2637.577	2644.237	2635.267	2642.211	13771	0	159
2024.12.03	00:00:00	2642.228	2645.325	2634.033	2640.427	29934	0	159
2024.12.03	04:00:00	2640.441	2650.066	2637.080	2644.622	27138	0	159
2024.12.03	08:00:00	2644.597	2648.055	2639.169	2643.663	31283	0	159
2024.12.03	12:00:00	2643.671	2655.665	2635.181	2640.435	52975	0	159
2024.12.03	16:00:00	2640.444	2649.164	2638.837	2640.998	31745	0	159
2024.12.03	20:00:00	2640.937	2644.226	2640.626	2642.721	10228	0	159
2024.12.04	00:00:00	2642.725	2648.093	2637.626	2644.501	26526	0	159
2024.12.04	04:00:00	2644.480	2651.403	2640.334	2641.353	24334	0	159
2024.12.04	08:00:00	2641.321	2647.735	2636.590	2646.168	29554	0	159
2024.12.04	12:00:00	2646.203	2657.184	2632.330	2655.036	62383	0	159
2024.12.04	16:00:00	2654.984	2655.581	2646.825	2651.711	34293	0	159
2024.12.04	20:00:00	2651.679	2651.962	2648.066	2650.397	11155	0	159
2024.12.05	00:00:00	2650.404	2650.717	2644.575	2648.882	22616	0	159
2024.12.05	04:00:00	2648.866	2655.521	2645.325	2648.575	25349	0	159
2024.12.05	08:00:00	2648.622	2652.714	2641.821	2651.307	25210	0	159
2024.12.05	12:00:00	2651.351	2654.517	2631.775	2640.256	52132	0	159
2024.12.05	16:00:00	2640.271	2643.395	2623.444	2629.800	37841	0	159
2024.12.05	20:00:00	2629.774	2633.832	2627.936	2633.713	10560	0	159
2024.12.06	00:00:00	2633.721	2642.591	2612.931	2640.877	39595	0	159
2024.12.06	04:00:00	2640.875	2644.577	2635.313	2639.682	26991	0	159
2024.12.06	08:00:00	2639.655	2645.733	2632.344	2638.480	26394	0	159
2024.12.06	12:00:00	2638.401	2643.536	2624.022	2637.530	79096	0	159
2024.12.06	16:00:00	2637.563	2641.654	2632.930	2634.544	27807	0	159
2024.12.06	20:00:00	2634.661	2636.145	2630.872	2632.920	5061	0	468
2024.12.08	20:00:00	2642.962	2648.524	2636.316	2640.064	8041	0	159
2024.12.09	00:00:00	2640.064	2650.586	2627.461	2638.889	41935	0	159
2024.12.09	04:00:00	2638.842	2651.245	2634.553	2650.490	29865	0	159
2024.12.09	08:00:00	2650.523	2660.411	2646.094	2656.227	30086	0	159
2024.12.09	12:00:00	2656.184	2676.445	2653.342	2668.257	53412	0	159
2024.12.09	16:00:00	2668.221	2670.569	2658.859	2660.166	30195	0	159
2024.12.09	20:00:00	2660.205	2661.677	2656.649	2660.449	11452	0	159
2024.12.10	00:00:00	2660.489	2671.782	2657.958	2669.918	31883	0	159
2024.12.10	04:00:00	2669.942	2673.859	2663.632	2664.689	25167	0	159
2024.12.10	08:00:00	2664.615	2676.839	2661.123	2674.496	33625	0	159
2024.12.10	12:00:00	2674.539	2691.777	2672.308	2687.446	51038	0	159
2024.12.10	16:00:00	2687.446	2695.523	2684.553	2692.011	27834	0	159
2024.12.10	20:00:00	2691.976	2698.378	2690.877	2695.986	11183	0	159
2024.12.11	00:00:00	2695.911	2704.348	2692.287	2695.704	49396	0	159
2024.12.11	04:00:00	2695.647	2698.242	2675.566	2690.644	83494	0	159
2024.12.11	08:00:00	2690.435	2699.761	2686.211	2696.439	17750	0	145
2024.12.11	12:00:00	2696.560	2715.932	2690.660	2713.101	14564	0	167
2024.12.11	16:00:00	2713.213	2721.052	2711.186	2717.943	13297	0	167
2024.12.11	20:00:00	2718.147	2720.433	2716.054	2719.922	6712	0	159
2024.12.12	00:00:00	2719.984	2726.206	2700.251	2710.489	12012	0	159
2024.12.12	04:00:00	2710.508	2720.396	2709.689	2716.047	11359	0	159
2024.12.12	08:00:00	2716.219	2719.428	2707.310	2710.934	13539	0	159
2024.12.12	12:00:00	2710.997	2712.392	2675.077	2679.785	16904	0	159
2024.12.12	16:00:00	2679.597	2687.040	2677.248	2683.133	13117	0	159
2024.12.12	20:00:00	2683.187	2683.576	2679.455	2680.623	6834	0	159
2024.12.13	00:00:00	2680.617	2692.778	2678.871	2688.121	12460	0	159
2024.12.13	04:00:00	2687.967	2690.527	2681.111	2683.202	11930	0	159
2024.12.13	08:00:00	2682.994	2684.782	2664.390	2664.993	13274	0	159
2024.12.13	12:00:00	2664.800	2672.882	2654.563	2659.888	15012	0	159
2024.12.13	16:00:00	2659.826	2664.566	2652.134	2653.041	12333	0	159
2024.12.13	20:00:00	2652.973	2653.530	2646.046	2648.392	5303	0	159
2024.12.15	20:00:00	2649.414	2653.127	2648.793	2651.479	1933	0	159
2024.12.16	00:00:00	2651.484	2655.611	2643.520	2653.871	11538	0	159
2024.12.16	04:00:00	2653.874	2655.868	2649.545	2653.687	10615	0	159
2024.12.16	08:00:00	2653.536	2664.168	2652.310	2663.542	24269	0	80
2024.12.16	12:00:00	2663.579	2664.447	2650.833	2654.472	40265	0	159
2024.12.16	16:00:00	2654.438	2655.784	2648.507	2653.299	22766	0	159
2024.12.16	20:00:00	2653.258	2653.634	2651.460	2651.744	8901	0	159
2024.12.17	00:00:00	2651.762	2658.639	2651.121	2653.616	21592	0	159
2024.12.17	04:00:00	2653.578	2657.093	2646.417	2653.753	23145	0	159
2024.12.17	08:00:00	2653.727	2653.776	2636.207	2642.187	34976	0	159
2024.12.17	12:00:00	2642.208	2646.968	2632.966	2640.166	48261	0	159
2024.12.17	16:00:00	2640.241	2649.079	2636.629	2645.385	24343	0	159
2024.12.17	20:00:00	2645.427	2647.681	2643.083	2647.378	9053	0	159
2024.12.18	00:00:00	2647.365	2651.746	2645.229	2645.669	20933	0	159
2024.12.18	04:00:00	2645.632	2649.551	2642.692	2644.610	19892	0	159
2024.12.18	08:00:00	2644.585	2649.734	2642.074	2646.096	21448	0	159
2024.12.18	12:00:00	2646.112	2647.708	2633.694	2638.145	33582	0	159
2024.12.18	16:00:00	2638.109	2639.991	2604.020	2604.543	48176	0	159
2024.12.18	20:00:00	2604.581	2609.313	2583.393	2588.225	40626	0	159
2024.12.19	00:00:00	2588.256	2618.160	2587.957	2610.455	41736	0	159
2024.12.19	04:00:00	2610.479	2622.700	2603.297	2616.500	28785	0	159
2024.12.19	08:00:00	2616.543	2626.430	2613.213	2616.810	31561	0	159
2024.12.19	12:00:00	2616.771	2616.791	2586.951	2588.446	60177	0	159
2024.12.19	16:00:00	2588.422	2600.983	2587.134	2596.791	34219	0	159
2024.12.19	20:00:00	2596.832	2600.343	2592.307	2593.519	12270	0	159
2024.12.20	00:00:00	2593.496	2603.993	2589.593	2598.471	28998	0	159
2024.12.20	04:00:00	2598.467	2607.516	2596.422	2606.253	21703	0	159
2024.12.20	08:00:00	2606.297	2607.743	2600.041	2603.694	26077	0	159
2024.12.20	12:00:00	2603.668	2631.201	2600.340	2630.314	52544	0	159
2024.12.20	16:00:00	2630.351	2631.875	2622.142	2627.881	38375	0	159
2024.12.20	20:00:00	2627.845	2628.118	2619.202	2622.643	10931	0	64
2024.12.22	20:00:00	2623.329	2624.907	2621.731	2624.293	1858	0	159
2024.12.23	00:00:00	2624.399	2627.443	2617.499	2624.095	11171	0	159
2024.12.23	04:00:00	2624.118	2633.259	2623.863	2630.230	10461	0	64
2024.12.23	08:00:00	2630.184	2632.129	2612.959	2616.260	26232	0	159
2024.12.23	12:00:00	2616.292	2619.898	2609.214	2609.762	36771	0	159
2024.12.23	16:00:00	2609.798	2616.602	2608.117	2611.084	29851	0	159
2024.12.23	20:00:00	2611.129	2617.040	2609.147	2615.492	9381	0	159
2024.12.24	00:00:00	2615.546	2619.903	2613.501	2618.697	18421	0	159
2024.12.24	04:00:00	2618.729	2621.472	2616.422	2618.456	17699	0	159
2024.12.24	08:00:00	2618.519	2619.806	2612.406	2615.152	18362	0	159
2024.12.24	12:00:00	2615.199	2617.266	2610.019	2611.666	28436	0	159
2024.12.24	16:00:00	2611.710	2619.335	2611.492	2616.713	17928	0	159
2024.12.25	20:00:00	2615.621	2620.115	2615.371	2618.656	2408	0	160
2024.12.26	00:00:00	2618.647	2629.081	2618.611	2626.893	18353	0	159
2024.12.26	04:00:00	2626.893	2629.713	2623.597	2625.413	15746	0	159
2024.12.26	08:00:00	2625.398	2630.019	2625.111	2627.882	16234	0	159
2024.12.26	12:00:00	2627.855	2639.177	2621.718	2636.479	31090	0	159
2024.12.26	16:00:00	2636.527	2636.838	2627.885	2634.950	24427	0	159
2024.12.26	20:00:00	2634.873	2636.162	2624.659	2632.684	12217	0	159
2024.12.27	00:00:00	2632.689	2635.512	2628.886	2633.709	19876	0	159
2024.12.27	04:00:00	2633.744	2638.314	2631.256	2633.638	18814	0	159
2024.12.27	08:00:00	2633.599	2633.599	2623.452	2628.642	21112	0	159
2024.12.27	12:00:00	2628.638	2631.575	2611.579	2618.134	40799	0	159
2024.12.27	16:00:00	2618.174	2621.394	2614.083	2620.685	25134	0	159
2024.12.27	20:00:00	2620.719	2621.980	2612.712	2621.623	9798	0	159
2024.12.29	20:00:00	2621.977	2626.159	2621.632	2624.035	4007	0	159
2024.12.30	00:00:00	2624.080	2628.111	2621.453	2626.579	20526	0	159
2024.12.30	04:00:00	2626.567	2626.567	2615.813	2616.784	19129	0	159
2024.12.30	08:00:00	2616.758	2618.710	2609.092	2616.332	23493	0	159
2024.12.30	12:00:00	2616.332	2622.609	2599.597	2601.599	41084	0	159
2024.12.30	16:00:00	2601.613	2608.390	2596.048	2607.122	27637	0	159
2024.12.30	20:00:00	2607.169	2609.533	2603.860	2606.677	9466	0	159
2024.12.31	00:00:00	2606.717	2611.606	2603.506	2604.613	16529	0	159
2024.12.31	04:00:00	2604.612	2614.143	2602.591	2613.694	17709	0	159
2024.12.31	08:00:00	2613.735	2617.796	2609.714	2611.051	20682	0	159
2024.12.31	12:00:00	2611.016	2626.638	2605.304	2625.656	35140	0	159
2024.12.31	16:00:00	2625.632	2627.541	2622.165	2623.872	26082	0	159
2024.12.31	20:00:00	2623.840	2625.002	2622.190	2624.381	6128	0	159
2025.01.01	20:00:00	2625.179	2625.839	2621.669	2623.766	3104	0	159
2025.01.02	00:00:00	2623.798	2636.540	2622.754	2633.644	25865	0	159
2025.01.02	04:00:00	2633.633	2636.492	2631.050	2635.915	17573	0	159
2025.01.02	08:00:00	2635.953	2646.379	2631.096	2641.976	27581	0	159
2025.01.02	12:00:00	2641.977	2655.876	2636.046	2654.110	46695	0	159
2025.01.02	16:00:00	2654.062	2660.457	2650.035	2654.740	32311	0	159
2025.01.02	20:00:00	2654.775	2660.463	2654.151	2658.327	11216	0	159
2025.01.03	00:00:00	2658.328	2665.253	2656.109	2662.288	22339	0	159
2025.01.03	04:00:00	2662.255	2664.409	2651.924	2654.195	19289	0	159
2025.01.03	08:00:00	2654.164	2659.258	2649.890	2658.361	20853	0	159
2025.01.03	12:00:00	2657.003	2657.461	2640.927	2643.842	37853	0	159
2025.01.03	16:00:00	2643.812	2647.264	2638.954	2639.430	25215	0	159
2025.01.03	20:00:00	2639.398	2640.740	2636.623	2640.370	7936	0	159
2025.01.05	20:00:00	2639.644	2642.398	2639.644	2641.063	3233	0	160
2025.01.06	00:00:00	2641.098	2647.426	2638.596	2640.190	23592	0	159
2025.01.06	04:00:00	2640.203	2640.824	2625.058	2626.922	25072	0	159
2025.01.06	08:00:00	2626.852	2649.515	2625.764	2645.588	32048	0	159
2025.01.06	12:00:00	2645.553	2648.848	2614.423	2634.392	76180	0	159
2025.01.06	16:00:00	2634.425	2641.378	2632.506	2634.376	28707	0	159
2025.01.06	20:00:00	2634.410	2637.130	2633.132	2634.676	9178	0	159
2025.01.07	00:00:00	2634.625	2641.146	2632.918	2639.563	19313	0	159
2025.01.07	04:00:00	2639.560	2646.757	2637.020	2640.487	20110	0	159
2025.01.07	08:00:00	2640.444	2648.689	2640.043	2648.389	20889	0	159
2025.01.07	12:00:00	2648.348	2664.264	2641.885	2647.700	58120	0	159
2025.01.07	16:00:00	2647.611	2656.021	2646.383	2649.246	41310	0	159
2025.01.07	20:00:00	2649.294	2651.487	2647.173	2649.807	11111	0	159
2025.01.08	00:00:00	2649.817	2651.512	2645.569	2646.752	18990	0	159
2025.01.08	04:00:00	2646.728	2654.452	2645.202	2652.619	17544	0	159
2025.01.08	08:00:00	2652.651	2655.158	2647.576	2650.919	23396	0	159
2025.01.08	12:00:00	2650.830	2667.835	2645.847	2665.818	50255	0	159
2025.01.08	16:00:00	2665.840	2670.053	2649.388	2658.333	38664	0	159
2025.01.08	20:00:00	2658.366	2664.059	2658.276	2662.507	13637	0	159
2025.01.09	00:00:00	2662.526	2662.850	2656.241	2659.369	17650	0	159
2025.01.09	04:00:00	2659.335	2666.973	2655.437	2662.450	18713	0	159
2025.01.09	08:00:00	2662.418	2673.299	2660.468	2670.266	27408	0	159
2025.01.09	12:00:00	2670.249	2678.334	2667.196	2668.326	36002	0	159
2025.01.09	16:00:00	2668.320	2672.510	2662.644	2670.190	27874	0	159
2025.01.09	20:00:00	2670.154	2671.332	2668.492	2669.951	8288	0	159
2025.01.10	00:00:00	2669.958	2674.771	2668.973	2673.658	18528	0	159
2025.01.10	04:00:00	2673.631	2678.769	2671.588	2676.146	19605	0	159
2025.01.10	08:00:00	2676.181	2683.088	2675.713	2681.402	31104	0	159
2025.01.10	12:00:00	2681.363	2698.026	2663.994	2692.651	119939	0	159
2025.01.10	16:00:00	2692.614	2697.953	2684.546	2685.855	67798	0	159
2025.01.10	20:00:00	2685.890	2693.773	2684.478	2689.589	16885	0	159
2025.01.12	20:00:00	2689.769	2691.373	2687.578	2691.105	5108	0	159
2025.01.13	00:00:00	2691.128	2693.368	2679.294	2687.897	37467	0	159
2025.01.13	04:00:00	2687.934	2691.323	2683.285	2685.102	36353	0	159
2025.01.13	08:00:00	2685.074	2689.770	2675.449	2675.952	48643	0	159
2025.01.13	12:00:00	2675.911	2677.164	2661.092	2661.867	88967	0	159
2025.01.13	16:00:00	2661.792	2668.000	2656.768	2658.898	39418	0	159
2025.01.13	20:00:00	2658.959	2669.455	2658.734	2668.058	12738	0	159
2025.01.14	00:00:00	2667.976	2672.307	2666.397	2669.780	29901	0	159
2025.01.14	04:00:00	2669.818	2675.370	2667.145	2669.154	27782	0	159
2025.01.14	08:00:00	2669.196	2674.455	2664.453	2669.331	32445	0	159
2025.01.14	12:00:00	2669.287	2674.425	2659.773	2671.779	63748	0	159
2025.01.14	16:00:00	2671.826	2676.308	2666.677	2674.245	34389	0	159
2025.01.14	20:00:00	2674.209	2678.276	2671.826	2675.589	13354	0	159
2025.01.15	00:00:00	2675.580	2676.321	2669.391	2676.091	18779	0	159
2025.01.15	04:00:00	2676.052	2684.033	2674.183	2681.313	22676	0	159
2025.01.15	08:00:00	2681.357	2689.064	2681.152	2686.779	33016	0	159
2025.01.15	12:00:00	2686.748	2696.056	2676.640	2678.475	89183	0	159
2025.01.15	16:00:00	2678.512	2695.127	2676.925	2694.181	42420	0	159
2025.01.15	20:00:00	2694.142	2697.970	2693.239	2694.963	13130	0	159
2025.01.16	00:00:00	2694.980	2702.200	2692.857	2697.193	35118	0	159
2025.01.16	04:00:00	2697.145	2699.964	2689.907	2698.271	26716	0	159
2025.01.16	08:00:00	2698.313	2711.175	2697.129	2706.412	36033	0	159
2025.01.16	12:00:00	2706.416	2719.718	2700.071	2716.874	86610	0	159
2025.01.16	16:00:00	2716.930	2724.735	2714.637	2715.346	47624	0	159
2025.01.16	20:00:00	2715.368	2717.033	2712.401	2714.578	12937	0	159
2025.01.17	00:00:00	2714.624	2717.346	2709.834	2715.433	25830	0	159
2025.01.17	04:00:00	2715.476	2716.515	2708.585	2710.521	27829	0	159
2025.01.17	08:00:00	2710.577	2712.991	2702.831	2708.041	31159	0	159
2025.01.17	12:00:00	2708.002	2715.141	2702.728	2714.243	50822	0	159
2025.01.17	16:00:00	2714.256	2717.261	2702.880	2703.175	22183	0	159
2025.01.17	20:00:00	2703.189	2704.088	2699.242	2702.879	7295	0	159
2025.01.19	20:00:00	2702.629	2703.084	2691.530	2696.424	4800	0	159
2025.01.20	00:00:00	2696.424	2703.950	2689.355	2703.554	21557	0	159
2025.01.20	04:00:00	2703.559	2713.766	2702.279	2703.592	18148	0	159
2025.01.20	08:00:00	2703.571	2712.478	2703.009	2708.337	19753	0	159
2025.01.20	12:00:00	2708.297	2711.908	2701.979	2707.065	55334	0	159
2025.01.20	16:00:00	2707.063	2711.161	2703.148	2709.059	25837	0	159
2025.01.20	20:00:00	2708.347	2711.005	2706.593	2710.445	2930	0	159
2025.01.21	00:00:00	2710.433	2726.946	2702.797	2724.196	33854	0	159
2025.01.21	04:00:00	2724.221	2732.830	2722.695	2729.729	24420	0	159
2025.01.21	08:00:00	2729.701	2730.072	2716.509	2723.998	34579	0	159
2025.01.21	12:00:00	2723.989	2740.384	2722.031	2738.776	40850	0	159
2025.01.21	16:00:00	2738.792	2745.963	2737.814	2742.838	23478	0	159
2025.01.21	20:00:00	2742.819	2745.863	2740.084	2744.259	12487	0	159
2025.01.22	00:00:00	2744.309	2751.085	2742.713	2750.266	32877	0	159
2025.01.22	04:00:00	2750.238	2758.831	2745.549	2748.781	36504	0	159
2025.01.22	08:00:00	2748.818	2763.461	2746.770	2756.534	38309	0	159
2025.01.22	12:00:00	2756.572	2761.606	2750.329	2759.351	69084	0	159
2025.01.22	16:00:00	2759.389	2760.270	2754.885	2755.309	32282	0	159
2025.01.22	20:00:00	2755.269	2757.127	2753.880	2755.583	11988	0	159
2025.01.23	00:00:00	2755.563	2756.300	2749.503	2749.972	30265	0	159
2025.01.23	04:00:00	2750.023	2755.564	2749.772	2752.683	31155	0	159
2025.01.23	08:00:00	2752.735	2754.789	2740.844	2751.898	38782	0	159
2025.01.23	12:00:00	2751.873	2753.386	2735.833	2746.424	76078	0	159
2025.01.23	16:00:00	2746.351	2758.962	2744.220	2754.173	43284	0	159
2025.01.23	20:00:00	2754.130	2755.636	2751.306	2754.543	15431	0	159
2025.01.24	00:00:00	2754.546	2777.446	2754.329	2772.308	43082	0	159
2025.01.24	04:00:00	2772.280	2778.363	2770.527	2772.675	39090	0	159
2025.01.24	08:00:00	2772.716	2780.193	2769.954	2776.617	35615	0	159
2025.01.24	12:00:00	2776.712	2786.013	2773.723	2775.973	58235	0	159
2025.01.24	16:00:00	2775.918	2777.564	2769.894	2774.628	36543	0	159
2025.01.24	20:00:00	2774.643	2774.798	2770.457	2771.079	9531	0	159
2025.01.26	20:00:00	2765.650	2769.721	2765.185	2767.553	8221	0	159
2025.01.27	00:00:00	2767.554	2772.541	2753.871	2761.117	45515	0	159
2025.01.27	04:00:00	2761.066	2761.075	2747.189	2749.478	39633	0	159
2025.01.27	08:00:00	2749.436	2772.078	2749.291	2771.244	57095	0	159
2025.01.27	12:00:00	2771.300	2771.626	2739.499	2742.084	70837	0	159
2025.01.27	16:00:00	2742.052	2743.173	2730.452	2739.328	49984	0	159
2025.01.27	20:00:00	2739.353	2745.325	2738.147	2741.710	16496	0	159
2025.01.28	00:00:00	2741.743	2745.332	2737.815	2738.804	29950	0	159
2025.01.28	04:00:00	2738.807	2744.894	2738.330	2738.910	30113	0	159
2025.01.28	08:00:00	2738.936	2745.172	2734.766	2742.793	39124	0	159
2025.01.28	12:00:00	2742.709	2757.204	2741.156	2755.330	53757	0	159
2025.01.28	16:00:00	2755.325	2764.997	2755.245	2764.828	39561	0	159
2025.01.28	20:00:00	2764.788	2765.069	2762.391	2762.720	12367	0	159
2025.01.29	00:00:00	2762.714	2766.271	2762.234	2762.774	22818	0	159
2025.01.29	04:00:00	2762.766	2764.356	2757.414	2759.074	28745	0	159
2025.01.29	08:00:00	2759.118	2766.077	2757.026	2758.994	34610	0	159
2025.01.29	12:00:00	2758.956	2761.100	2748.254	2754.110	61696	0	159
2025.01.29	16:00:00	2754.150	2757.888	2744.754	2755.218	54958	0	159
2025.01.29	20:00:00	2755.180	2760.685	2752.745	2760.289	22714	0	159
2025.01.30	00:00:00	2760.229	2762.577	2758.921	2761.735	21995	0	159
2025.01.30	04:00:00	2761.699	2769.528	2758.633	2769.119	23722	0	159
2025.01.30	08:00:00	2769.133	2779.432	2768.322	2777.699	28228	0	159
2025.01.30	12:00:00	2777.686	2796.778	2776.061	2795.411	70460	0	159
2025.01.30	16:00:00	2795.388	2798.505	2788.797	2793.363	59721	0	159
2025.01.30	20:00:00	2793.343	2798.476	2790.749	2796.146	30154	0	159
2025.01.31	00:00:00	2796.183	2799.658	2794.411	2796.453	29041	0	159
2025.01.31	04:00:00	2796.412	2801.072	2792.103	2798.232	32255	0	159
2025.01.31	08:00:00	2798.205	2800.867	2791.025	2800.195	40747	0	159
2025.01.31	12:00:00	2800.165	2817.244	2799.964	2809.230	70232	0	159
2025.01.31	16:00:00	2809.129	2816.293	2795.250	2796.260	92415	0	159
2025.01.31	20:00:00	2796.303	2802.565	2794.062	2799.348	29715	0	159
2025.02.02	20:00:00	2801.018	2804.653	2784.276	2793.709	36931	0	159
2025.02.03	00:00:00	2793.726	2796.498	2772.153	2774.454	89213	0	159
2025.02.03	04:00:00	2774.457	2789.864	2774.192	2789.280	58352	0	159
2025.02.03	08:00:00	2789.320	2804.308	2786.965	2801.120	54391	0	159
2025.02.03	12:00:00	2801.165	2830.637	2800.430	2817.460	103834	0	159
2025.02.03	16:00:00	2817.427	2825.321	2812.788	2818.272	62367	0	159
2025.02.03	20:00:00	2818.246	2819.504	2811.892	2814.027	23887	0	159
2025.02.04	00:00:00	2813.989	2824.730	2812.646	2821.399	39582	0	159
2025.02.04	04:00:00	2821.329	2821.476	2807.196	2812.711	57772	0	159
2025.02.04	08:00:00	2812.756	2821.885	2810.102	2815.448	55473	0	159
2025.02.04	12:00:00	2815.438	2845.508	2814.435	2835.918	93784	0	159
2025.02.04	16:00:00	2835.859	2845.011	2832.455	2843.053	49344	0	159
2025.02.04	20:00:00	2843.088	2844.894	2840.382	2841.210	15861	0	159
2025.02.05	00:00:00	2841.264	2854.325	2839.680	2852.333	51760	0	159
2025.02.05	04:00:00	2852.339	2864.210	2851.834	2864.170	34041	0	159
2025.02.05	08:00:00	2864.129	2877.119	2863.526	2868.662	40986	0	159
2025.02.05	12:00:00	2868.617	2882.448	2858.594	2880.227	78640	0	159
2025.02.05	16:00:00	2880.267	2881.223	2862.671	2863.476	63032	0	159
2025.02.05	20:00:00	2863.490	2870.989	2859.878	2869.283	21861	0	159
2025.02.06	00:00:00	2869.276	2873.331	2863.666	2869.409	41567	0	159
2025.02.06	04:00:00	2869.333	2872.370	2854.943	2855.841	42796	0	159
2025.02.06	08:00:00	2855.802	2867.346	2848.836	2865.968	54285	0	159
2025.02.06	12:00:00	2865.962	2870.316	2834.051	2850.599	92584	0	159
2025.02.06	16:00:00	2850.559	2854.747	2848.031	2853.742	43569	0	159
2025.02.06	20:00:00	2853.787	2858.779	2853.571	2857.996	14594	0	159
2025.02.07	00:00:00	2857.990	2870.649	2857.709	2867.200	31128	0	159
2025.02.07	04:00:00	2867.153	2869.619	2858.943	2864.218	32189	0	159
2025.02.07	08:00:00	2864.272	2870.660	2863.210	2867.627	38576	0	159
2025.02.07	12:00:00	2867.692	2886.772	2852.449	2880.332	93185	0	159
2025.02.07	16:00:00	2880.357	2881.542	2853.322	2860.150	64097	0	159
2025.02.07	20:00:00	2860.114	2863.778	2859.375	2861.010	13866	0	159
2025.02.09	20:00:00	2861.269	2870.590	2860.136	2867.495	7915	0	159
2025.02.10	00:00:00	2867.539	2876.611	2865.830	2875.572	38038	0	159
2025.02.10	04:00:00	2875.545	2896.601	2874.317	2895.472	37864	0	159
2025.02.10	08:00:00	2895.432	2906.267	2892.213	2904.533	47902	0	159
2025.02.10	12:00:00	2904.528	2912.062	2896.260	2908.930	76224	0	159
2025.02.10	16:00:00	2908.977	2910.318	2896.632	2904.363	38460	0	159
2025.02.10	20:00:00	2904.369	2921.675	2902.880	2917.847	20737	0	159
2025.02.11	00:00:00	2917.894	2942.682	2905.397	2919.716	82238	0	159
2025.02.11	04:00:00	2919.751	2929.446	2907.124	2913.392	54642	0	159
2025.02.11	08:00:00	2913.318	2915.303	2901.864	2903.981	61692	0	159
2025.02.11	12:00:00	2904.016	2906.538	2881.751	2904.794	103932	0	159
2025.02.11	16:00:00	2904.834	2908.689	2899.562	2900.082	41887	0	159
2025.02.11	20:00:00	2900.085	2900.906	2894.018	2898.536	16705	0	159
2025.02.12	00:00:00	2898.562	2898.827	2883.760	2889.001	46585	0	159
2025.02.12	04:00:00	2888.998	2895.847	2883.637	2892.773	38166	0	159
2025.02.12	08:00:00	2892.810	2894.144	2879.317	2879.730	37653	0	159
2025.02.12	12:00:00	2879.811	2898.014	2864.107	2894.553	90271	0	159
2025.02.12	16:00:00	2894.513	2909.267	2892.062	2897.905	42488	0	159
2025.02.12	20:00:00	2897.936	2906.403	2895.517	2905.781	14215	0	159
2025.02.13	00:00:00	2905.756	2918.169	2901.437	2916.439	33796	0	159
2025.02.13	04:00:00	2916.491	2922.801	2912.531	2914.569	35168	0	159
2025.02.13	08:00:00	2914.607	2919.489	2909.464	2917.873	39511	0	159
2025.02.13	12:00:00	2917.909	2921.385	2905.762	2920.155	67505	0	159
2025.02.13	16:00:00	2920.266	2927.402	2912.887	2926.812	36577	0	159
2025.02.13	20:00:00	2926.825	2932.484	2924.878	2931.217	15402	0	159
2025.02.14	00:00:00	2931.192	2933.879	2923.164	2924.330	33503	0	159
2025.02.14	04:00:00	2924.295	2936.842	2923.762	2931.853	36338	0	159
2025.02.14	08:00:00	2931.810	2940.005	2929.246	2931.181	38878	0	159
2025.02.14	12:00:00	2931.136	2933.357	2892.870	2901.939	105369	0	159
2025.02.14	16:00:00	2901.827	2903.915	2878.691	2880.499	61645	0	159
2025.02.14	20:00:00	2880.468	2886.209	2876.991	2882.772	14432	0	159
2025.02.16	20:00:00	2893.643	2894.033	2878.430	2879.221	15842	0	159
2025.02.17	00:00:00	2879.254	2904.593	2879.254	2903.603	37313	0	159
2025.02.17	04:00:00	2903.553	2905.407	2888.211	2902.526	34114	0	159
2025.02.17	08:00:00	2902.491	2906.455	2895.044	2900.992	38937	0	159
2025.02.17	12:00:00	2901.007	2904.199	2895.464	2899.211	43298	0	159
2025.02.17	16:00:00	2899.310	2901.340	2896.488	2897.392	18029	0	159
2025.02.17	20:00:00	2899.102	2899.482	2897.106	2899.373	2050	0	159
2025.02.18	00:00:00	2899.325	2910.866	2892.003	2909.016	25925	0	159
2025.02.18	04:00:00	2908.996	2915.629	2907.173	2911.501	25659	0	159
2025.02.18	08:00:00	2911.591	2914.886	2907.069	2914.159	25742	0	159
2025.02.18	12:00:00	2914.213	2929.609	2912.078	2927.020	46520	0	159
2025.02.18	16:00:00	2926.986	2936.994	2924.215	2935.821	32489	0	159
2025.02.18	20:00:00	2935.832	2936.787	2932.393	2934.061	10906	0	159
2025.02.19	00:00:00	2934.059	2939.635	2924.030	2928.825	28177	0	159
2025.02.19	04:00:00	2928.828	2935.887	2926.487	2934.250	24544	0	159
2025.02.19	08:00:00	2934.210	2947.041	2933.743	2935.087	32008	0	159
2025.02.19	12:00:00	2935.059	2941.610	2925.483	2925.722	55359	0	159
2025.02.19	16:00:00	2925.757	2932.329	2918.524	2931.754	42349	0	159
2025.02.19	20:00:00	2931.715	2937.461	2931.290	2935.384	13134	0	159
2025.02.20	00:00:00	2935.386	2944.083	2933.855	2941.913	28719	0	159
2025.02.20	04:00:00	2941.933	2954.216	2939.267	2948.894	22971	0	159
2025.02.20	08:00:00	2948.966	2954.975	2947.172	2948.768	27432	0	159
2025.02.20	12:00:00	2948.743	2950.788	2924.114	2938.545	65629	0	159
2025.02.20	16:00:00	2938.503	2946.996	2933.572	2937.922	35574	0	159
2025.02.20	20:00:00	2938.034	2943.402	2935.526	2941.530	13797	0	159
2025.02.21	00:00:00	2941.570	2949.741	2926.286	2931.262	43502	0	159
2025.02.21	04:00:00	2931.262	2934.039	2924.186	2930.070	30540	0	159
2025.02.21	08:00:00	2930.014	2936.127	2916.682	2928.376	30316	0	159
2025.02.21	12:00:00	2928.411	2939.091	2921.547	2928.696	52018	0	159
2025.02.21	16:00:00	2928.647	2942.804	2927.325	2933.398	32836	0	159
2025.02.21	20:00:00	2933.374	2938.227	2932.159	2936.453	11565	0	159
2025.02.23	20:00:00	2939.411	2940.533	2936.498	2936.867	6017	0	159
2025.02.24	00:00:00	2936.863	2944.839	2921.316	2941.104	51053	0	159
2025.02.24	04:00:00	2941.133	2945.004	2935.236	2943.809	29625	0	159
2025.02.24	08:00:00	2943.850	2948.737	2934.892	2947.786	29238	0	159
2025.02.24	12:00:00	2947.709	2956.229	2930.634	2936.524	55895	0	159
2025.02.24	16:00:00	2936.500	2949.902	2936.475	2949.156	30332	0	159
2025.02.24	20:00:00	2949.214	2953.898	2947.038	2949.996	13640	0	159
2025.02.25	00:00:00	2949.957	2952.552	2937.535	2939.513	29789	0	159
2025.02.25	04:00:00	2939.562	2940.964	2930.539	2931.691	28619	0	159
2025.02.25	08:00:00	2931.762	2942.424	2929.515	2938.626	28467	0	159
2025.02.25	12:00:00	2938.679	2944.949	2900.498	2905.866	85062	0	159
2025.02.25	16:00:00	2905.892	2913.899	2888.229	2912.051	56173	0	159
2025.02.25	20:00:00	2912.074	2919.051	2910.817	2918.604	16542	0	159
2025.02.26	00:00:00	2918.631	2930.162	2914.770	2917.295	31047	0	159
2025.02.26	04:00:00	2917.264	2921.026	2905.857	2915.529	27063	0	159
2025.02.26	08:00:00	2915.504	2918.966	2909.518	2913.815	27338	0	159
2025.02.26	12:00:00	2913.776	2915.471	2890.669	2913.199	61095	0	159
2025.02.26	16:00:00	2913.246	2916.683	2909.924	2913.934	33371	0	159
2025.02.26	20:00:00	2913.921	2920.792	2911.996	2919.118	12475	0	159
2025.02.27	00:00:00	2919.176	2919.176	2904.353	2905.729	29349	0	159
2025.02.27	04:00:00	2905.768	2906.555	2887.924	2891.988	43154	0	159
2025.02.27	08:00:00	2891.944	2894.979	2876.950	2883.947	43601	0	159
2025.02.27	12:00:00	2884.054	2892.452	2867.721	2872.392	86952	0	159
2025.02.27	16:00:00	2872.359	2887.717	2871.818	2879.210	41231	0	159
2025.02.27	20:00:00	2879.248	2879.338	2871.328	2876.063	21615	0	159
2025.02.28	00:00:00	2876.069	2885.034	2863.681	2865.751	38126	0	159
2025.02.28	04:00:00	2865.731	2867.011	2856.949	2858.678	40348	0	159
2025.02.28	08:00:00	2858.639	2864.924	2851.057	2862.174	31909	0	159
2025.02.28	12:00:00	2862.216	2864.990	2832.578	2850.170	74795	0	159
2025.02.28	16:00:00	2850.193	2853.908	2838.071	2849.607	46224	0	159
2025.02.28	20:00:00	2849.554	2859.697	2847.790	2858.242	13068	0	159
2025.03.02	20:00:00	2873.556	2876.984	2863.968	2870.799	14001	0	159
2025.03.03	00:00:00	2870.866	2872.055	2859.251	2864.788	36121	0	159
2025.03.03	04:00:00	2864.850	2868.540	2860.093	2863.208	24727	0	159
2025.03.03	08:00:00	2863.264	2875.413	2858.830	2874.408	30760	0	159
2025.03.03	12:00:00	2874.381	2890.608	2868.834	2887.771	55037	0	159
2025.03.03	16:00:00	2887.862	2893.153	2879.723	2881.612	37421	0	159
2025.03.03	20:00:00	2881.655	2895.267	2878.303	2890.886	21214	0	159
2025.03.04	00:00:00	2890.863	2893.734	2881.878	2888.606	30418	0	159
2025.03.04	04:00:00	2888.570	2901.480	2884.391	2899.923	29094	0	159
2025.03.04	08:00:00	2899.908	2921.773	2896.707	2919.938	38789	0	159
2025.03.04	12:00:00	2920.020	2927.891	2900.310	2906.102	70766	0	159
2025.03.04	16:00:00	2906.087	2916.501	2903.694	2916.089	37259	0	159
2025.03.04	20:00:00	2916.049	2920.537	2913.269	2914.363	16626	0	159
2025.03.05	00:00:00	2914.366	2917.176	2902.124	2908.743	42863	0	159
2025.03.05	04:00:00	2908.714	2921.627	2908.546	2917.989	30868	0	159
2025.03.05	08:00:00	2917.947	2922.531	2909.010	2913.227	38027	0	159
2025.03.05	12:00:00	2913.278	2923.778	2894.303	2917.198	87340	0	159
2025.03.05	16:00:00	2917.157	2930.042	2911.220	2920.551	51459	0	159
2025.03.05	20:00:00	2920.512	2923.143	2916.711	2918.236	14177	0	159
2025.03.06	00:00:00	2918.237	2926.584	2915.884	2921.261	26145	0	159
2025.03.06	04:00:00	2921.227	2923.067	2909.788	2910.137	30522	0	159
2025.03.06	08:00:00	2910.180	2911.530	2891.159	2905.714	49626	0	159
2025.03.06	12:00:00	2905.760	2922.764	2899.230	2914.497	70922	0	159
2025.03.06	16:00:00	2914.530	2921.403	2912.337	2914.040	38760	0	159
2025.03.06	20:00:00	2914.013	2916.625	2908.377	2910.354	16906	0	159
2025.03.07	00:00:00	2910.298	2910.326	2896.669	2905.338	47741	0	159
2025.03.07	04:00:00	2905.263	2917.279	2904.747	2917.098	31889	0	159
2025.03.07	08:00:00	2917.138	2922.977	2915.246	2918.700	34222	0	159
2025.03.07	12:00:00	2918.796	2930.525	2903.570	2915.819	90186	0	159
2025.03.07	16:00:00	2915.783	2919.451	2901.860	2905.229	57789	0	159
2025.03.07	20:00:00	2905.199	2912.651	2904.716	2911.256	10883	0	159
2025.03.09	20:00:00	2912.347	2917.025	2909.608	2916.189	10290	0	159
2025.03.10	00:00:00	2916.190	2918.312	2908.128	2910.943	35718	0	159
2025.03.10	04:00:00	2910.982	2915.417	2904.252	2908.444	27463	0	159
2025.03.10	08:00:00	2908.386	2915.447	2895.606	2904.027	51470	0	159
2025.03.10	12:00:00	2904.029	2910.619	2897.652	2904.451	77944	0	159
2025.03.10	16:00:00	2904.492	2906.865	2880.166	2885.470	55145	0	159
2025.03.10	20:00:00	2885.449	2890.163	2882.332	2884.685	12050	0	159
2025.03.11	00:00:00	2884.724	2900.456	2880.165	2896.910	37494	0	159
2025.03.11	04:00:00	2896.910	2903.531	2892.680	2901.009	30169	0	159
2025.03.11	08:00:00	2901.052	2915.416	2900.402	2913.668	28208	0	159
2025.03.11	12:00:00	2913.651	2922.262	2906.789	2916.875	56680	0	159
2025.03.11	16:00:00	2916.833	2921.385	2914.071	2918.403	28476	0	159
2025.03.11	20:00:00	2918.365	2919.589	2914.420	2915.551	9943	0	159
2025.03.12	00:00:00	2915.589	2920.020	2910.838	2914.941	23654	0	159
2025.03.12	04:00:00	2914.977	2921.105	2908.904	2914.462	28215	0	159
2025.03.12	08:00:00	2914.427	2925.372	2912.638	2915.304	32476	0	159
2025.03.12	12:00:00	2915.308	2929.444	2905.970	2928.355	66264	0	159
2025.03.12	16:00:00	2928.457	2940.617	2927.890	2931.322	40105	0	159
2025.03.12	20:00:00	2931.289	2939.353	2930.831	2938.039	11170	0	159
2025.03.13	00:00:00	2938.025	2947.152	2936.439	2945.636	24250	0	159
2025.03.13	04:00:00	2945.601	2946.163	2932.920	2935.252	25456	0	159
2025.03.13	08:00:00	2935.287	2948.885	2934.764	2946.333	27181	0	159
2025.03.13	12:00:00	2946.371	2978.486	2938.935	2977.772	73258	0	159
2025.03.13	16:00:00	2977.797	2985.474	2976.363	2982.946	44802	0	159
2025.03.13	20:00:00	2982.973	2989.943	2981.256	2986.435	12983	0	159
2025.03.14	00:00:00	2986.473	2992.956	2981.717	2992.626	34444	0	159
2025.03.14	04:00:00	2992.597	2993.928	2980.838	2986.892	29286	0	159
2025.03.14	08:00:00	2986.921	3004.919	2985.200	2993.503	36434	0	159
2025.03.14	12:00:00	2993.477	2999.673	2978.396	2984.607	69150	0	159
2025.03.14	16:00:00	2984.569	2990.429	2982.140	2984.005	27453	0	159
2025.03.14	20:00:00	2983.985	2988.812	2981.677	2986.370	3456	0	159
2025.03.16	20:00:00	2987.601	2994.118	2986.054	2990.061	7869	0	159
2025.03.17	00:00:00	2989.965	2993.097	2985.220	2986.917	24416	0	159
2025.03.17	04:00:00	2986.943	2990.735	2982.158	2985.538	19465	0	159
2025.03.17	08:00:00	2985.506	3001.217	2983.028	2997.475	22020	0	159
2025.03.17	12:00:00	2997.515	3000.512	2984.720	2997.123	52878	0	159
2025.03.17	16:00:00	2997.169	3000.838	2993.027	3000.173	23586	0	159
2025.03.17	20:00:00	3000.210	3002.783	2999.583	2999.831	7168	0	159
2025.03.18	00:00:00	2999.803	3015.054	2999.490	3011.333	28020	0	159
2025.03.18	04:00:00	3011.340	3018.955	3006.066	3016.416	26818	0	159
2025.03.18	08:00:00	3016.460	3029.533	3016.330	3026.839	28746	0	159
2025.03.18	12:00:00	3026.842	3038.334	3024.720	3031.758	60163	0	159
2025.03.18	16:00:00	3031.719	3037.933	3029.748	3035.615	26584	0	159
2025.03.18	20:00:00	3035.643	3035.974	3031.512	3031.774	7864	0	159
2025.03.19	00:00:00	3031.801	3039.029	3027.320	3036.325	20202	0	159
2025.03.19	04:00:00	3036.291	3045.362	3034.256	3035.896	31318	0	159
2025.03.19	08:00:00	3035.949	3039.974	3022.738	3038.946	28237	0	159
2025.03.19	12:00:00	3038.955	3041.152	3025.869	3031.458	42479	0	159
2025.03.19	16:00:00	3031.482	3051.982	3029.363	3047.858	44232	0	159
2025.03.19	20:00:00	3047.818	3051.335	3044.205	3050.026	10349	0	159
2025.03.20	00:00:00	3050.023	3056.177	3045.018	3049.964	34911	0	159
2025.03.20	04:00:00	3050.068	3057.484	3041.780	3042.287	32513	0	159
2025.03.20	08:00:00	3042.229	3046.254	3025.636	3034.433	40467	0	159
2025.03.20	12:00:00	3034.467	3042.329	3029.883	3040.765	50206	0	159
2025.03.20	16:00:00	3040.802	3046.094	3033.884	3044.602	28100	0	159
2025.03.20	20:00:00	3044.561	3046.598	3043.503	3046.409	7016	0	159
2025.03.21	00:00:00	3046.335	3047.435	3029.974	3030.585	25618	0	159
2025.03.21	04:00:00	3030.539	3033.939	3021.553	3031.927	27897	0	159
2025.03.21	08:00:00	3031.991	3037.670	3027.061	3034.332	28007	0	159
2025.03.21	12:00:00	3034.382	3038.128	2999.385	3011.072	78185	0	159
2025.03.21	16:00:00	3011.037	3022.022	3010.660	3020.001	30114	0	159
2025.03.21	20:00:00	3020.037	3024.274	3019.974	3023.493	3767	0	159
2025.03.23	20:00:00	3023.441	3026.324	3022.143	3024.721	6789	0	159
2025.03.24	00:00:00	3024.709	3025.648	3013.646	3016.963	31911	0	159
2025.03.24	04:00:00	3017.002	3028.912	3016.524	3022.361	24550	0	159
2025.03.24	08:00:00	3022.329	3033.208	3021.839	3024.642	29514	0	159
2025.03.24	12:00:00	3024.602	3028.633	3005.745	3014.036	51225	0	159
2025.03.24	16:00:00	3013.997	3015.662	3002.466	3006.133	30551	0	159
2025.03.24	20:00:00	3006.096	3014.630	3005.559	3009.910	8762	0	159
2025.03.25	00:00:00	3009.945	3016.222	3007.523	3015.248	21469	0	159
2025.03.25	04:00:00	3015.284	3020.988	3010.521	3011.130	20150	0	159
2025.03.25	08:00:00	3011.151	3026.436	3010.681	3020.775	25577	0	159
2025.03.25	12:00:00	3020.738	3035.987	3014.108	3021.561	51496	0	159
2025.03.25	16:00:00	3021.592	3025.544	3017.721	3019.590	23097	0	159
2025.03.25	20:00:00	3019.616	3022.478	3018.767	3021.041	6379	0	159
2025.03.26	00:00:00	3021.037	3027.135	3016.394	3017.616	26367	0	159
2025.03.26	04:00:00	3017.545	3030.788	3013.218	3030.471	24939	0	159
2025.03.26	08:00:00	3030.509	3032.042	3016.886	3027.595	26101	0	159
2025.03.26	12:00:00	3027.540	3029.958	3012.325	3015.878	41778	0	159
2025.03.26	16:00:00	3015.911	3020.861	3015.158	3017.342	23327	0	159
2025.03.26	20:00:00	3017.367	3021.848	3017.162	3021.623	11609	0	159
2025.03.27	00:00:00	3021.563	3034.286	3021.522	3033.568	26116	0	159
2025.03.27	04:00:00	3033.610	3038.607	3026.675	3035.850	31977	0	159
2025.03.27	08:00:00	3035.827	3055.898	3033.759	3054.566	37317	0	159
2025.03.27	12:00:00	3054.548	3059.885	3033.421	3052.206	72073	0	159
2025.03.27	16:00:00	3052.123	3057.831	3047.801	3057.468	33115	0	159
2025.03.27	20:00:00	3057.438	3057.637	3054.138	3055.710	8365	0	159
2025.03.28	00:00:00	3055.726	3077.570	3054.993	3075.326	35005	0	159
2025.03.28	04:00:00	3075.250	3085.992	3072.446	3079.348	29590	0	159
2025.03.28	08:00:00	3079.302	3081.231	3066.153	3076.372	31268	0	159
2025.03.28	12:00:00	3076.344	3086.766	3067.255	3083.741	80565	0	159
2025.03.28	16:00:00	3083.695	3086.742	3073.488	3080.734	32780	0	159
2025.03.28	20:00:00	3080.809	3085.955	3080.809	3085.002	4567	0	159
2025.03.30	20:00:00	3092.531	3097.861	3087.793	3089.213	13206	0	159
2025.03.31	00:00:00	3089.159	3111.676	3076.841	3107.127	59074	0	159
2025.03.31	04:00:00	3107.072	3128.165	3105.913	3124.523	47499	0	159
2025.03.31	08:00:00	3124.477	3127.156	3111.829	3119.480	38616	0	159
2025.03.31	12:00:00	3119.471	3127.237	3099.753	3113.807	89001	0	159
2025.03.31	16:00:00	3113.847	3124.613	3111.565	3124.360	32452	0	159
2025.03.31	20:00:00	3124.320	3126.465	3120.024	3120.581	9913	0	159
2025.04.01	00:00:00	3120.561	3147.383	3120.227	3146.028	49666	0	159
2025.04.01	04:00:00	3146.000	3149.059	3124.073	3127.638	55574	0	159
2025.04.01	08:00:00	3127.594	3138.997	3126.392	3130.319	35957	0	159
2025.04.01	12:00:00	3130.354	3137.103	3113.376	3113.725	73442	0	159
2025.04.01	16:00:00	3113.690	3119.013	3100.761	3118.723	45242	0	159
2025.04.01	20:00:00	3118.681	3120.839	3107.742	3115.168	12592	0	159
2025.04.02	00:00:00	3115.160	3135.703	3112.970	3125.489	43300	0	159
2025.04.02	04:00:00	3125.458	3126.779	3108.623	3125.314	37970	0	159
2025.04.02	08:00:00	3125.275	3133.878	3110.052	3121.298	40362	0	159
2025.04.02	12:00:00	3121.242	3132.156	3116.597	3125.883	57564	0	159
2025.04.02	16:00:00	3125.837	3134.396	3118.666	3124.398	34980	0	159
2025.04.02	20:00:00	3124.364	3167.792	3104.742	3162.712	105277	0	159
2025.04.03	00:00:00	3162.550	3164.781	3140.717	3148.066	100816	0	159
2025.04.03	04:00:00	3148.020	3149.676	3116.392	3128.957	76077	0	159
2025.04.03	08:00:00	3129.011	3132.019	3085.048	3093.188	87951	0	159
2025.04.03	12:00:00	3093.193	3135.570	3054.052	3110.521	167914	0	159
2025.04.03	16:00:00	3110.556	3114.282	3099.949	3107.592	47720	0	159
2025.04.03	20:00:00	3107.567	3119.962	3107.200	3112.884	17498	0	159
2025.04.04	00:00:00	3112.908	3115.818	3086.989	3098.481	53648	0	159
2025.04.04	04:00:00	3098.435	3109.960	3091.993	3092.850	50027	0	159
2025.04.04	08:00:00	3092.883	3136.756	3078.420	3110.239	109509	0	159
2025.04.04	12:00:00	3110.248	3111.860	3016.939	3021.951	204572	0	159
2025.04.04	16:00:00	3021.908	3040.925	3015.593	3036.427	89705	0	159
2025.04.04	20:00:00	3036.464	3040.940	3033.840	3038.506	9000	0	159
2025.04.06	20:00:00	3028.686	3032.445	2977.024	2999.944	46385	0	159
2025.04.07	00:00:00	2999.954	3055.804	2970.689	3018.926	170000	0	159
2025.04.07	04:00:00	3018.957	3044.629	3013.200	3018.569	101836	0	159
2025.04.07	08:00:00	3018.536	3046.148	3017.685	3031.270	90876	0	159
2025.04.07	12:00:00	3031.296	3038.037	2979.754	2987.544	205235	0	159
2025.04.07	16:00:00	2987.452	2987.862	2956.374	2976.636	94713	0	159
2025.04.07	20:00:00	2976.590	2988.669	2969.890	2981.328	22723	0	159
2025.04.08	00:00:00	2981.363	3004.876	2980.306	2994.741	69723	0	159
2025.04.08	04:00:00	2994.716	3015.779	2990.880	3003.607	62643	0	159
2025.04.08	08:00:00	3003.579	3019.502	2994.793	3017.379	42559	0	159
2025.04.08	12:00:00	3017.467	3022.746	3001.241	3001.545	79386	0	159
2025.04.08	16:00:00	3001.596	3001.596	2974.596	2984.959	56690	0	159
2025.04.08	20:00:00	2984.996	2990.888	2969.978	2978.367	21815	0	159
2025.04.09	00:00:00	2978.398	3011.281	2972.468	3004.464	78555	0	159
2025.04.09	04:00:00	3004.464	3052.375	2999.507	3041.091	76689	0	159
2025.04.09	08:00:00	3041.050	3068.110	3036.074	3066.596	65584	0	159
2025.04.09	12:00:00	3066.641	3087.773	3042.626	3086.288	100272	0	159
2025.04.09	16:00:00	3086.330	3099.673	3048.521	3093.574	109909	0	159
2025.04.09	20:00:00	3093.620	3095.551	3071.426	3086.784	26797	0	159
2025.04.10	00:00:00	3086.745	3131.828	3078.433	3125.408	77871	0	159
2025.04.10	04:00:00	3125.386	3132.616	3106.551	3108.703	49212	0	159
2025.04.10	08:00:00	3108.704	3125.650	3103.182	3124.648	48184	0	159
2025.04.10	12:00:00	3124.677	3174.993	3116.011	3157.981	100522	0	159
2025.04.10	16:00:00	3157.950	3176.415	3151.517	3170.773	59488	0	159
2025.04.10	20:00:00	3170.749	3191.341	3168.437	3188.972	23582	0	159
2025.04.11	00:00:00	3188.993	3220.137	3184.783	3217.686	85378	0	159
2025.04.11	04:00:00	3217.693	3219.286	3187.170	3212.406	73412	0	159
2025.04.11	08:00:00	3212.430	3237.840	3208.511	3213.872	73628	0	159
2025.04.11	12:00:00	3213.910	3244.158	3211.033	3240.577	96936	0	159
2025.04.11	16:00:00	3240.602	3245.436	3219.561	3231.084	48778	0	159
2025.04.11	20:00:00	3231.057	3238.974	3230.864	3237.519	5151	0	159
2025.04.13	20:00:00	3220.460	3224.786	3213.589	3223.733	19646	0	159
2025.04.14	00:00:00	3223.699	3245.757	3215.380	3232.444	54686	0	159
2025.04.14	04:00:00	3232.445	3238.198	3221.410	3228.013	39560	0	159
2025.04.14	08:00:00	3227.973	3231.724	3206.301	3223.359	51895	0	159
2025.04.14	12:00:00	3223.332	3227.712	3193.552	3198.051	76368	0	159
2025.04.14	16:00:00	3198.089	3216.602	3197.637	3212.699	32585	0	159
2025.04.14	20:00:00	3212.745	3215.225	3207.342	3212.626	11441	0	159
2025.04.15	00:00:00	3212.601	3228.936	3210.002	3228.304	34967	0	159
2025.04.15	04:00:00	3228.345	3232.704	3217.361	3225.671	31292	0	159
2025.04.15	08:00:00	3225.623	3232.171	3216.804	3220.164	31509	0	159
2025.04.15	12:00:00	3220.192	3226.933	3211.555	3221.371	47768	0	159
2025.04.15	16:00:00	3221.394	3231.877	3219.486	3229.793	21559	0	159
2025.04.15	20:00:00	3229.860	3251.826	3226.453	3251.780	17803	0	159
2025.04.16	00:00:00	3251.804	3281.750	3251.590	3281.401	54566	0	159
2025.04.16	04:00:00	3281.401	3300.663	3269.307	3300.434	44786	0	159
2025.04.16	08:00:00	3300.386	3317.821	3288.550	3306.842	58295	0	159
2025.04.16	12:00:00	3306.798	3328.141	3296.871	3325.328	72929	0	159
2025.04.16	16:00:00	3325.216	3342.462	3321.409	3336.694	42353	0	159
2025.04.16	20:00:00	3336.720	3357.738	3334.437	3350.133	22450	0	159
2025.04.17	00:00:00	3350.168	3356.316	3320.801	3344.538	74993	0	159
2025.04.17	04:00:00	3344.490	3345.445	3314.279	3323.323	51780	0	159
2025.04.17	08:00:00	3323.360	3334.181	3312.683	3327.371	39110	0	159
2025.04.17	12:00:00	3327.322	3342.409	3283.827	3296.431	99852	0	159
2025.04.17	16:00:00	3296.335	3322.478	3294.904	3320.747	37736	0	159
2025.04.17	20:00:00	3320.691	3328.838	3317.996	3327.671	5307	0	159
2025.04.20	20:00:00	3331.849	3353.127	3331.312	3348.078	23641	0	159
2025.04.21	00:00:00	3348.119	3385.229	3347.487	3382.472	60049	0	159
2025.04.21	04:00:00	3382.465	3396.018	3369.595	3385.121	45504	0	159
2025.04.21	08:00:00	3385.031	3405.924	3383.647	3404.443	38948	0	159
2025.04.21	12:00:00	3404.543	3430.240	3397.966	3422.941	84749	0	159
2025.04.21	16:00:00	3422.897	3430.547	3405.988	3423.431	40381	0	159
2025.04.21	20:00:00	3423.458	3444.257	3419.628	3434.548	26831	0	159
2025.04.22	00:00:00	3434.524	3494.843	3412.180	3487.776	94720	0	159
2025.04.22	04:00:00	3487.894	3500.033	3460.861	3468.670	92161	0	159
2025.04.22	08:00:00	3468.634	3472.689	3443.151	3456.715	68472	0	159
2025.04.22	12:00:00	3456.706	3464.829	3408.591	3417.729	127173	0	159
2025.04.22	16:00:00	3417.678	3421.075	3366.745	3374.789	110191	0	159
2025.04.22	20:00:00	3374.818	3382.727	3315.828	3336.561	54163	0	159
2025.04.23	00:00:00	3336.607	3386.644	3329.160	3338.878	114650	0	159
2025.04.23	04:00:00	3338.956	3349.383	3291.789	3319.130	91288	0	159
2025.04.23	08:00:00	3319.185	3340.577	3305.439	3324.594	58654	0	159
2025.04.23	12:00:00	3324.677	3333.343	3260.042	3280.424	150582	0	159
2025.04.23	16:00:00	3280.386	3305.553	3277.824	3293.916	55667	0	159
2025.04.23	20:00:00	3293.943	3316.882	3283.903	3316.384	23643	0	159
2025.04.24	00:00:00	3316.351	3367.502	3313.286	3327.074	97844	0	159
2025.04.24	04:00:00	3326.931	3339.837	3314.775	3333.586	61370	0	159
2025.04.24	08:00:00	3333.792	3343.988	3325.428	3336.917	44801	0	159
2025.04.24	12:00:00	3336.948	3344.719	3306.739	3329.391	84187	0	159
2025.04.24	16:00:00	3329.365	3347.026	3322.437	3342.226	35478	0	159
2025.04.24	20:00:00	3342.266	3370.789	3338.128	3348.976	26719	0	159
2025.04.25	00:00:00	3348.948	3363.154	3322.653	3323.655	58394	0	159
2025.04.25	04:00:00	3323.681	3327.775	3287.021	3307.449	81216	0	159
2025.04.25	08:00:00	3307.408	3308.792	3287.911	3293.455	49009	0	159
2025.04.25	12:00:00	3293.426	3303.054	3265.000	3282.898	87887	0	159
2025.04.25	16:00:00	3282.885	3312.399	3280.372	3304.818	36980	0	159
2025.04.25	20:00:00	3304.856	3319.226	3304.569	3318.798	7471	0	159
2025.04.27	20:00:00	3325.640	3330.215	3298.606	3302.739	25669	0	159
2025.04.28	00:00:00	3302.745	3315.965	3268.047	3290.902	77642	0	159
2025.04.28	04:00:00	3290.894	3301.054	3277.686	3287.445	46448	0	159
2025.04.28	08:00:00	3287.401	3297.230	3273.268	3294.176	38889	0	159
2025.04.28	12:00:00	3294.297	3336.044	3286.851	3325.005	78610	0	159
2025.04.28	16:00:00	3325.050	3353.005	3324.496	3352.076	41071	0	159
2025.04.28	20:00:00	3352.107	3352.380	3332.318	3337.682	24070	0	159
2025.04.29	00:00:00	3337.643	3340.061	3308.016	3316.030	59114	0	159
2025.04.29	04:00:00	3316.057	3323.895	3305.084	3323.042	39202	0	159
2025.04.29	08:00:00	3323.066	3324.923	3306.159	3309.416	33207	0	159
2025.04.29	12:00:00	3309.349	3321.302	3299.649	3312.455	75154	0	159
2025.04.29	16:00:00	3312.477	3329.981	3312.156	3320.535	34993	0	159
2025.04.29	20:00:00	3320.510	3323.514	3310.949	3317.122	15523	0	159
2025.04.30	00:00:00	3317.122	3327.982	3303.739	3304.753	42939	0	159
2025.04.30	04:00:00	3304.765	3314.658	3301.333	3307.203	31461	0	159
2025.04.30	08:00:00	3307.242	3307.708	3268.285	3272.115	49547	0	159
2025.04.30	12:00:00	3272.307	3319.789	3266.901	3307.955	103022	0	159
2025.04.30	16:00:00	3308.004	3314.279	3292.053	3295.826	38564	0	159
2025.04.30	20:00:00	3295.854	3297.968	3269.738	3272.887	31843	0	159
2025.05.01	00:00:00	3272.922	3276.329	3228.894	3229.493	75177	0	159
2025.05.01	04:00:00	3229.496	3243.197	3221.228	3230.192	51818	0	159
2025.05.01	08:00:00	3230.149	3236.722	3203.334	3205.502	41209	0	159
2025.05.01	12:00:00	3205.465	3233.320	3201.862	3216.414	92346	0	159
2025.05.01	16:00:00	3216.437	3229.732	3208.917	3228.250	35948	0	159
2025.05.01	20:00:00	3228.223	3243.463	3228.039	3237.253	21870	0	159
2025.05.02	00:00:00	3237.291	3258.758	3227.533	3254.941	44891	0	159
2025.05.02	04:00:00	3255.020	3263.339	3246.327	3258.895	36519	0	159
2025.05.02	08:00:00	3258.920	3269.242	3255.161	3262.698	36478	0	159
2025.05.02	12:00:00	3262.684	3264.934	3230.262	3231.601	100265	0	159
2025.05.02	16:00:00	3231.604	3239.868	3222.721	3233.555	56114	0	159
2025.05.02	20:00:00	3233.581	3241.232	3232.659	3240.947	5889	0	159
2025.05.04	20:00:00	3238.490	3252.300	3237.562	3247.922	17229	0	159
2025.05.05	00:00:00	3247.969	3272.376	3241.180	3254.585	48275	0	159
2025.05.05	04:00:00	3254.517	3267.748	3253.616	3264.760	37481	0	159
2025.05.05	08:00:00	3264.797	3318.985	3263.060	3312.919	52928	0	159
2025.05.05	12:00:00	3312.861	3328.838	3309.006	3312.065	65040	0	159
2025.05.05	16:00:00	3312.028	3337.678	3305.577	3328.793	39954	0	159
2025.05.05	20:00:00	3328.760	3338.019	3327.401	3334.031	19332	0	159
2025.05.06	00:00:00	3334.038	3387.027	3323.139	3360.401	97662	0	159
2025.05.06	04:00:00	3360.330	3379.589	3350.192	3371.200	54022	0	159
2025.05.06	08:00:00	3371.313	3385.084	3368.547	3379.104	44752	0	159
2025.05.06	12:00:00	3379.195	3399.889	3373.128	3395.098	72707	0	159
2025.05.06	16:00:00	3395.083	3424.094	3394.673	3423.168	41770	0	159
2025.05.06	20:00:00	3423.139	3435.016	3376.840	3400.680	64694	0	159
2025.05.07	00:00:00	3400.723	3401.666	3360.068	3375.541	98924	0	159
2025.05.07	04:00:00	3375.495	3397.425	3374.962	3388.029	46254	0	159
2025.05.07	08:00:00	3387.971	3393.387	3369.161	3387.083	45552	0	159
2025.05.07	12:00:00	3387.055	3398.139	3375.662	3385.270	69067	0	159
2025.05.07	16:00:00	3385.224	3398.028	3363.692	3371.904	75607	0	159
2025.05.07	20:00:00	3371.961	3377.185	3363.733	3376.488	21249	0	159
2025.05.08	00:00:00	3376.515	3414.851	3373.803	3396.864	65591	0	159
2025.05.08	04:00:00	3396.825	3399.409	3320.271	3342.884	92269	0	159
2025.05.08	08:00:00	3342.882	3346.695	3330.390	3344.381	46330	0	159
2025.05.08	12:00:00	3344.311	3369.562	3326.804	3330.509	86811	0	159
2025.05.08	16:00:00	3330.470	3330.470	3288.697	3306.384	70087	0	159
2025.05.08	20:00:00	3306.434	3324.005	3303.853	3316.412	25681	0	159
2025.05.09	00:00:00	3316.448	3323.138	3274.664	3308.106	80762	0	159
2025.05.09	04:00:00	3308.099	3332.258	3308.099	3327.102	49695	0	159
2025.05.09	08:00:00	3327.154	3338.358	3320.241	3332.996	38979	0	159
2025.05.09	12:00:00	3333.066	3346.044	3320.298	3345.056	63206	0	159
2025.05.09	16:00:00	3345.117	3347.556	3325.443	3328.802	32088	0	159
2025.05.09	20:00:00	3328.760	3330.295	3325.142	3326.805	5098	0	159
2025.05.11	20:00:00	3282.255	3292.600	3265.847	3287.561	32299	0	159
2025.05.12	00:00:00	3287.506	3290.026	3258.751	3283.250	77700	0	159
2025.05.12	04:00:00	3283.214	3283.642	3216.102	3222.647	85530	0	159
2025.05.12	08:00:00	3222.790	3234.465	3207.693	3224.862	80050	0	159
2025.05.12	12:00:00	3224.822	3248.642	3220.283	3239.262	95189	0	159
2025.05.12	16:00:00	3239.237	3240.112	3220.295	3235.394	41767	0	159
2025.05.12	20:00:00	3235.355	3241.807	3229.864	3236.858	18049	0	159
2025.05.13	00:00:00	3236.906	3243.423	3215.890	3236.743	57741	0	159
2025.05.13	04:00:00	3236.719	3265.659	3234.916	3259.098	44375	0	159
2025.05.13	08:00:00	3259.139	3261.284	3248.781	3249.156	34743	0	159
2025.05.13	12:00:00	3249.098	3255.899	3225.476	3253.325	82177	0	159
2025.05.13	16:00:00	3253.293	3257.794	3242.016	3249.324	30755	0	159
2025.05.13	20:00:00	3249.355	3257.165	3248.043	3254.410	12927	0	159
2025.05.14	00:00:00	3254.388	3254.658	3226.212	3228.366	52322	0	159
2025.05.14	04:00:00	3228.442	3238.874	3221.570	3238.085	42163	0	159
2025.05.14	08:00:00	3237.990	3243.897	3219.436	3220.132	45642	0	159
2025.05.14	12:00:00	3220.142	3222.538	3174.875	3182.674	111492	0	159
2025.05.14	16:00:00	3182.629	3190.897	3167.933	3180.587	45268	0	159
2025.05.14	20:00:00	3180.613	3187.301	3177.056	3186.127	15006	0	159
2025.05.15	00:00:00	3186.011	3192.710	3148.323	3150.594	57260	0	159
2025.05.15	04:00:00	3150.546	3153.903	3120.650	3142.318	64934	0	159
2025.05.15	08:00:00	3142.244	3180.039	3139.065	3179.180	47756	0	159
2025.05.15	12:00:00	3179.141	3220.131	3177.530	3219.740	80268	0	159
2025.05.15	16:00:00	3219.780	3232.731	3215.873	3231.992	33524	0	159
2025.05.15	20:00:00	3231.927	3252.105	3231.094	3237.150	26783	0	159
2025.05.16	00:00:00	3237.175	3244.612	3206.530	3211.889	66196	0	159
2025.05.16	04:00:00	3211.969	3231.343	3205.365	3207.680	48115	0	159
2025.05.16	08:00:00	3207.572	3212.954	3154.289	3163.104	62607	0	159
2025.05.16	12:00:00	3163.221	3188.582	3154.862	3183.479	93350	0	159
2025.05.16	16:00:00	3183.513	3195.802	3180.462	3192.615	33948	0	159
2025.05.16	20:00:00	3192.583	3202.954	3192.129	3202.217	8622	0	159
2025.05.18	20:00:00	3214.226	3245.252	3211.713	3234.910	28602	0	159
2025.05.19	00:00:00	3234.947	3249.812	3208.040	3212.270	68362	0	159
2025.05.19	04:00:00	3212.232	3234.640	3206.584	3232.317	46923	0	159
2025.05.19	08:00:00	3232.361	3248.539	3229.943	3243.820	40146	0	159
2025.05.19	12:00:00	3243.817	3244.495	3217.216	3231.662	67538	0	159
2025.05.19	16:00:00	3231.687	3235.866	3225.216	3233.010	28936	0	159
2025.05.19	20:00:00	3233.056	3233.788	3219.097	3222.532	14879	0	159
2025.05.20	00:00:00	3222.561	3232.810	3204.521	3211.411	52028	0	159
2025.05.20	04:00:00	3211.394	3225.430	3207.946	3222.843	40426	0	159
2025.05.20	08:00:00	3222.819	3241.611	3218.328	3241.138	35197	0	159
2025.05.20	12:00:00	3241.221	3285.837	3232.804	3277.264	88118	0	159
2025.05.20	16:00:00	3277.239	3295.191	3275.204	3294.078	32429	0	159
2025.05.20	20:00:00	3294.130	3304.072	3288.505	3290.695	26378	0	159
2025.05.21	00:00:00	3290.734	3314.680	3285.420	3307.544	60236	0	159
2025.05.21	04:00:00	3307.505	3320.734	3298.404	3309.906	45419	0	159
2025.05.21	08:00:00	3309.933	3318.297	3303.946	3311.217	38948	0	159
2025.05.21	12:00:00	3311.202	3315.197	3290.723	3311.978	76774	0	159
2025.05.21	16:00:00	3312.012	3324.897	3302.765	3318.389	42436	0	159
2025.05.21	20:00:00	3318.423	3324.213	3313.164	3320.085	20279	0	159
2025.05.22	00:00:00	3320.121	3345.472	3319.389	3335.440	51372	0	159
2025.05.22	04:00:00	3335.451	3339.533	3322.607	3327.621	40170	0	159
2025.05.22	08:00:00	3327.636	3329.840	3282.977	3314.466	64868	0	159
2025.05.22	12:00:00	3314.428	3315.775	3279.252	3294.675	93142	0	159
2025.05.22	16:00:00	3294.722	3304.860	3288.982	3290.270	38210	0	159
2025.05.22	20:00:00	3290.339	3301.978	3289.593	3300.146	14808	0	159
2025.05.23	00:00:00	3300.172	3308.908	3286.942	3302.070	53809	0	159
2025.05.23	04:00:00	3302.097	3334.502	3301.915	3329.145	42626	0	159
2025.05.23	08:00:00	3329.191	3349.812	3322.548	3347.926	55148	0	159
2025.05.23	12:00:00	3347.966	3364.573	3336.556	3361.655	112413	0	159
2025.05.23	16:00:00	3361.687	3365.925	3356.348	3360.785	33636	0	159
2025.05.23	20:00:00	3360.743	3361.733	3356.103	3356.273	5497	0	159
2025.05.25	20:00:00	3352.094	3352.480	3341.363	3342.691	22872	0	159
2025.05.26	00:00:00	3342.658	3356.859	3331.390	3347.636	50733	0	159
2025.05.26	04:00:00	3347.639	3351.906	3332.124	3337.378	35018	0	159
2025.05.26	08:00:00	3337.403	3339.651	3323.485	3333.130	31229	0	159
2025.05.26	12:00:00	3333.152	3341.649	3326.350	3337.957	31071	0	159
2025.05.26	16:00:00	3337.998	3343.666	3337.521	3341.558	7826	0	159
2025.05.26	20:00:00	3346.458	3348.839	3342.829	3346.139	9223	0	159
2025.05.27	00:00:00	3346.182	3350.029	3331.766	3341.217	34470	0	159
2025.05.27	04:00:00	3341.188	3341.485	3292.535	3296.244	62047	0	159
2025.05.27	08:00:00	3296.214	3310.344	3287.652	3288.402	53667	0	159
2025.05.27	12:00:00	3288.399	3304.926	3285.089	3293.605	59683	0	159
2025.05.27	16:00:00	3293.612	3308.008	3292.969	3304.380	23700	0	159
2025.05.27	20:00:00	3304.356	3310.957	3297.621	3309.435	15671	0	159
2025.05.28	00:00:00	3309.431	3315.754	3291.643	3297.757	43226	0	159
2025.05.28	04:00:00	3297.720	3322.406	3294.383	3319.221	38600	0	159
2025.05.28	08:00:00	3319.251	3325.556	3307.461	3311.143	32518	0	159
2025.05.28	12:00:00	3311.141	3316.438	3292.510	3296.094	55485	0	159
2025.05.28	16:00:00	3296.125	3303.065	3288.560	3296.983	30444	0	159
2025.05.28	20:00:00	3297.006	3297.340	3250.273	3259.895	44924	0	159
2025.05.29	00:00:00	3259.921	3280.165	3245.432	3274.545	75272	0	159
2025.05.29	04:00:00	3274.635	3287.505	3265.986	3286.560	39117	0	159
2025.05.29	08:00:00	3286.517	3305.535	3276.262	3299.719	36785	0	159
2025.05.29	12:00:00	3299.844	3322.051	3298.550	3321.578	68807	0	159
2025.05.29	16:00:00	3321.664	3331.225	3315.512	3316.615	34469	0	159
2025.05.29	20:00:00	3316.586	3321.081	3312.854	3315.503	13656	0	159
2025.05.30	00:00:00	3315.498	3322.742	3291.219	3294.531	48041	0	159
2025.05.30	04:00:00	3294.458	3304.994	3287.365	3295.002	39674	0	159
2025.05.30	08:00:00	3294.975	3300.669	3288.620	3294.055	33321	0	159
2025.05.30	12:00:00	3294.054	3308.311	3271.526	3288.676	101641	0	159
2025.05.30	16:00:00	3288.616	3295.778	3283.957	3294.826	36740	0	159
2025.05.30	20:00:00	3294.937	3295.834	3288.642	3289.665	4800	0	159
2025.06.01	20:00:00	3303.113	3316.742	3299.873	3310.255	17004	0	159
2025.06.02	00:00:00	3310.213	3314.959	3301.409	3308.743	37600	0	159
2025.06.02	04:00:00	3308.770	3359.037	3308.770	3352.562	43049	0	159
2025.06.02	08:00:00	3352.655	3360.152	3344.361	3356.324	37264	0	159
2025.06.02	12:00:00	3356.296	3379.064	3350.317	3374.294	68006	0	159
2025.06.02	16:00:00	3374.319	3382.346	3369.285	3381.539	30373	0	159
2025.06.02	20:00:00	3381.499	3392.238	3378.364	3387.456	18058	0	159
2025.06.03	00:00:00	3387.407	3388.687	3359.676	3361.087	56922	0	159
2025.06.03	04:00:00	3361.174	3367.715	3351.149	3359.648	41971	0	159
2025.06.03	08:00:00	3359.752	3364.913	3353.305	3359.294	29167	0	159
2025.06.03	12:00:00	3359.323	3363.125	3333.080	3350.304	62420	0	159
2025.06.03	16:00:00	3350.368	3355.537	3344.633	3352.657	23054	0	159
2025.06.03	20:00:00	3352.617	3361.657	3352.469	3359.996	11142	0	159
2025.06.04	00:00:00	3359.943	3372.627	3346.469	3359.246	40374	0	159
2025.06.04	04:00:00	3359.236	3365.217	3347.996	3354.721	36509	0	159
2025.06.04	08:00:00	3354.679	3364.986	3343.720	3346.577	35102	0	159
2025.06.04	12:00:00	3346.613	3384.709	3344.330	3371.759	68631	0	159
2025.06.04	16:00:00	3371.724	3382.217	3370.832	3373.614	24682	0	159
2025.06.04	20:00:00	3373.566	3379.080	3370.508	3378.042	12451	0	159
2025.06.05	00:00:00	3378.099	3384.183	3368.172	3369.674	37911	0	159
2025.06.05	04:00:00	3369.683	3374.559	3361.180	3371.304	32159	0	159
2025.06.05	08:00:00	3371.266	3403.592	3369.641	3392.293	48991	0	159
2025.06.05	12:00:00	3392.327	3400.197	3339.370	3344.773	136250	0	159
2025.06.05	16:00:00	3344.681	3361.404	3339.839	3356.885	46606	0	159
2025.06.05	20:00:00	3356.861	3363.592	3351.987	3361.810	16985	0	159
2025.06.06	00:00:00	3361.867	3371.811	3356.157	3369.747	35002	0	159
2025.06.06	04:00:00	3369.666	3375.685	3352.826	3359.374	36853	0	159
2025.06.06	08:00:00	3359.419	3367.782	3352.703	3358.292	32185	0	159
2025.06.06	12:00:00	3358.308	3364.421	3316.269	3332.223	120862	0	159
2025.06.06	16:00:00	3332.182	3332.774	3311.358	3312.345	35920	0	159
2025.06.06	20:00:00	3312.382	3312.896	3307.053	3311.702	5571	0	159
2025.06.08	20:00:00	3317.818	3321.215	3309.240	3318.038	14522	0	159
2025.06.09	00:00:00	3318.082	3318.699	3293.428	3310.769	51027	0	159
2025.06.09	04:00:00	3310.799	3328.652	3309.273	3324.238	31038	0	159
2025.06.09	08:00:00	3324.269	3325.685	3312.057	3317.456	29480	0	159
2025.06.09	12:00:00	3317.412	3332.070	3310.698	3328.665	50567	0	159
2025.06.09	16:00:00	3328.668	3338.240	3325.894	3327.241	25218	0	159
2025.06.09	20:00:00	3327.201	3329.500	3321.583	3326.766	12410	0	159
2025.06.10	00:00:00	3326.809	3326.851	3301.917	3307.602	47235	0	159
2025.06.10	04:00:00	3307.592	3332.201	3302.789	3330.180	43402	0	159
2025.06.10	08:00:00	3330.090	3342.587	3326.194	3333.780	29543	0	159
2025.06.10	12:00:00	3333.817	3349.153	3323.165	3326.692	59754	0	159
2025.06.10	16:00:00	3326.653	3334.536	3319.358	3328.716	28219	0	159
2025.06.10	20:00:00	3328.757	3328.958	3315.517	3327.862	19901	0	159
2025.06.11	00:00:00	3327.936	3341.566	3325.008	3339.416	34846	0	159
2025.06.11	04:00:00	3339.386	3348.531	3332.476	3345.696	31887	0	159
2025.06.11	08:00:00	3345.664	3346.740	3326.110	3333.072	36199	0	159
2025.06.11	12:00:00	3333.152	3360.764	3327.196	3333.267	92272	0	159
2025.06.11	16:00:00	3333.247	3349.268	3319.220	3346.849	50005	0	159
2025.06.11	20:00:00	3346.876	3373.504	3346.522	3365.376	25910	0	160
2025.06.12	00:00:00	3365.405	3377.806	3362.125	3373.426	47333	0	160
2025.06.12	04:00:00	3373.409	3375.783	3338.536	3346.168	43169	0	160
2025.06.12	08:00:00	3346.192	3388.581	3346.192	3379.285	56716	0	160
2025.06.12	12:00:00	3379.252	3399.045	3376.337	3385.876	85737	0	160
2025.06.12	16:00:00	3385.906	3391.374	3378.097	3388.139	31690	0	160
2025.06.12	20:00:00	3388.111	3396.320	3379.633	3395.882	15124	0	160
2025.06.13	00:00:00	3395.837	3444.400	3391.693	3425.557	111294	0	160
2025.06.13	04:00:00	3425.543	3430.310	3407.879	3414.933	55401	0	160
2025.06.13	08:00:00	3414.864	3427.684	3411.595	3422.217	49326	0	160
2025.06.13	12:00:00	3422.207	3446.819	3420.906	3426.206	78543	0	160
2025.06.13	16:00:00	3426.258	3439.473	3419.203	3432.307	39900	0	160
2025.06.13	20:00:00	3432.352	3434.780	3428.978	3433.449	6166	0	160
2025.06.15	20:00:00	3440.955	3451.251	3438.591	3444.141	24931	0	160
2025.06.16	00:00:00	3444.166	3451.224	3429.244	3431.428	51196	0	160
2025.06.16	04:00:00	3431.496	3433.261	3409.459	3412.619	48880	0	160
2025.06.16	08:00:00	3412.624	3422.683	3409.773	3415.000	36223	0	160
2025.06.16	12:00:00	3415.043	3418.128	3382.725	3404.626	86235	0	160
2025.06.16	16:00:00	3404.534	3404.992	3382.790	3384.094	32269	0	160
2025.06.16	20:00:00	3384.015	3402.977	3383.294	3402.769	20527	0	160
2025.06.17	00:00:00	3402.815	3403.256	3373.463	3387.583	52320	0	160
2025.06.17	04:00:00	3387.557	3396.289	3381.074	3387.783	36278	0	160
2025.06.17	08:00:00	3387.784	3400.203	3375.675	3388.635	45554	0	160
2025.06.17	12:00:00	3388.650	3397.536	3366.079	3379.284	78946	0	160
2025.06.17	16:00:00	3379.386	3392.499	3376.651	3385.710	38571	0	160
2025.06.17	20:00:00	3385.675	3396.218	3383.634	3387.392	15312	0	160
2025.06.18	00:00:00	3387.295	3391.524	3370.655	3390.960	35215	0	160
2025.06.18	04:00:00	3390.928	3400.054	3377.037	3385.991	36488	0	160
2025.06.18	08:00:00	3385.929	3388.415	3375.433	3382.048	31102	0	160
2025.06.18	12:00:00	3381.999	3396.852	3373.833	3392.680	58404	0	160
2025.06.18	16:00:00	3392.731	3395.827	3362.867	3366.818	63023	0	160
2025.06.18	20:00:00	3366.771	3379.890	3362.474	3375.023	20931	0	160
2025.06.19	00:00:00	3375.042	3387.968	3369.684	3373.609	35659	0	160
2025.06.19	04:00:00	3373.609	3375.326	3347.456	3365.954	51581	0	160
2025.06.19	08:00:00	3365.965	3379.050	3362.210	3371.967	34195	0	160
2025.06.19	12:00:00	3371.971	3372.963	3361.497	3369.260	41335	0	160
2025.06.19	16:00:00	3369.223	3374.140	3366.155	3373.455	7466	0	160
2025.06.19	20:00:00	3369.491	3370.445	3361.986	3368.739	14105	0	160
2025.06.20	00:00:00	3368.763	3370.350	3344.625	3355.507	40526	0	160
2025.06.20	04:00:00	3355.539	3357.656	3340.345	3347.691	34443	0	160
2025.06.20	08:00:00	3347.657	3359.224	3346.540	3347.051	30551	0	160
2025.06.20	12:00:00	3347.094	3374.477	3341.887	3369.856	54346	0	160
2025.06.20	16:00:00	3369.786	3373.365	3364.606	3365.625	21411	0	160
2025.06.20	20:00:00	3365.578	3369.314	3364.690	3368.546	4102	0	160
2025.06.22	20:00:00	3384.117	3388.960	3371.173	3372.755	26314	0	160
2025.06.23	00:00:00	3372.776	3373.551	3351.846	3363.372	45418	0	160
2025.06.23	04:00:00	3363.385	3365.061	3346.971	3357.627	32026	0	160
2025.06.23	08:00:00	3357.672	3382.055	3357.672	3380.596	32643	0	160
2025.06.23	12:00:00	3380.667	3389.820	3355.868	3387.240	63690	0	160
2025.06.23	16:00:00	3387.200	3393.565	3375.607	3376.362	48174	0	160
2025.06.23	20:00:00	3376.320	3377.295	3341.459	3344.235	32749	0	160
2025.06.24	00:00:00	3344.270	3357.912	3333.168	3352.476	49825	0	160
2025.06.24	04:00:00	3352.403	3353.419	3316.022	3329.645	56436	0	160
2025.06.24	08:00:00	3329.658	3332.320	3317.829	3321.214	35623	0	160
2025.06.24	12:00:00	3321.181	3321.181	3295.339	3313.261	76604	0	160
2025.06.24	16:00:00	3313.296	3325.184	3311.276	3323.479	27155	0	160
2025.06.24	20:00:00	3323.526	3324.882	3320.842	3324.142	10127	0	160
2025.06.25	00:00:00	3324.139	3335.209	3323.627	3328.295	26396	0	160
2025.06.25	04:00:00	3328.284	3337.096	3325.797	3330.631	23179	0	160
2025.06.25	08:00:00	3330.656	3332.414	3321.397	3322.667	29346	0	160
2025.06.25	12:00:00	3322.660	3329.499	3311.894	3325.627	40172	0	160
2025.06.25	16:00:00	3325.667	3336.068	3324.142	3333.706	27220	0	160
2025.06.25	20:00:00	3333.745	3340.230	3331.264	3339.028	13236	0	160
2025.06.26	00:00:00	3338.987	3343.223	3329.181	3337.992	29993	0	160
2025.06.26	04:00:00	3338.026	3347.239	3330.967	3346.051	26903	0	160
2025.06.26	08:00:00	3346.066	3350.370	3331.469	3332.921	30637	0	160
2025.06.26	12:00:00	3332.937	3344.056	3309.947	3324.808	69814	0	160
2025.06.26	16:00:00	3324.882	3336.501	3323.729	3331.301	26737	0	160
2025.06.26	20:00:00	3331.407	3332.327	3316.229	3318.758	13459	0	160
2025.06.27	00:00:00	3318.767	3322.012	3292.557	3294.318	38400	0	160
2025.06.27	04:00:00	3294.364	3300.941	3283.394	3284.458	45752	0	160
2025.06.27	08:00:00	3284.502	3291.132	3276.009	3281.389	40189	0	160
2025.06.27	12:00:00	3281.358	3282.303	3255.826	3274.655	80203	0	160
2025.06.27	16:00:00	3274.574	3282.802	3268.340	3270.574	32141	0	160
2025.06.27	20:00:00	3270.616	3275.500	3270.253	3274.526	4753	0	160
2025.06.29	20:00:00	3272.488	3274.249	3247.921	3263.806	27894	0	160
2025.06.30	00:00:00	3263.775	3283.293	3259.456	3278.981	40101	0	160
2025.06.30	04:00:00	3278.996	3296.850	3276.964	3292.873	28546	0	160
2025.06.30	08:00:00	3292.879	3296.601	3274.488	3277.932	32186	0	160
2025.06.30	12:00:00	3277.993	3290.761	3277.955	3289.625	41637	0	160
2025.06.30	16:00:00	3289.669	3309.450	3289.073	3308.534	26716	0	160
2025.06.30	20:00:00	3308.502	3314.602	3302.302	3312.441	15473	0	160
2025.07.01	00:00:00	3312.493	3322.683	3309.917	3321.161	30199	0	160
2025.07.01	04:00:00	3321.173	3339.931	3318.893	3339.497	30036	0	160
2025.07.01	08:00:00	3339.501	3353.082	3336.753	3349.017	30764	0	160
2025.07.01	12:00:00	3348.990	3358.015	3336.981	3340.228	57194	0	160
2025.07.01	16:00:00	3340.215	3343.523	3336.831	3338.005	25408	0	160
2025.07.01	20:00:00	3338.042	3343.826	3336.771	3338.152	13754	0	160
2025.07.02	00:00:00	3338.186	3345.000	3328.509	3339.959	34474	0	160
2025.07.02	04:00:00	3339.925	3343.951	3327.587	3334.571	28200	0	160
2025.07.02	08:00:00	3334.605	3347.752	3332.853	3342.199	24996	0	160
2025.07.02	12:00:00	3342.214	3351.128	3333.842	3341.021	48407	0	160
2025.07.02	16:00:00	3340.943	3359.519	3340.943	3358.258	22184	0	160
2025.07.02	20:00:00	3358.302	3365.726	3348.754	3349.395	17795	0	160
2025.07.03	00:00:00	3349.420	3351.471	3341.880	3347.509	26395	0	160
2025.07.03	04:00:00	3347.437	3363.677	3347.384	3353.077	26501	0	160
2025.07.03	08:00:00	3353.096	3358.378	3342.981	3346.073	27216	0	160
2025.07.03	12:00:00	3346.041	3352.308	3311.535	3328.045	74575	0	160
2025.07.03	16:00:00	3328.106	3334.862	3325.676	3328.749	15619	0	160
2025.07.03	20:00:00	3328.713	3332.025	3323.570	3330.871	9808	0	160
2025.07.04	00:00:00	3330.875	3338.948	3325.867	3338.350	23776	0	160
2025.07.04	04:00:00	3338.307	3345.127	3336.384	3342.947	24312	0	160
2025.07.04	08:00:00	3342.950	3344.257	3331.466	3334.795	22748	0	160
2025.07.04	12:00:00	3334.791	3338.059	3330.797	3332.394	23437	0	160
2025.07.04	16:00:00	3332.357	3335.940	3332.222	3334.998	2596	0	160
2025.07.06	20:00:00	3341.408	3341.918	3326.187	3328.853	11989	0	160
2025.07.07	00:00:00	3328.830	3329.726	3305.982	3310.848	40928	0	160
2025.07.07	04:00:00	3310.892	3315.245	3300.640	3302.217	35038	0	160
2025.07.07	08:00:00	3302.247	3312.769	3296.296	3301.910	39557	0	160
2025.07.07	12:00:00	3301.940	3322.031	3300.404	3320.836	45997	0	160
2025.07.07	16:00:00	3320.784	3340.438	3320.082	3336.981	29937	0	160
2025.07.07	20:00:00	3337.025	3345.823	3333.921	3334.653	14614	0	160
2025.07.08	00:00:00	3334.697	3338.035	3329.595	3331.469	31719	0	160
2025.07.08	04:00:00	3331.418	3339.500	3327.329	3333.912	25082	0	160
2025.07.08	08:00:00	3333.877	3333.877	3319.940	3324.964	29555	0	160
2025.07.08	12:00:00	3325.014	3329.864	3287.023	3298.241	59203	0	160
2025.07.08	16:00:00	3298.249	3310.426	3295.938	3302.992	36137	0	160
2025.07.08	20:00:00	3303.020	3304.074	3297.199	3302.277	13971	0	160
2025.07.09	00:00:00	3302.322	3308.003	3284.933	3293.250	35946	0	160
2025.07.09	04:00:00	3293.244	3297.875	3285.495	3291.852	32839	0	160
2025.07.09	08:00:00	3291.822	3295.989	3282.656	3284.936	30191	0	160
2025.07.09	12:00:00	3284.969	3312.916	3284.969	3309.606	45559	0	160
2025.07.09	16:00:00	3309.555	3316.874	3307.913	3315.605	23075	0	160
2025.07.09	20:00:00	3315.645	3321.176	3311.557	3317.640	11183	0	160
2025.07.10	00:00:00	3317.559	3326.415	3315.362	3315.758	25420	0	160
2025.07.10	04:00:00	3315.682	3329.486	3314.773	3321.047	23393	0	160
2025.07.10	08:00:00	3321.071	3330.318	3318.331	3320.411	27438	0	160
2025.07.10	12:00:00	3320.424	3329.472	3310.017	3319.725	48420	0	160
2025.07.10	16:00:00	3319.711	3325.910	3312.108	3324.826	23018	0	160
2025.07.10	20:00:00	3324.851	3326.476	3321.837	3323.808	11343	0	160
2025.07.11	00:00:00	3323.764	3336.154	3323.638	3333.765	31108	0	160
2025.07.11	04:00:00	3333.751	3343.827	3329.489	3341.833	31527	0	160
2025.07.11	08:00:00	3341.789	3350.279	3332.669	3347.507	31816	0	160
2025.07.11	12:00:00	3347.526	3368.736	3344.356	3358.915	60817	0	160
2025.07.11	16:00:00	3358.884	3359.796	3349.178	3356.411	27915	0	160
2025.07.11	20:00:00	3356.459	3358.959	3353.583	3355.105	3727	0	160
2025.07.13	20:00:00	3361.295	3374.017	3359.658	3367.772	17906	0	160
2025.07.14	00:00:00	3367.731	3373.318	3353.865	3356.964	33830	0	160
2025.07.14	04:00:00	3356.952	3375.078	3353.706	3371.948	31291	0	160
2025.07.14	08:00:00	3371.956	3374.647	3363.917	3364.169	25721	0	160
2025.07.14	12:00:00	3364.192	3366.604	3340.954	3345.105	47828	0	160
2025.07.14	16:00:00	3345.044	3351.693	3343.082	3344.125	21765	0	160
2025.07.14	20:00:00	3344.103	3346.556	3341.217	3345.337	9805	0	160
2025.07.15	00:00:00	3345.299	3358.329	3344.758	3357.841	22271	0	160
2025.07.15	04:00:00	3357.853	3365.422	3357.470	3364.347	23621	0	160
2025.07.15	08:00:00	3364.327	3366.356	3354.000	3354.932	28209	0	160
2025.07.15	12:00:00	3354.892	3360.385	3325.363	3328.996	65554	0	160
2025.07.15	16:00:00	3328.957	3331.936	3320.218	3330.455	27921	0	160
2025.07.15	20:00:00	3330.408	3331.776	3324.788	3331.056	9296	0	160
2025.07.16	00:00:00	3331.092	3335.117	3325.053	3334.330	23131	0	160
2025.07.16	04:00:00	3334.281	3342.020	3332.818	3337.809	21208	0	160
2025.07.16	08:00:00	3337.824	3343.072	3333.720	3339.259	23001	0	160
2025.07.16	12:00:00	3339.219	3377.523	3319.529	3343.524	115569	0	160
2025.07.16	16:00:00	3343.499	3357.410	3338.886	3347.080	46550	0	160
2025.07.16	20:00:00	3347.116	3352.247	3345.265	3346.526	11073	0	160
2025.07.17	00:00:00	3346.556	3347.405	3336.241	3341.486	23668	0	160
2025.07.17	04:00:00	3341.511	3344.726	3325.208	3325.886	26993	0	160
2025.07.17	08:00:00	3325.925	3332.523	3322.358	3324.254	24872	0	160
2025.07.17	12:00:00	3324.261	3338.427	3309.883	3336.707	57542	0	160
2025.07.17	16:00:00	3336.675	3341.098	3335.378	3339.763	20704	0	160
2025.07.17	20:00:00	3339.779	3344.009	3337.409	3340.176	11362	0	160
2025.07.18	00:00:00	3340.214	3344.261	3334.038	3334.600	23929	0	160
2025.07.18	04:00:00	3334.598	3350.093	3331.801	3349.823	23334	0	160
2025.07.18	08:00:00	3349.849	3357.714	3346.237	3354.403	23933	0	160
2025.07.18	12:00:00	3354.458	3361.227	3351.146	3353.654	41022	0	160
2025.07.18	16:00:00	3353.629	3357.532	3347.668	3348.315	21911	0	160
2025.07.18	20:00:00	3348.279	3352.098	3347.804	3350.395	3466	0	160
2025.07.20	20:00:00	3348.767	3350.115	3345.015	3349.128	7790	0	160
2025.07.21	00:00:00	3349.168	3358.641	3347.656	3351.286	21803	0	160
2025.07.21	04:00:00	3351.275	3370.785	3350.649	3364.763	25755	0	160
2025.07.21	08:00:00	3364.800	3375.595	3362.674	3375.302	22959	0	160
2025.07.21	12:00:00	3375.271	3401.575	3374.531	3397.994	51330	0	160
2025.07.21	16:00:00	3397.983	3399.787	3391.495	3398.837	26090	0	160
2025.07.21	20:00:00	3398.744	3402.783	3393.208	3396.532	11289	0	160
2025.07.22	00:00:00	3396.540	3397.665	3385.076	3392.591	28604	0	160
2025.07.22	04:00:00	3392.517	3392.550	3383.240	3387.634	23074	0	160
2025.07.22	08:00:00	3387.594	3391.663	3384.534	3391.348	22378	0	160
2025.07.22	12:00:00	3391.378	3430.614	3390.993	3426.597	65186	0	160
2025.07.22	16:00:00	3426.640	3433.507	3426.245	3431.738	29337	0	160
2025.07.22	20:00:00	3431.683	3433.368	3426.283	3427.458	13421	0	160
2025.07.23	00:00:00	3427.433	3438.980	3419.154	3423.153	37693	0	160
2025.07.23	04:00:00	3423.063	3429.702	3416.322	3420.720	27748	0	160
2025.07.23	08:00:00	3420.754	3433.855	3420.305	3428.180	27307	0	160
2025.07.23	12:00:00	3428.170	3430.000	3398.134	3398.134	52006	0	160
2025.07.23	16:00:00	3398.106	3398.106	3381.402	3390.081	51306	0	160
2025.07.23	20:00:00	3390.122	3392.510	3386.123	3390.008	11413	0	160
2025.07.24	00:00:00	3390.061	3393.438	3374.754	3383.762	36667	0	160
2025.07.24	04:00:00	3383.666	3385.389	3365.982	3367.757	29029	0	160
2025.07.24	08:00:00	3367.767	3374.727	3361.253	3362.296	26540	0	160
2025.07.24	12:00:00	3362.254	3377.420	3351.315	3372.541	52083	0	160
2025.07.24	16:00:00	3372.515	3373.702	3366.219	3370.478	21028	0	160
2025.07.24	20:00:00	3370.517	3371.407	3365.131	3369.419	11773	0	160
2025.07.25	00:00:00	3369.422	3373.578	3358.613	3359.194	22040	0	160
2025.07.25	04:00:00	3359.176	3363.501	3352.717	3354.008	22773	0	160
2025.07.25	08:00:00	3354.041	3355.358	3338.624	3341.012	24137	0	160
2025.07.25	12:00:00	3341.008	3347.498	3324.928	3327.896	56755	0	160
2025.07.25	16:00:00	3327.851	3340.284	3326.161	3337.804	21966	0	160
2025.07.25	20:00:00	3337.769	3339.181	3336.187	3336.826	3534	0	160
2025.07.27	20:00:00	3329.144	3337.465	3323.817	3333.683	15940	0	160
2025.07.28	00:00:00	3333.675	3343.316	3327.640	3343.246	29815	0	160
2025.07.28	04:00:00	3343.199	3345.352	3333.785	3334.882	25114	0	160
2025.07.28	08:00:00	3334.879	3340.780	3332.382	3336.519	26113	0	160
2025.07.28	12:00:00	3336.568	3338.369	3301.770	3314.764	57969	0	160
2025.07.28	16:00:00	3314.736	3318.890	3308.820	3317.161	21698	0	160
2025.07.28	20:00:00	3317.195	3318.409	3310.485	3312.468	12537	0	160
2025.07.29	00:00:00	3312.485	3320.861	3307.843	3312.576	27227	0	160
2025.07.29	04:00:00	3312.580	3322.430	3308.988	3317.133	29672	0	160
2025.07.29	08:00:00	3317.139	3329.976	3314.884	3315.278	30064	0	160
2025.07.29	12:00:00	3315.249	3334.142	3311.895	3320.751	51996	0	160
2025.07.29	16:00:00	3320.751	3330.906	3319.072	3324.938	24361	0	160
2025.07.29	20:00:00	3324.989	3329.171	3324.697	3327.530	8694	0	160
2025.07.30	00:00:00	3327.568	3333.673	3321.876	3328.429	25514	0	160
2025.07.30	04:00:00	3328.365	3332.149	3323.058	3327.751	22284	0	160
2025.07.30	08:00:00	3327.784	3334.052	3323.966	3330.846	27221	0	160
2025.07.30	12:00:00	3330.830	3331.904	3288.575	3290.465	58228	0	160
2025.07.30	16:00:00	3290.378	3304.767	3268.034	3269.396	66873	0	160
2025.07.30	20:00:00	3269.334	3285.800	3268.965	3285.303	17403	0	160
2025.07.31	00:00:00	3285.257	3298.574	3282.802	3295.086	31880	0	160
2025.07.31	04:00:00	3295.042	3309.771	3293.644	3304.761	26415	0	160
2025.07.31	08:00:00	3304.682	3314.831	3293.803	3306.111	34868	0	160
2025.07.31	12:00:00	3306.086	3311.163	3291.300	3295.545	55723	0	160
2025.07.31	16:00:00	3295.437	3298.450	3289.586	3291.029	28786	0	160
2025.07.31	20:00:00	3290.989	3295.172	3287.967	3288.651	12368	0	160
2025.08.01	00:00:00	3288.607	3297.140	3281.566	3291.403	29080	0	160
2025.08.01	04:00:00	3291.365	3300.470	3285.223	3286.861	26896	0	160
2025.08.01	08:00:00	3286.823	3303.104	3285.274	3300.309	26916	0	160
2025.08.01	12:00:00	3300.342	3355.088	3297.385	3348.567	99199	0	160
2025.08.01	16:00:00	3348.532	3361.325	3340.532	3357.185	36068	0	160
2025.08.01	20:00:00	3357.239	3363.566	3357.028	3363.119	5133	0	160
2025.08.03	20:00:00	3364.339	3364.563	3354.526	3361.957	12398	0	160
2025.08.04	00:00:00	3361.990	3362.378	3345.006	3360.255	28171	0	160
2025.08.04	04:00:00	3360.259	3362.671	3351.732	3355.809	24829	0	160
2025.08.04	08:00:00	3355.842	3370.759	3352.886	3370.263	25885	0	160
2025.08.04	12:00:00	3370.262	3385.354	3360.965	3374.306	44384	0	160
2025.08.04	16:00:00	3374.305	3378.153	3370.571	3375.971	20739	0	160
2025.08.04	20:00:00	3375.917	3379.703	3373.415	3377.407	9079	0	160
2025.08.05	00:00:00	3377.383	3382.398	3372.057	3372.057	21224	0	160
2025.08.05	04:00:00	3372.107	3375.531	3365.655	3373.651	22487	0	160
2025.08.05	08:00:00	3373.572	3374.607	3349.803	3351.408	26510	0	160
2025.08.05	12:00:00	3351.408	3390.033	3349.866	3389.490	47550	0	160
2025.08.05	16:00:00	3389.527	3390.402	3376.890	3378.979	23082	0	160
2025.08.05	20:00:00	3378.940	3383.974	3378.095	3383.151	8320	0	160
2025.08.06	00:00:00	3383.221	3385.340	3373.046	3374.587	22144	0	160
2025.08.06	04:00:00	3374.590	3378.650	3368.953	3373.617	19792	0	160
2025.08.06	08:00:00	3373.509	3374.697	3358.091	3365.174	25032	0	160
2025.08.06	12:00:00	3365.156	3379.975	3360.141	3377.431	41644	0	160
2025.08.06	16:00:00	3377.392	3379.467	3368.983	3371.647	23072	0	160
2025.08.06	20:00:00	3371.608	3374.796	3367.133	3370.155	13199	0	160
2025.08.07	00:00:00	3370.205	3384.159	3365.222	3379.696	29527	0	160
2025.08.07	04:00:00	3379.732	3397.504	3371.648	3396.155	29986	0	160
2025.08.07	08:00:00	3396.189	3396.603	3371.722	3378.229	47636	0	160
2025.08.07	12:00:00	3378.199	3393.833	3375.261	3390.102	69898	0	160
2025.08.07	16:00:00	3390.185	3400.872	3384.314	3399.659	31715	0	160
2025.08.07	20:00:00	3399.712	3408.990	3389.025	3400.470	49158	0	160
2025.08.08	00:00:00	3400.432	3402.356	3381.082	3395.817	66807	0	160
2025.08.08	04:00:00	3395.817	3404.271	3388.739	3402.016	48448	0	160
2025.08.08	08:00:00	3402.074	3402.631	3380.361	3386.249	56148	0	160
2025.08.08	12:00:00	3386.206	3401.944	3381.105	3395.248	87462	0	160
2025.08.08	16:00:00	3395.284	3404.227	3376.445	3398.566	91733	0	160
2025.08.08	20:00:00	3398.618	3398.898	3392.421	3398.564	7280	0	160
2025.08.10	20:00:00	3400.578	3401.819	3390.292	3391.548	14055	0	160
2025.08.11	00:00:00	3391.592	3391.639	3367.699	3378.257	41148	0	160
2025.08.11	04:00:00	3378.253	3380.105	3357.097	3360.069	39103	0	160
2025.08.11	08:00:00	3360.112	3365.825	3349.852	3355.230	38944	0	160
2025.08.11	12:00:00	3355.226	3362.902	3341.409	3349.405	49801	0	160
2025.08.11	16:00:00	3349.502	3358.834	3341.273	3351.693	33112	0	160
2025.08.11	20:00:00	3351.662	3351.829	3342.167	3349.027	14060	0	160
2025.08.12	00:00:00	3349.010	3357.431	3346.212	3349.390	26548	0	160
2025.08.12	04:00:00	3349.437	3358.149	3342.242	3355.539	30554	0	160
2025.08.12	08:00:00	3355.512	3355.863	3336.068	3347.499	27996	0	160
2025.08.12	12:00:00	3347.464	3359.254	3331.080	3349.800	87202	0	160
2025.08.12	16:00:00	3349.887	3351.296	3345.531	3347.563	24394	0	160
2025.08.12	20:00:00	3347.549	3353.762	3346.012	3350.570	10139	0	160
2025.08.13	00:00:00	3350.580	3354.457	3342.678	3349.593	26057	0	160
2025.08.13	04:00:00	3349.615	3361.004	3345.677	3354.723	24189	0	160
2025.08.13	08:00:00	3354.688	3367.121	3352.869	3362.290	26650	0	160
2025.08.13	12:00:00	3362.314	3370.735	3354.146	3357.746	39368	0	160
2025.08.13	16:00:00	3357.778	3360.920	3349.900	3357.812	17650	0	160
2025.08.13	20:00:00	3357.856	3363.461	3355.633	3362.702	9399	0	160
2025.08.14	00:00:00	3362.748	3374.885	3355.415	3360.464	30494	0	160
2025.08.14	04:00:00	3360.496	3366.483	3343.591	3345.984	30051	0	160
2025.08.14	08:00:00	3345.958	3359.166	3341.447	3355.400	32509	0	160
2025.08.14	12:00:00	3355.431	3358.393	3334.223	3341.796	62058	0	160
2025.08.14	16:00:00	3341.757	3342.096	3329.766	3337.965	24879	0	160
2025.08.14	20:00:00	3338.004	3338.543	3332.168	3335.551	10537	0	160
2025.08.15	00:00:00	3335.580	3344.893	3332.372	3343.450	22591	0	160
2025.08.15	04:00:00	3343.412	3348.747	3340.137	3346.147	23193	0	160
2025.08.15	08:00:00	3346.107	3348.268	3336.273	3342.359	27069	0	160
2025.08.15	12:00:00	3342.362	3345.969	3332.856	3342.329	42399	0	160
2025.08.15	16:00:00	3342.425	3342.547	3334.387	3339.143	18801	0	160
2025.08.15	20:00:00	3339.212	3339.435	3335.145	3335.213	3319	0	160
2025.08.17	20:00:00	3334.569	3335.381	3323.503	3327.087	10049	0	160
2025.08.18	00:00:00	3327.080	3351.788	3326.773	3347.156	28402	0	160
2025.08.18	04:00:00	3347.112	3358.417	3346.003	3349.022	26098	0	160
2025.08.18	08:00:00	3349.052	3351.734	3344.475	3345.456	20611	0	160
2025.08.18	12:00:00	3345.500	3348.839	3332.195	3335.669	31789	0	160
2025.08.18	16:00:00	3335.702	3335.884	3330.179	3333.623	16885	0	160
2025.08.18	20:00:00	3333.667	3334.723	3330.514	3330.978	7910	0	160
2025.08.19	00:00:00	3330.990	3341.663	3326.022	3337.787	30039	0	160
2025.08.19	04:00:00	3337.745	3341.821	3334.400	3340.695	21588	0	160
2025.08.19	08:00:00	3340.734	3345.328	3336.427	3339.767	19048	0	160
2025.08.19	12:00:00	3339.768	3340.544	3320.853	3322.669	41302	0	160
2025.08.19	16:00:00	3322.711	3324.435	3314.853	3315.965	21484	0	160
2025.08.19	20:00:00	3315.923	3317.637	3312.771	3314.231	9519	0	160
2025.08.20	00:00:00	3314.241	3318.648	3311.476	3317.520	25075	0	160
2025.08.20	04:00:00	3317.517	3327.525	3317.177	3324.813	20463	0	160
2025.08.20	08:00:00	3324.769	3332.903	3320.886	3332.325	22284	0	160
2025.08.20	12:00:00	3332.248	3350.322	3332.060	3340.594	36730	0	160
2025.08.20	16:00:00	3340.703	3349.263	3340.658	3348.821	18454	0	160
2025.08.20	20:00:00	3348.773	3352.092	3346.354	3346.836	10348	0	160
2025.08.21	00:00:00	3346.906	3346.906	3339.687	3339.930	20042	0	160
2025.08.21	04:00:00	3339.887	3341.527	3334.283	3339.629	19008	0	160
2025.08.21	08:00:00	3339.665	3342.190	3325.126	3333.569	23481	0	160
2025.08.21	12:00:00	3333.676	3348.081	3333.642	3343.634	46717	0	160
2025.08.21	16:00:00	3343.621	3343.972	3336.544	3338.823	17335	0	160
2025.08.21	20:00:00	3338.863	3340.640	3337.356	3338.411	7622	0	160
2025.08.22	00:00:00	3338.367	3340.225	3331.604	3331.976	19805	0	160
2025.08.22	04:00:00	3331.963	3335.026	3325.734	3327.465	20167	0	160
2025.08.22	08:00:00	3327.500	3331.749	3325.332	3329.346	19586	0	160
2025.08.22	12:00:00	3329.342	3378.869	3321.450	3367.914	72613	0	160
2025.08.22	16:00:00	3367.890	3375.501	3367.832	3373.188	22512	0	160
2025.08.22	20:00:00	3373.213	3373.657	3370.154	3372.299	3368	0	160
2025.08.24	20:00:00	3368.744	3371.052	3365.862	3368.995	7166	0	160
2025.08.25	00:00:00	3369.080	3369.684	3359.748	3367.263	21049	0	160
2025.08.25	04:00:00	3367.263	3369.888	3363.028	3366.226	16125	0	160
2025.08.25	08:00:00	3366.229	3371.514	3361.927	3370.594	16298	0	160
2025.08.25	12:00:00	3370.592	3376.306	3362.185	3374.068	26859	0	160
2025.08.25	16:00:00	3374.000	3374.824	3365.199	3365.421	16559	0	160
2025.08.25	20:00:00	3365.465	3367.152	3351.716	3354.854	12380	0	160
2025.08.26	00:00:00	3354.827	3386.488	3351.252	3372.201	45375	0	160
2025.08.26	04:00:00	3372.217	3379.121	3367.291	3376.726	24680	0	160
2025.08.26	08:00:00	3376.684	3380.360	3367.258	3377.467	25496	0	160
2025.08.26	12:00:00	3377.520	3389.457	3370.374	3386.688	36565	0	160
2025.08.26	16:00:00	3386.675	3390.841	3380.245	3389.658	19056	0	160
2025.08.26	20:00:00	3389.689	3393.583	3388.738	3390.862	9995	0	160
2025.08.27	00:00:00	3390.853	3393.554	3380.577	3380.633	21172	0	160
2025.08.27	04:00:00	3380.677	3381.954	3373.755	3381.393	21511	0	160
2025.08.27	08:00:00	3381.374	3385.490	3373.698	3376.822	23991	0	160
2025.08.27	12:00:00	3376.844	3390.420	3374.255	3387.898	34350	0	160
2025.08.27	16:00:00	3387.917	3398.783	3387.481	3396.210	20995	0	160
2025.08.27	20:00:00	3396.172	3399.502	3394.097	3395.819	10566	0	160
2025.08.28	00:00:00	3395.762	3398.075	3384.603	3390.135	23523	0	160
2025.08.28	04:00:00	3390.206	3397.696	3387.632	3395.752	20072	0	160
2025.08.28	08:00:00	3395.763	3407.658	3393.858	3404.153	23994	0	160
2025.08.28	12:00:00	3404.130	3413.476	3394.353	3410.901	40816	0	160
2025.08.28	16:00:00	3410.897	3423.212	3409.897	3422.070	21943	0	160
2025.08.28	20:00:00	3422.159	3422.521	3414.757	3414.819	9008	0	160
2025.08.29	00:00:00	3414.850	3417.885	3407.956	3410.864	20118	0	160
2025.08.29	04:00:00	3410.843	3412.688	3406.562	3412.197	18580	0	160
2025.08.29	08:00:00	3412.168	3414.879	3404.313	3410.725	20286	0	160
2025.08.29	12:00:00	3410.655	3447.665	3406.708	3445.494	44031	0	160
2025.08.29	16:00:00	3445.487	3453.924	3440.988	3452.573	29431	0	160
2025.08.29	20:00:00	3452.605	3452.734	3445.768	3448.035	5510	0	160
2025.08.31	20:00:00	3445.866	3452.606	3442.459	3447.952	9765	0	160
2025.09.01	00:00:00	3447.912	3486.107	3437.028	3474.523	51895	0	160
2025.09.01	04:00:00	3474.491	3489.928	3467.791	3477.814	35352	0	160
2025.09.01	08:00:00	3477.890	3479.873	3466.276	3470.009	31287	0	160
2025.09.01	12:00:00	3470.058	3481.298	3467.076	3474.083	27350	0	160
2025.09.01	16:00:00	3474.095	3478.890	3472.326	3476.760	7234	0	160
2025.09.01	20:00:00	3476.299	3481.516	3474.527	3479.211	11438	0	160
2025.09.02	00:00:00	3479.130	3508.741	3476.897	3495.044	43963	0	160
2025.09.02	04:00:00	3495.008	3498.322	3472.096	3476.857	36079	0	160
2025.09.02	08:00:00	3476.955	3490.116	3470.194	3489.735	39189	0	160
2025.09.02	12:00:00	3489.687	3520.300	3474.190	3520.300	77912	0	160
2025.09.02	16:00:00	3520.327	3540.094	3518.113	3536.941	34748	0	160
2025.09.02	20:00:00	3536.989	3537.707	3526.280	3529.984	15177	0	160
2025.09.03	00:00:00	3530.082	3546.950	3528.022	3530.921	45257	0	160
2025.09.03	04:00:00	3530.815	3538.319	3526.814	3533.842	30347	0	160
2025.09.03	08:00:00	3533.874	3549.594	3532.292	3547.551	33002	0	160
2025.09.03	12:00:00	3547.535	3567.404	3541.357	3563.953	69265	0	160
2025.09.03	16:00:00	3563.950	3578.427	3561.163	3563.559	36697	0	160
2025.09.03	20:00:00	3563.527	3566.064	3554.385	3560.292	21518	0	160
2025.09.04	00:00:00	3560.341	3563.473	3511.172	3529.147	57942	0	160
2025.09.04	04:00:00	3529.182	3541.655	3524.440	3541.137	35657	0	160
2025.09.04	08:00:00	3541.100	3549.837	3536.558	3545.464	34067	0	160
2025.09.04	12:00:00	3545.419	3558.800	3535.042	3552.829	65803	0	160
2025.09.04	16:00:00	3552.838	3556.227	3542.526	3549.800	25940	0	160
2025.09.04	20:00:00	3549.836	3554.515	3539.909	3552.540	14238	0	160
2025.09.05	00:00:00	3552.532	3559.062	3545.994	3558.344	31164	0	160
2025.09.05	04:00:00	3558.359	3561.150	3546.635	3548.197	26299	0	160
2025.09.05	08:00:00	3548.161	3555.201	3544.721	3553.228	26241	0	160
2025.09.05	12:00:00	3553.254	3597.923	3548.802	3592.005	112978	0	160
2025.09.05	16:00:00	3592.046	3600.076	3590.504	3594.813	35123	0	160
2025.09.05	20:00:00	3594.773	3595.333	3586.376	3586.597	5897	0	160
2025.09.07	20:00:00	3591.856	3596.716	3587.112	3591.151	23691	0	160
2025.09.08	00:00:00	3591.173	3597.212	3582.926	3583.610	45016	0	160
2025.09.08	04:00:00	3583.566	3613.646	3579.561	3609.483	31463	0	160
2025.09.08	08:00:00	3609.509	3622.496	3607.132	3619.954	32360	0	160
2025.09.08	12:00:00	3619.926	3646.316	3614.746	3639.259	64861	0	160
2025.09.08	16:00:00	3639.317	3641.746	3631.851	3636.528	28249	0	160
2025.09.08	20:00:00	3636.555	3637.945	3628.192	3634.992	13952	0	160
2025.09.09	00:00:00	3635.023	3654.597	3633.439	3645.838	39607	0	160
2025.09.09	04:00:00	3645.863	3659.299	3636.510	3644.363	43676	0	160
2025.09.09	08:00:00	3644.298	3656.712	3641.969	3648.000	33235	0	160
2025.09.09	12:00:00	3648.072	3674.523	3626.820	3645.441	105251	0	160
2025.09.09	16:00:00	3645.406	3649.434	3628.449	3629.362	29767	0	160
2025.09.09	20:00:00	3629.325	3640.825	3623.134	3633.568	19559	0	160
2025.09.10	00:00:00	3633.543	3638.253	3620.180	3636.479	41458	0	160
2025.09.10	04:00:00	3636.581	3648.509	3636.488	3644.103	28106	0	160
2025.09.10	08:00:00	3644.141	3657.622	3641.995	3649.282	28449	0	160
2025.09.10	12:00:00	3649.298	3657.417	3638.438	3644.453	57446	0	160
2025.09.10	16:00:00	3644.393	3649.720	3635.064	3641.898	25487	0	160
2025.09.10	20:00:00	3641.864	3645.552	3637.996	3644.883	12553	0	160
2025.09.11	00:00:00	3644.916	3649.128	3629.859	3631.998	31281	0	160
2025.09.11	04:00:00	3632.064	3637.996	3622.666	3629.811	33824	0	160
2025.09.11	08:00:00	3629.845	3631.747	3614.136	3616.789	30263	0	160
2025.09.11	12:00:00	3616.756	3643.946	3613.082	3633.060	76314	0	160
2025.09.11	16:00:00	3633.102	3641.908	3630.298	3636.945	27470	0	160
2025.09.11	20:00:00	3636.909	3638.275	3631.519	3631.842	9610	0	160
2025.09.12	00:00:00	3631.810	3653.286	3630.526	3652.849	33690	0	160
2025.09.12	04:00:00	3652.862	3656.620	3647.799	3648.301	25414	0	160
2025.09.12	08:00:00	3648.279	3652.168	3637.694	3647.044	31903	0	160
2025.09.12	12:00:00	3647.076	3654.320	3638.242	3644.515	46605	0	160
2025.09.12	16:00:00	3644.539	3650.615	3642.707	3644.164	18841	0	160
2025.09.12	20:00:00	3644.204	3645.381	3641.347	3643.484	4075	0	160
2025.09.14	20:00:00	3644.610	3646.044	3636.772	3638.241	7087	0	160
2025.09.15	00:00:00	3638.237	3646.422	3626.541	3646.019	32516	0	160
2025.09.15	04:00:00	3646.030	3646.860	3633.740	3643.893	24163	0	160
2025.09.15	08:00:00	3643.900	3646.698	3635.683	3642.661	28320	0	160
2025.09.15	12:00:00	3642.686	3681.938	3636.946	3680.454	47321	0	160
2025.09.15	16:00:00	3680.497	3685.623	3674.766	3680.955	29670	0	160
2025.09.15	20:00:00	3680.912	3681.986	3676.131	3676.964	10751	0	160
2025.09.16	00:00:00	3676.886	3689.480	3674.696	3681.135	33455	0	160
2025.09.16	04:00:00	3681.078	3694.211	3680.160	3686.470	25406	0	160
2025.09.16	08:00:00	3686.431	3699.447	3686.138	3697.126	28433	0	160
2025.09.16	12:00:00	3697.203	3703.073	3678.868	3686.142	60162	0	160
2025.09.16	16:00:00	3686.210	3691.226	3684.613	3689.610	23116	0	160
2025.09.16	20:00:00	3689.668	3695.243	3689.440	3694.245	9444	0	160
2025.09.17	00:00:00	3694.244	3695.378	3674.218	3681.759	33085	0	160
2025.09.17	04:00:00	3681.688	3685.859	3666.591	3667.199	29570	0	160
2025.09.17	08:00:00	3667.155	3670.985	3659.843	3665.949	35255	0	160
2025.09.17	12:00:00	3665.988	3687.248	3665.570	3684.136	39157	0	160
2025.09.17	16:00:00	3684.167	3707.490	3646.097	3661.730	128014	0	160
2025.09.17	20:00:00	3661.757	3672.029	3655.582	3669.169	19040	0	160
2025.09.18	00:00:00	3669.131	3669.972	3651.826	3658.506	41122	0	160
2025.09.18	04:00:00	3658.554	3659.848	3633.819	3659.024	46243	0	160
2025.09.18	08:00:00	3658.899	3673.021	3653.644	3667.193	34747	0	160
2025.09.18	12:00:00	3667.233	3672.447	3627.772	3641.315	83131	0	160
2025.09.18	16:00:00	3641.346	3647.270	3640.506	3646.565	28002	0	160
2025.09.18	20:00:00	3646.611	3647.257	3637.711	3640.239	9702	0	160
2025.09.19	00:00:00	3640.242	3656.444	3632.203	3653.722	40637	0	160
2025.09.19	04:00:00	3653.660	3661.294	3643.269	3653.945	35501	0	160
2025.09.19	08:00:00	3653.874	3659.228	3645.676	3648.392	26934	0	160
2025.09.19	12:00:00	3648.421	3676.032	3643.763	3670.811	55350	0	160
2025.09.19	16:00:00	3670.710	3685.203	3666.602	3684.444	27177	0	160
2025.09.19	20:00:00	3684.353	3685.053	3680.846	3684.861	4006	0	160
2025.09.21	20:00:00	3687.969	3692.290	3683.776	3686.253	11983	0	160
2025.09.22	00:00:00	3686.263	3697.484	3685.466	3695.448	39556	0	160
2025.09.22	04:00:00	3695.419	3719.857	3690.108	3713.226	38015	0	160
2025.09.22	08:00:00	3713.193	3728.317	3712.314	3724.606	33722	0	160
2025.09.22	12:00:00	3724.643	3736.395	3712.030	3736.150	67006	0	160
2025.09.22	16:00:00	3736.109	3748.793	3735.201	3747.626	27895	0	160
2025.09.22	20:00:00	3747.592	3749.254	3738.273	3747.763	15187	0	160
2025.09.23	00:00:00	3747.797	3759.305	3736.722	3746.477	48609	0	160
2025.09.23	04:00:00	3746.489	3758.769	3743.065	3753.435	36249	0	160
2025.09.23	08:00:00	3753.329	3791.084	3752.965	3783.475	48387	0	160
2025.09.23	12:00:00	3783.520	3788.815	3767.654	3779.338	68367	0	160
2025.09.23	16:00:00	3779.382	3785.704	3751.856	3764.280	62192	0	160
2025.09.23	20:00:00	3764.251	3770.177	3761.561	3763.836	14811	0	160
2025.09.24	00:00:00	3763.822	3771.858	3750.597	3765.454	43437	0	160
2025.09.24	04:00:00	3765.422	3779.257	3763.218	3777.358	31351	0	160
2025.09.24	08:00:00	3777.391	3777.750	3759.629	3768.903	30514	0	160
2025.09.24	12:00:00	3768.958	3773.016	3739.614	3741.114	69091	0	160
2025.09.24	16:00:00	3741.151	3745.225	3717.427	3730.032	44127	0	160
2025.09.24	20:00:00	3730.098	3745.319	3729.941	3742.920	13924	0	160
2025.09.25	00:00:00	3742.990	3751.539	3729.422	3736.578	41257	0	160
2025.09.25	04:00:00	3736.581	3754.974	3731.730	3752.214	36576	0	160
2025.09.25	08:00:00	3752.172	3761.648	3741.100	3753.056	45890	0	160
2025.09.25	12:00:00	3753.018	3755.951	3721.931	3735.828	96809	0	160
2025.09.25	16:00:00	3735.920	3758.296	3732.355	3746.523	45469	0	160
2025.09.25	20:00:00	3746.560	3752.498	3738.051	3744.717	17990	0	160
2025.09.26	00:00:00	3744.676	3753.343	3734.464	3745.435	40067	0	160
2025.09.26	04:00:00	3745.474	3754.165	3739.207	3747.971	34217	0	160
2025.09.26	08:00:00	3747.991	3755.206	3742.903	3748.706	29792	0	160
2025.09.26	12:00:00	3748.662	3783.825	3746.530	3780.373	81967	0	160
2025.09.26	16:00:00	3780.332	3783.204	3764.617	3766.731	42195	0	160
2025.09.26	20:00:00	3766.762	3769.530	3760.050	3761.041	6541	0	160
2025.09.28	20:00:00	3764.718	3772.495	3763.347	3766.899	12895	0	160
2025.09.29	00:00:00	3766.858	3799.436	3763.935	3794.340	74344	0	160
2025.09.29	04:00:00	3794.355	3819.874	3792.447	3806.343	61435	0	160
2025.09.29	08:00:00	3806.381	3831.371	3806.381	3828.934	44012	0	160
2025.09.29	12:00:00	3828.865	3833.220	3809.189	3830.351	86425	0	160
2025.09.29	16:00:00	3830.345	3833.585	3822.605	3828.754	37028	0	160
2025.09.29	20:00:00	3828.792	3834.000	3825.626	3832.835	14612	0	160
2025.09.30	00:00:00	3832.890	3867.180	3831.094	3864.772	52059	0	160
2025.09.30	04:00:00	3864.731	3871.700	3839.471	3843.811	53062	0	160
2025.09.30	08:00:00	3843.843	3847.172	3793.113	3815.189	93001	0	160
2025.09.30	12:00:00	3815.128	3854.543	3808.828	3839.035	101677	0	160
2025.09.30	16:00:00	3839.001	3860.808	3837.779	3859.050	38002	0	160
2025.09.30	20:00:00	3859.090	3863.062	3850.714	3862.927	19742	0	160
2025.10.01	00:00:00	3862.940	3875.634	3855.514	3862.027	43352	0	160
2025.10.01	04:00:00	3862.001	3879.880	3853.334	3879.199	44997	0	160
2025.10.01	08:00:00	3879.237	3895.321	3878.058	3883.512	48663	0	160
2025.10.01	12:00:00	3883.621	3891.122	3856.145	3868.393	120407	0	160
2025.10.01	16:00:00	3868.365	3871.886	3854.868	3867.767	44645	0	160
2025.10.01	20:00:00	3867.731	3867.883	3857.474	3863.518	20111	0	160
2025.10.02	00:00:00	3863.475	3870.021	3852.832	3866.587	36394	0	160
2025.10.02	04:00:00	3866.587	3874.894	3861.697	3868.558	35042	0	160
2025.10.02	08:00:00	3868.459	3886.683	3864.587	3886.313	35833	0	160
2025.10.02	12:00:00	3886.277	3897.154	3819.335	3828.364	136655	0	160
2025.10.02	16:00:00	3828.316	3859.104	3827.101	3855.554	55454	0	160
2025.10.02	20:00:00	3855.603	3863.804	3852.146	3862.410	14606	0	160
2025.10.03	00:00:00	3862.365	3862.779	3838.019	3842.757	44984	0	160
2025.10.03	04:00:00	3842.711	3865.313	3841.608	3864.227	37588	0	160
2025.10.03	08:00:00	3864.196	3867.718	3854.689	3862.112	35898	0	160
2025.10.03	12:00:00	3862.141	3891.671	3860.448	3889.440	96267	0	160
2025.10.03	16:00:00	3889.474	3889.788	3876.883	3885.568	47001	0	160
2025.10.03	20:00:00	3885.537	3887.228	3882.845	3887.045	4688	0	160
2025.10.05	20:00:00	3888.624	3920.986	3884.034	3909.450	35171	0	160
2025.10.06	00:00:00	3909.487	3932.041	3898.937	3929.569	54907	0	160
2025.10.06	04:00:00	3929.584	3945.205	3922.377	3941.617	70824	0	160
2025.10.06	08:00:00	3941.651	3949.568	3930.997	3938.294	61785	0	160
2025.10.06	12:00:00	3938.256	3964.106	3926.472	3962.418	103776	0	160
2025.10.06	16:00:00	3962.454	3970.010	3945.799	3959.451	54403	0	160
2025.10.06	20:00:00	3959.415	3976.198	3957.397	3969.514	31932	0	160
2025.10.07	00:00:00	3969.556	3977.475	3955.804	3973.365	49960	0	160
2025.10.07	04:00:00	3973.410	3976.921	3943.305	3945.997	64557	0	160
2025.10.07	08:00:00	3945.918	3969.161	3940.820	3967.020	49667	0	160
2025.10.07	12:00:00	3966.967	3991.059	3961.817	3966.153	104241	0	160
2025.10.07	16:00:00	3966.174	3987.710	3963.092	3980.127	62196	0	160
2025.10.07	20:00:00	3980.170	3995.936	3980.170	3994.411	16566	0	160
2025.10.08	00:00:00	3994.367	4016.535	3984.478	4014.641	50791	0	160
2025.10.08	04:00:00	4014.688	4039.023	4014.683	4034.200	57410	0	160
2025.10.08	08:00:00	4034.165	4049.665	4030.829	4038.007	51904	0	160
2025.10.08	12:00:00	4037.971	4050.719	4026.342	4045.664	92246	0	160
2025.10.08	16:00:00	4045.694	4059.321	4032.088	4044.942	75261	0	160
2025.10.08	20:00:00	4044.914	4046.725	4001.204	4011.687	40069	0	160
2025.10.09	00:00:00	4011.706	4036.308	4002.498	4026.783	93342	0	160
2025.10.09	04:00:00	4026.720	4043.744	4022.631	4031.582	59404	0	160
2025.10.09	08:00:00	4031.511	4046.756	4030.183	4044.488	44260	0	160
2025.10.09	12:00:00	4044.450	4057.972	4003.929	4014.637	169532	0	160
2025.10.09	16:00:00	4014.588	4021.757	3944.596	3973.033	150637	0	160
2025.10.09	20:00:00	3973.087	3990.833	3958.514	3989.932	32533	0	160
2025.10.10	00:00:00	3989.927	3994.427	3960.795	3961.963	70400	0	160
2025.10.10	04:00:00	3961.934	3977.862	3946.948	3971.948	79175	0	160
2025.10.10	08:00:00	3971.998	4006.758	3970.153	3987.181	73009	0	160
2025.10.10	12:00:00	3987.207	4022.825	3970.604	3997.977	160230	0	160
2025.10.10	16:00:00	3998.011	4021.363	3974.975	4011.206	116745	0	160
2025.10.10	20:00:00	4011.247	4020.878	4005.670	4010.399	17080	0	160
2025.10.12	20:00:00	4014.463	4060.220	4008.645	4035.147	49623	0	160
2025.10.13	00:00:00	4035.195	4059.998	4024.300	4051.906	99480	0	160
2025.10.13	04:00:00	4051.922	4078.206	4050.974	4071.176	70223	0	160
2025.10.13	08:00:00	4071.111	4085.323	4069.026	4073.986	54965	0	160
2025.10.13	12:00:00	4073.987	4107.412	4073.189	4104.946	91363	0	160
2025.10.13	16:00:00	4104.908	4117.103	4090.676	4108.639	63183	0	160
2025.10.13	20:00:00	4108.532	4132.068	4106.021	4128.045	29018	0	160
2025.10.14	00:00:00	4128.091	4166.495	4119.597	4163.373	89260	0	160
2025.10.14	04:00:00	4163.414	4179.744	4090.544	4126.283	180430	0	160
2025.10.14	08:00:00	4126.236	4145.188	4121.823	4130.511	96966	0	160
2025.10.14	12:00:00	4130.473	4142.764	4097.762	4137.989	153586	0	160
2025.10.14	16:00:00	4138.030	4155.316	4127.900	4141.606	92667	0	160
2025.10.14	20:00:00	4141.564	4167.144	4139.138	4161.613	29714	0	160
2025.10.15	00:00:00	4161.574	4190.889	4153.849	4187.051	79463	0	160
2025.10.15	04:00:00	4187.099	4209.799	4173.268	4207.690	55407	0	160
2025.10.15	08:00:00	4207.732	4218.249	4164.750	4198.736	80498	0	160
2025.10.15	12:00:00	4198.692	4212.361	4176.187	4190.267	135672	0	160
2025.10.15	16:00:00	4190.285	4213.525	4182.544	4210.372	79863	0	160
2025.10.15	20:00:00	4210.328	4215.901	4199.612	4209.458	26688	0	160
2025.10.16	00:00:00	4209.491	4242.180	4204.950	4233.816	66512	0	160
2025.10.16	04:00:00	4233.804	4239.454	4203.508	4230.593	83824	0	160
2025.10.16	08:00:00	4230.521	4247.734	4222.062	4240.659	49397	0	160
2025.10.16	12:00:00	4240.703	4276.073	4227.664	4273.385	110763	0	160
2025.10.16	16:00:00	4273.438	4313.043	4261.316	4307.326	133480	0	160
2025.10.16	20:00:00	4307.373	4380.074	4307.373	4365.805	76002	0	160
2025.10.17	00:00:00	4365.763	4371.673	4278.793	4366.766	176280	0	160
2025.10.17	04:00:00	4366.703	4378.578	4309.025	4342.299	144545	0	160
2025.10.17	08:00:00	4342.408	4349.778	4286.683	4287.115	143099	0	160
2025.10.17	12:00:00	4287.178	4320.286	4216.823	4237.478	309694	0	160
2025.10.17	16:00:00	4237.540	4244.943	4186.194	4225.936	187659	0	160
2025.10.17	20:00:00	4225.895	4252.702	4220.102	4250.936	21083	0	160
2025.10.19	20:00:00	4264.629	4268.301	4233.282	4237.893	40891	0	160
2025.10.20	00:00:00	4237.865	4271.286	4218.931	4264.725	122789	0	160
2025.10.20	04:00:00	4264.681	4268.312	4221.442	4255.173	98052	0	160
2025.10.20	08:00:00	4255.137	4279.738	4245.621	4279.281	66821	0	160
2025.10.20	12:00:00	4279.241	4355.781	4272.727	4349.215	170670	0	160
2025.10.20	16:00:00	4349.180	4381.584	4337.366	4378.211	75244	0	160
2025.10.20	20:00:00	4378.090	4380.084	4346.475	4360.492	54028	0	160
2025.10.21	00:00:00	4360.442	4372.296	4332.867	4346.556	96879	0	160
2025.10.21	04:00:00	4346.596	4347.039	4293.421	4298.449	100233	0	160
2025.10.21	08:00:00	4298.422	4301.813	4244.728	4253.325	151492	0	160
2025.10.21	12:00:00	4253.353	4257.511	4080.817	4138.534	349021	0	160
2025.10.21	16:00:00	4138.576	4143.856	4093.562	4108.770	157556	0	160
2025.10.21	20:00:00	4108.820	4132.322	4090.142	4093.165	49886	0	160
2025.10.22	00:00:00	4093.182	4143.143	4004.185	4128.674	232184	0	160
2025.10.22	04:00:00	4128.682	4161.360	4107.536	4132.901	106524	0	160
2025.10.22	08:00:00	4132.863	4135.863	4015.047	4027.778	227504	0	160
2025.10.22	12:00:00	4027.805	4085.272	4010.942	4037.089	240401	0	160
2025.10.22	16:00:00	4037.043	4113.704	4023.139	4102.378	143206	0	160
2025.10.22	20:00:00	4102.333	4116.471	4080.517	4087.665	55082	0	160
2025.10.23	00:00:00	4087.709	4100.761	4065.957	4091.173	100778	0	160
2025.10.23	04:00:00	4091.195	4137.712	4079.656	4094.256	99911	0	160
2025.10.23	08:00:00	4094.313	4125.442	4094.313	4109.614	93187	0	160
2025.10.23	12:00:00	4109.581	4154.670	4100.140	4141.845	133191	0	160
2025.10.23	16:00:00	4141.816	4148.643	4116.452	4118.289	73308	0	160
2025.10.23	20:00:00	4118.333	4131.918	4105.847	4121.775	33461	0	160
2025.10.24	00:00:00	4121.800	4144.283	4107.529	4122.380	73108	0	160
2025.10.24	04:00:00	4122.262	4123.344	4069.547	4074.245	81728	0	160
2025.10.24	08:00:00	4074.396	4077.862	4043.978	4061.284	89465	0	160
2025.10.24	12:00:00	4061.371	4135.165	4059.819	4130.347	173350	0	160
2025.10.24	16:00:00	4130.413	4138.622	4101.827	4103.999	82130	0	160
2025.10.24	20:00:00	4104.036	4114.079	4096.254	4113.082	9736	0	160
2025.10.26	20:00:00	4083.572	4109.217	4061.912	4064.458	50090	0	160
2025.10.27	00:00:00	4064.532	4097.810	4058.108	4069.562	84835	0	160
2025.10.27	04:00:00	4069.523	4084.782	4053.805	4068.619	65022	0	160
2025.10.27	08:00:00	4068.588	4070.538	4015.396	4023.923	108400	0	160
2025.10.27	12:00:00	4023.966	4050.275	3971.348	3989.930	190012	0	160
2025.10.27	16:00:00	3990.039	4010.147	3983.978	3990.129	84198	0	160
2025.10.27	20:00:00	3990.176	4004.562	3979.110	3998.476	36650	0	160
2025.10.28	00:00:00	3998.379	4019.767	3973.043	3992.900	81700	0	160
2025.10.28	04:00:00	3992.884	3994.255	3921.761	3932.430	101408	0	160
2025.10.28	08:00:00	3932.477	3935.894	3886.535	3923.293	118891	0	160
2025.10.28	12:00:00	3923.248	3969.611	3905.542	3964.813	122131	0	160
2025.10.28	16:00:00	3964.724	3970.422	3945.144	3960.116	86019	0	160
2025.10.28	20:00:00	3960.164	3967.841	3915.990	3964.818	48573	0	160
2025.10.29	00:00:00	3964.838	3982.244	3944.199	3963.360	81936	0	160
2025.10.29	04:00:00	3963.373	4001.586	3950.749	4001.329	70201	0	160
2025.10.29	08:00:00	4001.294	4029.706	4000.436	4016.693	75215	0	160
2025.10.29	12:00:00	4016.722	4030.231	3989.229	3992.986	103584	0	160
2025.10.29	16:00:00	3993.009	4007.501	3927.910	3945.555	163636	0	160
2025.10.29	20:00:00	3945.528	3954.231	3917.163	3952.812	53866	0	160
2025.10.30	00:00:00	3952.798	3966.389	3915.339	3938.012	92011	0	160
2025.10.30	04:00:00	3938.021	3982.403	3934.842	3961.320	101999	0	160
2025.10.30	08:00:00	3961.411	4011.825	3960.160	3974.380	88720	0	160
2025.10.30	12:00:00	3974.422	4014.838	3960.046	4001.938	145114	0	160
2025.10.30	16:00:00	4001.900	4026.044	3991.380	4023.466	67674	0	160
2025.10.30	20:00:00	4023.430	4046.422	4016.328	4036.658	42425	0	160
2025.10.31	00:00:00	4036.633	4039.294	3991.125	3996.422	89628	0	160
2025.10.31	04:00:00	3996.413	4025.306	3989.079	4021.041	74306	0	160
2025.10.31	08:00:00	4021.011	4026.871	3998.795	4010.585	62640	0	160
2025.10.31	12:00:00	4010.528	4036.257	4009.075	4012.804	107594	0	160
2025.10.31	16:00:00	4012.734	4015.188	3972.406	4001.071	104236	0	160
2025.10.31	20:00:00	4001.033	4006.709	3996.135	4001.621	7954	0	160
2025.11.02	20:00:00	3990.719	3998.970	3977.946	3980.306	17437	0	160
2025.11.03	00:00:00	3980.254	4015.528	3962.306	4011.114	87323	0	160
2025.11.03	04:00:00	4011.173	4026.084	3997.685	4025.279	56097	0	160
2025.11.03	08:00:00	4025.371	4027.854	3992.968	4007.563	74852	0	160
2025.11.03	12:00:00	4007.556	4030.646	4001.707	4008.635	103047	0	160
2025.11.03	16:00:00	4008.604	4013.492	3995.104	4004.710	62045	0	160
2025.11.03	20:00:00	4004.670	4014.932	3980.963	3997.266	28516	0	160
2025.11.04	00:00:00	3997.301	3999.348	3975.467	3994.564	73287	0	160
2025.11.04	04:00:00	3994.525	3996.438	3966.773	3993.974	66664	0	160
2025.11.04	08:00:00	3994.038	4000.711	3985.891	3995.182	55102	0	160
2025.11.04	12:00:00	3995.220	3997.576	3928.810	3956.828	109324	0	160
2025.11.04	16:00:00	3956.803	3975.778	3932.094	3937.435	78391	0	160
2025.11.04	20:00:00	3937.450	3942.073	3930.398	3934.767	31779	0	160
2025.11.05	00:00:00	3934.793	3965.358	3929.598	3960.874	65718	0	160
2025.11.05	04:00:00	3960.841	3978.556	3959.739	3972.701	49228	0	160
2025.11.05	08:00:00	3972.734	3987.091	3956.028	3966.917	51729	0	160
2025.11.05	12:00:00	3966.874	3985.562	3962.240	3978.201	77493	0	160
2025.11.05	16:00:00	3978.243	3990.543	3974.819	3987.809	43768	0	160
2025.11.05	20:00:00	3987.838	3990.243	3966.726	3973.671	23963	0	160
2025.11.06	00:00:00	3973.630	3990.439	3964.543	3987.556	44572	0	160
2025.11.06	04:00:00	3987.517	4009.645	3982.205	4005.879	39336	0	160
2025.11.06	08:00:00	4005.818	4019.609	4004.248	4018.182	39433	0	160
2025.11.06	12:00:00	4018.044	4019.551	3975.197	3980.220	85228	0	160
2025.11.06	16:00:00	3980.264	3995.281	3965.754	3985.395	66057	0	160
2025.11.06	20:00:00	3985.350	3989.754	3974.354	3989.177	27630	0	160
2025.11.07	00:00:00	3989.218	4003.402	3984.493	3990.445	38435	0	160
2025.11.07	04:00:00	3990.413	4010.016	3985.387	4007.772	37827	0	160
2025.11.07	08:00:00	4007.836	4014.195	3993.654	4002.861	42271	0	160
2025.11.07	12:00:00	4002.935	4008.482	3984.058	3990.952	79066	0	160
2025.11.07	16:00:00	3990.989	4027.628	3989.915	4006.838	78208	0	160
2025.11.07	20:00:00	4006.811	4007.185	3994.316	4001.422	22451	0	160
2025.11.09	20:00:00	4004.876	4012.265	4004.067	4011.852	11809	0	160
2025.11.10	00:00:00	4011.870	4053.256	4011.132	4050.292	64037	0	160
2025.11.10	04:00:00	4050.242	4079.165	4049.947	4075.190	44882	0	160
2025.11.10	08:00:00	4075.143	4086.238	4071.595	4085.293	46341	0	160
2025.11.10	12:00:00	4085.335	4105.911	4074.405	4084.555	92926	0	160
2025.11.10	16:00:00	4084.509	4115.793	4081.921	4113.129	47701	0	160
2025.11.10	20:00:00	4113.102	4122.693	4106.580	4119.955	23562	0	160
2025.11.11	00:00:00	4119.992	4148.113	4116.195	4146.883	54852	0	160
2025.11.11	04:00:00	4146.796	4148.862	4124.518	4129.671	48155	0	160
2025.11.11	08:00:00	4129.622	4146.001	4128.805	4142.788	39907	0	160
2025.11.11	12:00:00	4142.891	4146.670	4097.107	4106.638	85222	0	160
2025.11.11	16:00:00	4106.671	4126.175	4105.046	4123.010	48943	0	160
2025.11.11	20:00:00	4123.062	4144.677	4122.366	4142.683	26896	0	160
2025.11.12	00:00:00	4142.574	4145.524	4111.790	4111.972	57044	0	160
2025.11.12	04:00:00	4111.934	4125.318	4098.895	4116.963	54185	0	160
2025.11.12	08:00:00	4116.935	4133.576	4112.131	4126.121	53549	0	160
2025.11.12	12:00:00	4126.096	4185.704	4122.758	4181.468	102743	0	160
2025.11.12	16:00:00	4181.381	4211.822	4180.097	4197.485	95660	0	160
2025.11.12	20:00:00	4197.440	4208.175	4187.216	4191.097	35660	0	160
2025.11.13	00:00:00	4191.055	4213.455	4179.893	4213.125	80752	0	160
2025.11.13	04:00:00	4213.094	4220.091	4203.257	4219.942	61470	0	160
2025.11.13	08:00:00	4219.896	4240.261	4218.874	4230.487	62451	0	160
2025.11.13	12:00:00	4230.531	4245.297	4184.533	4202.535	128690	0	160
2025.11.13	16:00:00	4202.509	4211.009	4145.366	4163.828	123726	0	160
2025.11.13	20:00:00	4163.872	4186.674	4160.284	4185.865	43433	0	160
2025.11.14	00:00:00	4185.908	4211.571	4173.688	4204.463	66863	0	160
2025.11.14	04:00:00	4204.400	4205.843	4158.836	4181.008	72478	0	160
2025.11.14	08:00:00	4180.973	4186.950	4130.777	4132.907	82429	0	160
2025.11.14	12:00:00	4132.853	4140.501	4032.194	4093.474	213163	0	160
2025.11.14	16:00:00	4093.530	4111.212	4080.789	4089.972	103368	0	160
2025.11.14	20:00:00	4090.015	4092.359	4075.294	4084.609	30290	0	160
2025.11.16	20:00:00	4083.755	4106.784	4071.875	4096.457	22940	0	160
2025.11.17	00:00:00	4096.528	4102.076	4070.068	4082.921	94094	0	160
2025.11.17	04:00:00	4082.897	4089.243	4049.643	4088.159	66641	0	160
2025.11.17	08:00:00	4088.130	4095.987	4061.026	4078.456	72428	0	160
2025.11.17	12:00:00	4078.493	4092.240	4060.617	4064.373	102286	0	160
2025.11.17	16:00:00	4064.304	4081.082	4010.749	4011.229	100456	0	160
2025.11.17	20:00:00	4011.258	4055.565	4006.827	4036.825	59051	0	160
2025.11.18	00:00:00	4036.862	4045.052	4008.202	4013.285	85233	0	160
2025.11.18	04:00:00	4013.316	4025.227	3998.037	4013.674	73097	0	160
2025.11.18	08:00:00	4013.648	4050.503	4010.540	4039.406	69060	0	160
2025.11.18	12:00:00	4039.374	4082.018	4029.113	4052.948	131642	0	160
2025.11.18	16:00:00	4053.001	4082.060	4040.402	4081.051	84979	0	160
2025.11.18	20:00:00	4081.089	4082.273	4064.865	4076.650	31816	0	160
2025.11.19	00:00:00	4076.692	4080.659	4055.612	4066.989	64921	0	160
2025.11.19	04:00:00	4066.883	4098.630	4064.406	4086.976	55295	0	160
2025.11.19	08:00:00	4086.931	4119.173	4078.212	4112.900	70832	0	160
2025.11.19	12:00:00	4112.803	4132.686	4090.012	4096.599	110664	0	160
2025.11.19	16:00:00	4096.634	4098.610	4055.572	4073.651	146530	0	160
2025.11.19	20:00:00	4073.603	4108.239	4065.574	4104.662	45876	0	160
2025.11.20	00:00:00	4104.692	4110.341	4039.865	4072.378	97260	0	160
2025.11.20	04:00:00	4072.427	4080.577	4054.029	4059.959	68780	0	160
2025.11.20	08:00:00	4059.901	4072.779	4038.705	4060.789	85323	0	160
2025.11.20	12:00:00	4060.823	4107.146	4060.084	4070.156	146463	0	160
2025.11.20	16:00:00	4070.211	4087.312	4043.674	4084.652	159525	0	160
2025.11.20	20:00:00	4084.615	4088.817	4072.924	4079.125	42799	0	160
2025.11.21	00:00:00	4079.174	4081.423	4049.335	4056.197	74549	0	160
2025.11.21	04:00:00	4056.160	4064.881	4024.810	4031.675	82504	0	160
2025.11.21	08:00:00	4031.705	4063.621	4022.276	4036.588	94664	0	160
2025.11.21	12:00:00	4036.553	4083.968	4034.758	4069.701	151087	0	160
2025.11.21	16:00:00	4069.723	4101.312	4062.910	4087.587	104071	0	160
2025.11.21	20:00:00	4087.621	4088.800	4054.468	4066.113	39669	0	160
2025.11.23	20:00:00	4072.469	4077.701	4065.797	4075.117	14588	0	160
2025.11.24	00:00:00	4075.148	4076.144	4040.582	4050.459	67445	0	160
2025.11.24	04:00:00	4050.507	4067.620	4039.842	4060.001	62829	0	160
2025.11.24	08:00:00	4059.900	4077.254	4059.552	4069.896	54135	0	160
2025.11.24	12:00:00	4069.860	4093.905	4065.636	4091.741	86044	0	160
2025.11.24	16:00:00	4091.791	4125.741	4088.005	4118.508	66282	0	160
2025.11.24	20:00:00	4118.531	4144.376	4117.942	4143.810	38453	0	160
2025.11.25	00:00:00	4143.802	4155.820	4122.524	4143.052	83993	0	160
2025.11.25	04:00:00	4143.026	4152.123	4130.277	4132.529	58313	0	160
2025.11.25	08:00:00	4132.625	4139.522	4109.156	4133.459	65175	0	160
2025.11.25	12:00:00	4133.563	4150.867	4111.034	4123.130	107905	0	160
2025.11.25	16:00:00	4123.092	4159.414	4122.107	4133.761	83894	0	160
2025.11.25	20:00:00	4133.797	4138.419	4127.675	4133.730	27602	0	160
2025.11.26	00:00:00	4133.737	4169.421	4132.595	4166.104	57462	0	160
2025.11.26	04:00:00	4166.062	4168.638	4146.625	4157.237	49895	0	160
2025.11.26	08:00:00	4157.352	4173.161	4154.696	4171.556	54335	0	160
2025.11.26	12:00:00	4171.577	4173.595	4136.508	4165.246	100423	0	160
2025.11.26	16:00:00	4165.286	4171.743	4157.951	4163.254	56300	0	160
2025.11.26	20:00:00	4163.268	4168.944	4161.279	4165.012	23882	0	160
2025.11.27	00:00:00	4164.965	4167.313	4144.145	4147.464	50234	0	160
2025.11.27	04:00:00	4147.420	4162.288	4142.601	4160.009	45076	0	160
2025.11.27	08:00:00	4160.059	4167.141	4148.261	4157.328	44984	0	160
2025.11.27	12:00:00	4157.352	4161.860	4149.176	4158.056	44195	0	160
2025.11.27	16:00:00	4158.005	4160.413	4151.443	4157.116	17615	0	160
2025.11.27	20:00:00	4160.413	4164.010	4158.299	4163.431	4639	0	160
2025.11.28	00:00:00	4163.371	4193.052	4163.093	4184.227	42214	0	160
2025.11.28	04:00:00	4184.232	4188.862	4155.874	4174.631	24554	0	160
2025.11.28	08:00:00	4174.635	4179.939	4147.529	4172.019	56456	0	160
2025.11.28	12:00:00	4171.980	4208.978	4168.712	4203.639	57418	0	160
2025.11.28	16:00:00	4203.609	4226.479	4197.605	4219.163	51436	0	160
2025.11.30	20:00:00	4219.988	4225.308	4205.841	4221.933	15705	0	160
2025.12.01	00:00:00	4221.906	4256.447	4218.245	4239.350	84342	0	160
2025.12.01	04:00:00	4239.307	4246.989	4215.434	4245.320	60102	0	160
2025.12.01	08:00:00	4245.286	4262.278	4238.440	4254.634	50293	0	160
2025.12.01	12:00:00	4254.639	4264.532	4219.589	4232.518	104662	0	160
2025.12.01	16:00:00	4232.589	4244.713	4223.127	4236.851	93147	0	160
2025.12.01	20:00:00	4236.875	4241.542	4224.423	4227.700	34997	0	160
2025.12.02	00:00:00	4227.704	4229.740	4191.183	4216.858	81853	0	160
2025.12.02	04:00:00	4216.813	4226.316	4203.258	4213.307	53967	0	160
2025.12.02	08:00:00	4213.386	4217.200	4180.945	4205.288	60371	0	160
2025.12.02	12:00:00	4205.254	4230.859	4163.566	4169.426	116100	0	160
2025.12.02	16:00:00	4169.474	4200.693	4166.874	4196.520	81540	0	160
2025.12.02	20:00:00	4196.557	4216.236	4194.862	4212.876	33580	0	160
2025.12.03	00:00:00	4212.913	4228.936	4204.339	4221.244	62139	0	160
2025.12.03	04:00:00	4221.200	4225.428	4199.985	4206.453	59753	0	160
2025.12.03	08:00:00	4206.500	4210.335	4194.480	4208.564	50613	0	160
2025.12.03	12:00:00	4208.537	4241.579	4205.111	4216.342	110344	0	160
2025.12.03	16:00:00	4216.307	4224.964	4195.225	4207.944	78895	0	160
2025.12.03	20:00:00	4207.830	4212.701	4202.395	4207.165	25840	0	160
2025.12.04	00:00:00	4207.102	4216.817	4187.241	4195.851	60798	0	160
2025.12.04	04:00:00	4195.765	4199.101	4174.868	4193.744	62695	0	160
2025.12.04	08:00:00	4193.713	4206.521	4183.686	4198.652	51823	0	160
2025.12.04	12:00:00	4198.625	4213.586	4185.475	4207.520	97223	0	160
2025.12.04	16:00:00	4207.493	4219.486	4199.599	4208.939	59427	0	160
2025.12.04	20:00:00	4208.921	4210.381	4203.865	4206.079	21018	0	160
2025.12.05	00:00:00	4206.077	4210.979	4194.840	4209.557	48203	0	160
2025.12.05	04:00:00	4209.544	4230.701	4207.863	4224.363	44345	0	160
2025.12.05	08:00:00	4224.409	4227.553	4215.909	4223.693	33253	0	160
2025.12.05	12:00:00	4223.744	4259.240	4221.524	4243.480	87110	0	160
2025.12.05	16:00:00	4243.536	4245.707	4198.651	4207.649	105620	0	160
2025.12.05	20:00:00	4207.690	4207.844	4191.863	4198.522	37319	0	160
2025.12.07	20:00:00	4202.426	4208.458	4189.804	4201.389	2185	0	160
2025.12.08	00:00:00	4201.433	4213.415	4197.576	4210.017	50843	0	160
2025.12.08	04:00:00	4210.051	4218.963	4204.603	4206.864	34392	0	160
2025.12.08	08:00:00	4206.863	4216.531	4199.622	4208.383	38094	0	160
2025.12.08	12:00:00	4208.443	4215.564	4176.137	4182.933	80842	0	160
2025.12.08	16:00:00	4182.891	4197.891	4177.118	4187.057	46475	0	160
2025.12.08	20:00:00	4187.017	4195.497	4184.898	4194.735	16101	0	160
2025.12.09	00:00:00	4194.740	4198.844	4186.012	4194.538	38454	0	160
2025.12.09	04:00:00	4194.523	4195.686	4170.097	4182.368	46983	0	160
2025.12.09	08:00:00	4182.332	4213.140	4182.332	4202.976	49715	0	160
2025.12.09	12:00:00	4203.024	4216.496	4189.416	4212.562	92393	0	160
2025.12.09	16:00:00	4212.522	4221.526	4201.215	4212.577	68995	0	160
2025.12.09	20:00:00	4212.540	4216.052	4207.159	4210.870	37729	0	160
2025.12.10	00:00:00	4210.815	4218.778	4203.765	4206.300	49291	0	160
2025.12.10	04:00:00	4206.378	4214.406	4201.770	4203.392	38206	0	160
2025.12.10	08:00:00	4203.357	4206.613	4187.729	4197.221	43175	0	160
2025.12.10	12:00:00	4197.311	4207.115	4188.957	4193.620	72417	0	160
2025.12.10	16:00:00	4193.715	4219.893	4181.686	4216.405	103803	0	160
2025.12.10	20:00:00	4216.372	4238.679	4211.013	4232.418	61716	0	160
2025.12.11	00:00:00	4232.502	4247.762	4209.347	4216.788	70852	0	160
2025.12.11	04:00:00	4216.738	4218.689	4204.316	4216.079	50986	0	160
2025.12.11	08:00:00	4216.053	4225.931	4209.658	4211.404	63810	0	160
2025.12.11	12:00:00	4211.353	4261.540	4205.192	4256.005	172927	0	160
2025.12.11	16:00:00	4255.933	4285.959	4250.067	4273.621	156885	0	160
2025.12.11	20:00:00	4273.598	4283.660	4264.227	4276.523	66409	0	160
2025.12.12	00:00:00	4276.471	4280.202	4264.738	4270.609	54965	0	160
2025.12.12	04:00:00	4270.591	4290.557	4266.085	4287.175	36781	0	160
2025.12.12	08:00:00	4287.153	4339.355	4286.981	4336.431	62986	0	160
2025.12.12	12:00:00	4336.503	4353.570	4283.082	4290.494	165898	0	160
2025.12.12	16:00:00	4290.446	4303.627	4256.958	4296.552	159504	0	160
2025.12.12	20:00:00	4296.527	4304.299	4288.403	4300.983	25819	0	160
2025.12.14	20:00:00	4300.525	4308.411	4299.862	4302.391	9931	0	160
2025.12.15	00:00:00	4302.431	4329.634	4300.079	4327.075	51741	0	160
2025.12.15	04:00:00	4327.147	4347.599	4323.149	4339.349	45014	0	160
2025.12.15	08:00:00	4339.306	4350.352	4335.333	4342.747	37357	0	160
2025.12.15	12:00:00	4342.845	4348.460	4311.433	4318.307	110373	0	160
2025.12.15	16:00:00	4318.339	4318.941	4285.180	4314.227	88680	0	160
2025.12.15	20:00:00	4314.176	4314.501	4299.462	4304.150	26497	0	160
2025.12.16	00:00:00	4304.132	4317.922	4280.571	4290.839	78219	0	160
2025.12.16	04:00:00	4290.867	4292.283	4271.599	4287.643	54176	0	160
2025.12.16	08:00:00	4287.577	4289.537	4273.752	4278.382	44431	0	160
2025.12.16	12:00:00	4278.422	4335.137	4276.705	4319.805	110407	0	160
2025.12.16	16:00:00	4319.758	4323.172	4291.066	4310.723	83618	0	160
2025.12.16	20:00:00	4310.676	4314.381	4300.693	4307.860	23234	0	160
2025.12.17	00:00:00	4307.905	4327.864	4307.375	4323.639	61431	0	160
2025.12.17	04:00:00	4323.670	4342.530	4315.555	4317.827	57748	0	160
2025.12.17	08:00:00	4317.798	4323.293	4306.453	4316.409	42743	0	160
2025.12.17	12:00:00	4316.457	4349.297	4314.921	4330.188	109068	0	160
2025.12.17	16:00:00	4330.239	4346.439	4320.312	4336.967	94136	0	160
2025.12.17	20:00:00	4336.935	4346.328	4335.192	4339.201	24177	0	160
2025.12.18	00:00:00	4339.150	4342.938	4324.200	4333.093	58396	0	160
2025.12.18	04:00:00	4333.196	4337.740	4328.576	4331.418	38760	0	160
2025.12.18	08:00:00	4331.379	4332.592	4320.584	4325.567	36584	0	160
2025.12.18	12:00:00	4325.572	4343.102	4308.654	4338.221	119814	0	160
2025.12.18	16:00:00	4338.265	4374.645	4321.657	4324.976	134148	0	160
2025.12.18	20:00:00	4324.992	4338.159	4324.480	4335.144	27270	0	160
2025.12.19	00:00:00	4335.170	4335.841	4309.221	4318.024	58133	0	160
2025.12.19	04:00:00	4318.031	4329.539	4316.900	4322.756	43779	0	160
2025.12.19	08:00:00	4322.716	4333.590	4321.090	4327.238	38761	0	160
2025.12.19	12:00:00	4327.290	4349.049	4319.730	4347.800	89151	0	160
2025.12.19	16:00:00	4347.773	4356.559	4341.968	4345.356	62939	0	160
2025.12.19	20:00:00	4345.299	4346.355	4336.637	4339.365	16112	0	160
2025.12.21	20:00:00	4340.979	4356.441	4339.944	4355.345	7983	0	160
2025.12.22	00:00:00	4355.278	4394.991	4355.278	4392.633	61294	0	160
2025.12.22	04:00:00	4392.672	4420.347	4391.329	4414.352	50949	0	160
2025.12.22	08:00:00	4414.280	4415.950	4406.138	4410.272	35220	0	160
2025.12.22	12:00:00	4410.206	4435.506	4406.157	4431.837	80908	0	160
2025.12.22	16:00:00	4431.808	4442.300	4428.043	4433.487	48540	0	160
2025.12.22	20:00:00	4433.449	4461.774	4431.723	4460.243	24622	0	160
2025.12.23	00:00:00	4460.236	4497.830	4458.033	4486.863	63174	0	160
2025.12.23	04:00:00	4486.824	4489.619	4469.518	4486.692	44431	0	160
2025.12.23	08:00:00	4486.656	4494.149	4478.220	4493.501	39101	0	160
2025.12.23	12:00:00	4493.464	4497.359	4430.579	4458.511	127260	0	160
2025.12.23	16:00:00	4458.471	4496.327	4455.899	4490.860	65692	0	160
2025.12.23	20:00:00	4490.896	4510.399	4483.568	4503.344	29552	0	160
2025.12.24	00:00:00	4503.359	4525.969	4468.766	4493.138	91848	0	160
2025.12.24	04:00:00	4493.164	4501.566	4483.440	4483.925	47942	0	160
2025.12.24	08:00:00	4483.975	4499.899	4478.091	4491.476	49115	0	160
2025.12.24	12:00:00	4491.512	4496.050	4448.294	4458.334	112798	0	160
2025.12.24	16:00:00	4458.382	4487.611	4455.887	4480.715	45535	0	160
2025.12.25	20:00:00	4486.193	4500.024	4484.435	4495.245	9545	0	160
2025.12.26	00:00:00	4495.172	4531.332	4492.303	4501.836	88961	0	160
2025.12.26	04:00:00	4501.730	4519.339	4500.528	4510.957	46159	0	160
2025.12.26	08:00:00	4510.994	4523.858	4502.773	4509.647	46489	0	160
2025.12.26	12:00:00	4509.611	4547.660	4503.845	4546.678	100506	0	160
2025.12.26	16:00:00	4546.631	4550.224	4509.845	4523.772	100046	0	160
2025.12.26	20:00:00	4523.800	4535.379	4521.822	4532.515	32333	0	160
2025.12.28	20:00:00	4546.214	4548.500	4523.347	4527.184	25283	0	160
2025.12.29	00:00:00	4527.210	4528.030	4472.242	4516.325	135562	0	160
2025.12.29	04:00:00	4516.340	4519.516	4444.999	4474.592	105976	0	160
2025.12.29	08:00:00	4474.713	4488.632	4434.210	4446.684	89759	0	160
2025.12.29	12:00:00	4446.710	4467.761	4302.137	4325.318	201820	0	160
2025.12.29	16:00:00	4325.282	4347.521	4314.714	4336.993	110213	0	160
2025.12.29	20:00:00	4337.018	4347.180	4323.334	4345.645	42384	0	160
2025.12.30	00:00:00	4345.585	4369.264	4324.410	4359.264	83707	0	160
2025.12.30	04:00:00	4359.357	4383.565	4357.609	4372.569	66127	0	160
2025.12.30	08:00:00	4372.625	4391.783	4350.137	4384.409	60336	0	160
2025.12.30	12:00:00	4384.366	4404.262	4355.780	4365.096	125294	0	160
2025.12.30	16:00:00	4365.132	4381.803	4337.569	4348.624	81565	0	160
2025.12.30	20:00:00	4348.649	4355.571	4328.508	4338.922	47696	0	160
2025.12.31	00:00:00	4338.977	4373.450	4332.467	4348.657	97445	0	160
2025.12.31	04:00:00	4348.617	4351.395	4274.355	4331.108	107454	0	160
2025.12.31	08:00:00	4331.079	4337.374	4303.336	4310.933	68348	0	160
2025.12.31	12:00:00	4310.907	4353.617	4303.096	4337.274	104819	0	160
2025.12.31	16:00:00	4337.321	4339.688	4307.289	4311.253	52087	0	160
2025.12.31	20:00:00	4311.052	4324.445	4304.157	4318.847	12373	0	160
2026.01.01	20:00:00	4328.340	4351.507	4327.673	4348.349	8136	0	160
2026.01.02	00:00:00	4348.358	4375.846	4341.279	4375.173	49423	0	160
2026.01.02	04:00:00	4375.130	4383.326	4370.946	4382.800	40769	0	160
2026.01.02	08:00:00	4382.763	4399.384	4380.490	4392.898	40181	0	160
2026.01.02	12:00:00	4392.888	4402.465	4330.241	4335.470	129122	0	160
2026.01.02	16:00:00	4335.417	4337.401	4309.673	4318.185	102349	0	160
2026.01.02	20:00:00	4318.228	4333.960	4317.152	4331.759	20423	0	160
2026.01.04	20:00:00	4353.486	4375.927	4349.834	4372.570	15653	0	160
2026.01.05	00:00:00	4372.597	4421.140	4370.227	4399.941	115592	0	160
2026.01.05	04:00:00	4399.909	4426.559	4397.428	4421.826	57379	0	160
2026.01.05	08:00:00	4421.868	4440.011	4411.073	4419.349	56121	0	160
2026.01.05	12:00:00	4419.316	4455.697	4395.895	4448.524	122026	0	160
2026.01.05	16:00:00	4448.487	4454.479	4432.261	4439.845	70264	0	160
2026.01.05	20:00:00	4439.805	4460.290	4436.869	4440.334	29525	0	160
2026.01.06	00:00:00	4440.426	4468.212	4427.675	4467.805	74806	0	160
2026.01.06	04:00:00	4467.682	4474.275	4449.440	4459.479	57129	0	160
2026.01.06	08:00:00	4459.501	4476.002	4442.565	4463.377	54732	0	160
2026.01.06	12:00:00	4463.319	4490.968	4453.975	4478.351	98855	0	160
2026.01.06	16:00:00	4478.320	4494.127	4471.616	4481.409	68422	0	160
2026.01.06	20:00:00	4481.378	4500.541	4480.296	4493.223	25462	0	160
2026.01.07	00:00:00	4493.308	4495.931	4459.455	4474.703	86576	0	160
2026.01.07	04:00:00	4474.645	4476.083	4441.419	4461.273	76880	0	160
2026.01.07	08:00:00	4461.183	4474.845	4446.584	4447.469	47930	0	160
2026.01.07	12:00:00	4447.441	4455.125	4423.560	4446.078	124631	0	160
2026.01.07	16:00:00	4446.044	4468.439	4443.910	4456.852	70535	0	160
2026.01.07	20:00:00	4456.896	4464.170	4449.794	4463.418	28174	0	160
2026.01.08	00:00:00	4463.438	4466.480	4433.334	4440.299	71879	0	160
2026.01.08	04:00:00	4440.323	4440.571	4415.511	4431.056	72918	0	160
2026.01.08	08:00:00	4430.976	4435.449	4419.832	4422.728	49522	0	160
2026.01.08	12:00:00	4422.769	4456.536	4407.557	4454.150	123063	0	160
2026.01.08	16:00:00	4454.191	4465.503	4444.332	4452.141	67246	0	160
2026.01.08	20:00:00	4452.020	4484.203	4451.420	4475.597	34086	0	160
2026.01.09	00:00:00	4475.632	4476.742	4452.840	4464.219	63597	0	160
2026.01.09	04:00:00	4464.226	4477.388	4458.040	4470.230	45045	0	160
2026.01.09	08:00:00	4470.267	4477.674	4463.971	4475.430	36643	0	160
2026.01.09	12:00:00	4475.406	4517.180	4458.906	4512.272	132468	0	160
2026.01.09	16:00:00	4512.371	4514.408	4482.001	4499.322	75675	0	160
2026.01.09	20:00:00	4499.294	4511.179	4497.779	4509.075	19966	0	160
2026.01.11	20:00:00	4517.918	4545.010	4517.918	4539.960	13225	0	160
2026.01.12	00:00:00	4540.028	4601.220	4536.272	4570.658	125907	0	160
2026.01.12	04:00:00	4570.695	4589.641	4563.516	4587.700	59891	0	160
2026.01.12	08:00:00	4587.743	4599.355	4579.506	4585.272	54417	0	160
2026.01.12	12:00:00	4585.261	4627.426	4578.449	4621.268	129570	0	160
2026.01.12	16:00:00	4621.242	4630.183	4600.443	4611.105	72529	0	160
2026.01.12	20:00:00	4611.138	4611.760	4577.934	4599.371	43966	0	160
2026.01.13	00:00:00	4599.408	4599.717	4575.450	4594.166	69987	0	160
2026.01.13	04:00:00	4594.125	4602.247	4573.274	4580.548	54024	0	160
2026.01.13	08:00:00	4580.515	4597.225	4579.536	4588.503	42297	0	160
2026.01.13	12:00:00	4588.599	4634.796	4577.847	4619.104	120655	0	160
2026.01.13	16:00:00	4619.001	4620.796	4581.046	4597.503	92504	0	160
2026.01.13	20:00:00	4597.539	4598.857	4569.234	4597.136	39053	0	160
2026.01.14	00:00:00	4597.181	4630.088	4597.117	4628.238	64741	0	160
2026.01.14	04:00:00	4628.316	4639.887	4617.789	4632.634	67272	0	160
2026.01.14	08:00:00	4632.562	4639.669	4621.938	4630.327	50674	0	160
2026.01.14	12:00:00	4630.340	4641.989	4599.345	4617.855	125059	0	160
2026.01.14	16:00:00	4617.892	4643.189	4601.076	4639.223	92897	0	160
2026.01.14	20:00:00	4639.221	4641.566	4602.868	4615.294	57089	0	160
2026.01.15	00:00:00	4615.256	4618.187	4581.069	4592.282	107905	0	160
2026.01.15	04:00:00	4592.258	4613.611	4580.995	4601.818	69229	0	160
2026.01.15	08:00:00	4601.775	4623.032	4597.807	4619.132	47531	0	160
2026.01.15	12:00:00	4619.184	4620.792	4582.142	4615.473	115552	0	160
2026.01.15	16:00:00	4615.438	4624.902	4601.162	4615.794	65983	0	160
2026.01.15	20:00:00	4615.908	4620.994	4600.757	4610.284	35450	0	160
2026.01.16	00:00:00	4610.243	4611.358	4591.237	4596.491	67148	0	160
2026.01.16	04:00:00	4596.353	4616.221	4593.851	4607.513	51167	0	160
2026.01.16	08:00:00	4607.466	4616.141	4598.593	4612.471	39271	0	160
2026.01.16	12:00:00	4612.510	4620.563	4536.729	4571.398	150506	0	160
2026.01.16	16:00:00	4571.351	4599.058	4567.943	4590.572	102694	0	160
2026.01.16	20:00:00	4590.587	4598.544	4580.874	4596.588	26203	0	160
2026.01.18	20:00:00	4655.358	4690.700	4653.824	4672.573	25474	0	160
2026.01.19	00:00:00	4672.630	4682.114	4653.138	4658.521	95659	0	160
2026.01.19	04:00:00	4658.556	4679.037	4658.134	4665.186	44797	0	160
2026.01.19	08:00:00	4665.140	4673.846	4659.587	4660.705	41527	0	160
2026.01.19	12:00:00	4660.676	4676.076	4660.078	4674.329	46222	0	160
2026.01.19	16:00:00	4674.283	4680.490	4667.059	4670.928	24838	0	160
2026.01.19	20:00:00	4673.440	4673.595	4664.575	4665.406	6544	0	160
2026.01.20	00:00:00	4665.371	4681.609	4659.455	4680.157	49541	0	160
2026.01.20	04:00:00	4680.115	4722.775	4679.684	4716.168	65148	0	160
2026.01.20	08:00:00	4716.195	4737.424	4714.966	4733.029	54699	0	160
2026.01.20	12:00:00	4732.985	4751.203	4715.232	4737.495	146140	0	160
2026.01.20	16:00:00	4737.464	4766.367	4729.054	4760.696	74022	0	160
2026.01.20	20:00:00	4760.699	4781.083	4747.418	4775.878	57779	0	160
2026.01.21	00:00:00	4775.829	4849.968	4770.751	4845.003	99682	0	160
2026.01.21	04:00:00	4845.003	4888.495	4832.514	4855.166	98571	0	160
2026.01.21	08:00:00	4855.142	4877.107	4851.529	4866.812	60844	0	160
2026.01.21	12:00:00	4866.845	4880.975	4812.704	4847.815	172942	0	160
2026.01.21	16:00:00	4847.861	4855.790	4755.850	4781.264	205131	0	160
2026.01.21	20:00:00	4781.229	4839.807	4772.325	4778.381	91025	0	160
2026.01.22	00:00:00	4778.317	4809.639	4772.208	4796.604	96343	0	160
2026.01.22	04:00:00	4796.582	4838.859	4793.688	4832.684	56106	0	160
2026.01.22	08:00:00	4832.659	4837.972	4813.895	4831.124	51884	0	160
2026.01.22	12:00:00	4831.108	4873.721	4810.693	4871.714	108862	0	160
2026.01.22	16:00:00	4871.756	4924.477	4868.085	4911.663	100460	0	160
2026.01.22	20:00:00	4911.700	4960.587	4911.393	4958.972	46317	0	160
2026.01.23	00:00:00	4959.011	4967.529	4936.266	4952.007	85413	0	160
2026.01.23	04:00:00	4951.971	4967.307	4943.340	4944.413	51378	0	160
2026.01.23	08:00:00	4944.349	4947.579	4899.542	4922.962	84510	0	160
2026.01.23	12:00:00	4922.999	4963.375	4918.292	4960.584	118101	0	160
2026.01.23	16:00:00	4960.611	4989.804	4958.231	4984.331	96196	0	160
2026.01.23	20:00:00	4984.297	4989.050	4970.597	4988.337	30858	0	160
2026.01.25	20:00:00	5019.847	5040.296	5003.575	5039.789	30610	0	160
2026.01.26	00:00:00	5039.821	5093.104	5029.075	5076.541	134649	0	160
2026.01.26	04:00:00	5076.643	5111.144	5052.310	5089.275	110942	0	160
2026.01.26	08:00:00	5089.234	5098.657	5075.446	5091.438	72615	0	160
2026.01.26	12:00:00	5091.406	5097.353	5054.528	5090.917	145122	0	160
2026.01.26	16:00:00	5090.819	5105.153	5008.218	5028.697	249312	0	160
2026.01.26	20:00:00	5028.662	5062.342	4989.632	5043.629	134293	0	160
2026.01.27	00:00:00	5043.588	5079.843	5013.485	5076.871	130241	0	160
2026.01.27	04:00:00	5076.808	5100.962	5057.336	5086.128	89173	0	160
2026.01.27	08:00:00	5086.063	5099.601	5066.820	5076.734	76338	0	160
2026.01.27	12:00:00	5076.702	5092.975	5046.496	5091.074	200241	0	160
2026.01.27	16:00:00	5091.040	5103.130	5076.186	5098.926	130185	0	160
2026.01.27	20:00:00	5098.952	5190.490	5097.854	5172.433	140760	0	160
2026.01.28	00:00:00	5172.389	5247.780	5157.059	5235.049	156180	0	160
2026.01.28	04:00:00	5234.986	5292.818	5232.359	5290.397	97327	0	160
2026.01.28	08:00:00	5290.353	5311.516	5238.576	5261.638	122747	0	160
2026.01.28	12:00:00	5261.700	5298.152	5235.248	5278.235	246255	0	160
2026.01.28	16:00:00	5278.276	5332.219	5268.483	5325.429	239560	0	160
2026.01.28	20:00:00	5325.399	5570.018	5320.898	5513.022	187243	0	160
2026.01.29	00:00:00	5512.989	5551.669	5445.471	5545.769	280518	0	160
2026.01.29	04:00:00	5545.731	5595.338	5516.108	5548.968	191589	0	160
2026.01.29	08:00:00	5548.933	5554.952	5470.740	5522.666	167507	0	160
2026.01.29	12:00:00	5522.639	5549.504	5094.978	5182.895	260523	0	160
2026.01.29	16:00:00	5182.780	5375.460	5172.031	5305.702	274602	0	160
2026.01.29	20:00:00	5305.771	5448.551	5282.791	5438.589	112596	0	160
2026.01.30	00:00:00	5438.551	5450.946	5112.046	5196.573	535613	0	160
2026.01.30	04:00:00	5196.535	5241.616	5117.625	5181.217	294241	0	160
2026.01.30	08:00:00	5181.171	5181.171	4940.267	5136.072	496030	0	160
2026.01.30	12:00:00	5136.100	5145.895	4980.398	5050.424	465223	0	160
2026.01.30	16:00:00	5050.472	5051.665	4682.526	4932.661	422454	0	160
2026.01.30	20:00:00	4932.701	4932.980	4809.015	4891.496	101400	0	160
2026.02.01	20:00:00	4793.519	4819.788	4697.912	4741.422	41099	0	160
2026.02.02	00:00:00	4741.564	4884.890	4585.329	4646.594	320478	0	160
2026.02.02	04:00:00	4646.495	4713.526	4401.961	4587.175	312877	0	160
2026.02.02	08:00:00	4587.210	4779.775	4561.465	4766.028	213145	0	160
2026.02.02	12:00:00	4765.857	4812.462	4617.049	4619.977	308164	0	160
2026.02.02	16:00:00	4620.053	4714.059	4596.499	4685.389	189599	0	160
2026.02.02	20:00:00	4685.485	4775.102	4643.759	4774.148	86080	0	160
2026.02.03	00:00:00	4774.235	4856.919	4745.469	4809.004	188105	0	160
2026.02.03	04:00:00	4809.176	4933.738	4800.841	4917.095	110479	0	160
2026.02.03	08:00:00	4917.165	4949.853	4883.513	4916.715	79569	0	160
2026.02.03	12:00:00	4916.917	4950.961	4892.211	4935.318	144590	0	160
2026.02.03	16:00:00	4935.437	4993.649	4880.340	4927.250	169178	0	160
2026.02.03	20:00:00	4927.168	4972.010	4902.293	4947.236	54048	0	160
2026.02.04	00:00:00	4947.389	5073.597	4945.697	5069.922	102841	0	240
2026.02.04	04:00:00	5070.008	5091.390	5050.959	5084.702	53319	0	240
2026.02.04	08:00:00	5084.618	5091.872	5013.507	5047.674	57583	0	240
2026.02.04	12:00:00	5047.564	5063.544	4887.331	4920.489	162281	0	240
2026.02.04	16:00:00	4920.095	4958.020	4852.153	4941.815	153775	0	160
2026.02.04	20:00:00	4941.764	5023.771	4914.170	5012.195	35736	0	160
2026.02.05	00:00:00	5012.269	5020.510	4788.660	4880.507	198361	0	160
2026.02.05	04:00:00	4880.431	4940.996	4826.294	4915.076	112535	0	160
2026.02.05	08:00:00	4915.205	4943.562	4847.059	4868.287	100326	0	160
2026.02.05	12:00:00	4868.302	4877.993	4800.543	4817.668	222152	0	160
2026.02.05	16:00:00	4817.565	4906.881	4812.281	4829.338	131479	0	160
2026.02.05	20:00:00	4829.446	4843.154	4703.368	4703.768	61021	0	160
2026.02.06	00:00:00	4703.682	4846.460	4655.170	4824.288	173033	0	160
2026.02.06	04:00:00	4824.155	4903.302	4807.031	4841.047	72791	0	160
2026.02.06	08:00:00	4840.992	4895.912	4829.587	4887.023	63522	0	176
2026.02.06	12:00:00	4887.192	4964.740	4871.067	4943.436	96247	0	192
2026.02.06	16:00:00	4943.562	4971.459	4921.865	4957.186	49653	0	160
2026.02.06	20:00:00	4957.029	4968.252	4936.583	4968.156	16253	0	160
2026.02.08	20:00:00	4967.733	5046.912	4964.652	5035.956	13903	0	240
2026.02.09	00:00:00	5036.031	5044.959	4968.909	5016.239	74202	0	240
2026.02.09	04:00:00	5016.178	5045.760	4997.144	5006.390	49610	0	240
2026.02.09	08:00:00	5006.531	5040.851	4982.035	5010.646	49958	0	160
2026.02.09	12:00:00	5010.953	5060.226	4995.049	5058.777	69556	0	160
2026.02.09	16:00:00	5058.859	5080.708	5040.953	5074.599	39412	0	240
2026.02.09	20:00:00	5074.655	5086.709	4987.234	5031.915	31999	0	240
2026.02.10	00:00:00	5031.841	5056.428	5008.995	5030.003	65731	0	240
2026.02.10	04:00:00	5030.098	5045.467	5011.120	5033.946	43481	0	240
2026.02.10	08:00:00	5033.829	5063.001	5028.863	5055.875	36824	0	240
2026.02.10	12:00:00	5055.861	5078.675	4998.708	5019.698	72529	0	240
2026.02.10	16:00:00	5019.489	5040.070	5004.525	5028.074	45535	0	160
2026.02.10	20:00:00	5028.027	5054.391	5020.128	5041.562	32674	0	240
2026.02.11	00:00:00	5041.628	5061.015	5028.144	5054.486	37745	0	240
2026.02.11	04:00:00	5054.485	5069.162	5043.383	5055.443	33478	0	240
2026.02.11	08:00:00	5055.322	5116.816	5045.643	5111.602	39165	0	240
2026.02.11	12:00:00	5111.679	5119.271	5018.787	5060.311	105623	0	160
2026.02.11	16:00:00	5060.212	5098.960	5042.689	5082.166	48942	0	240
2026.02.11	20:00:00	5082.113	5100.174	5052.904	5061.409	22151	0	240
2026.02.12	00:00:00	5061.317	5074.620	5045.099	5056.951	44980	0	240
2026.02.12	04:00:00	5056.978	5078.200	5046.954	5063.694	30761	0	240
2026.02.12	08:00:00	5063.950	5081.056	5052.161	5063.967	26757	0	240
2026.02.12	12:00:00	5064.005	5083.751	5039.018	5060.611	50640	0	240
2026.02.12	16:00:00	5060.516	5068.316	4878.378	4945.686	203515	0	160
2026.02.12	20:00:00	4945.604	4948.402	4887.596	4920.353	36685	0	160
2026.02.13	00:00:00	4920.057	4991.766	4913.756	4981.499	55689	0	160
2026.02.13	04:00:00	4981.466	4997.318	4944.887	4974.907	42020	0	160
2026.02.13	08:00:00	4975.126	4989.477	4933.500	4954.031	40832	0	160
2026.02.13	12:00:00	4953.953	5020.842	4951.836	4976.912	89911	0	160
2026.02.13	16:00:00	4977.129	5046.075	4975.115	5023.634	50551	0	160
2026.02.13	20:00:00	5023.753	5046.131	5021.249	5042.635	19432	0	160
2026.02.15	20:00:00	5026.790	5032.356	5010.278	5019.875	10091	0	240
2026.02.16	00:00:00	5019.800	5031.519	4974.864	4987.739	36930	0	160
2026.02.16	04:00:00	4987.693	5009.960	4964.461	5007.255	28550	0	160
2026.02.16	08:00:00	5007.545	5017.238	4995.689	5004.255	24202	0	160
2026.02.16	12:00:00	5004.234	5008.147	4968.825	4979.754	29423	0	160
2026.02.16	16:00:00	4979.742	4997.939	4972.930	4993.856	20149	0	160
2026.02.16	20:00:00	4998.125	5000.758	4985.309	4990.001	5055	0	160
2026.02.17	00:00:00	4989.913	4991.598	4922.718	4956.967	39609	0	160
2026.02.17	04:00:00	4956.882	4960.369	4858.578	4917.017	50592	0	160
2026.02.17	08:00:00	4916.950	4939.200	4907.584	4929.144	34783	0	160
2026.02.17	12:00:00	4929.066	4944.408	4841.029	4878.269	106168	0	160
2026.02.17	16:00:00	4878.353	4910.850	4849.795	4880.471	68443	0	160
2026.02.17	20:00:00	4880.396	4887.047	4853.898	4859.541	24963	0	160
2026.02.18	00:00:00	4859.227	4922.233	4858.461	4920.891	29945	0	160
2026.02.18	04:00:00	4920.962	4942.381	4918.322	4930.336	22052	0	160
2026.02.18	08:00:00	4930.414	4932.449	4906.246	4912.905	26155	0	160
2026.02.18	12:00:00	4912.892	5009.016	4911.903	4997.847	52584	0	160
2026.02.18	16:00:00	4998.104	5010.992	4972.868	4980.677	40727	0	160
2026.02.18	20:00:00	4980.526	4988.721	4961.014	4976.273	19333	0	160
2026.02.19	00:00:00	4975.968	4983.589	4960.438	4981.841	25605	0	160
2026.02.19	04:00:00	4981.543	5021.945	4976.954	5010.381	20635	0	160
2026.02.19	08:00:00	5010.308	5022.086	4977.969	4984.714	29741	0	160
2026.02.19	12:00:00	4984.638	5022.380	4963.250	5013.714	55718	0	160
2026.02.19	16:00:00	5013.798	5014.444	4975.081	4987.838	38343	0	160
2026.02.19	20:00:00	4987.861	5007.947	4985.635	4987.790	15640	0	160
2026.02.20	00:00:00	4987.837	5014.708	4981.638	4988.106	27058	0	160
2026.02.20	04:00:00	4988.202	5030.213	4986.722	5006.545	23974	0	160
2026.02.20	08:00:00	5006.624	5042.685	5005.115	5017.410	28611	0	160
2026.02.20	12:00:00	5017.483	5064.115	4988.802	5042.512	98724	0	160
2026.02.20	16:00:00	5042.437	5079.950	5038.384	5079.309	63772	0	240
2026.02.20	20:00:00	5079.479	5108.075	5076.871	5105.788	15631	0	240
2026.02.22	20:00:00	5111.774	5171.925	5108.698	5165.430	11021	0	240
2026.02.23	00:00:00	5165.423	5176.727	5129.453	5166.872	48737	0	240
2026.02.23	04:00:00	5166.856	5168.760	5124.911	5136.784	31758	0	240
2026.02.23	08:00:00	5136.413	5163.504	5122.079	5149.902	30707	0	240
2026.02.23	12:00:00	5149.811	5205.155	5141.198	5196.309	51882	0	240
2026.02.23	16:00:00	5196.192	5219.227	5175.455	5215.561	53517	0	240
2026.02.23	20:00:00	5215.681	5249.573	5214.956	5235.990	21139	0	240
2026.02.24	00:00:00	5235.896	5238.157	5144.677	5172.029	71165	0	240
2026.02.24	04:00:00	5171.955	5185.793	5156.038	5179.039	34193	0	240
2026.02.24	08:00:00	5178.999	5181.913	5163.130	5172.892	28456	0	240
2026.02.24	12:00:00	5172.811	5173.652	5093.199	5150.197	79727	0	240
2026.02.24	16:00:00	5150.150	5170.101	5130.516	5154.120	38843	0	240
2026.02.24	20:00:00	5154.204	5173.241	5127.482	5146.596	19505	0	240
2026.02.25	00:00:00	5146.594	5194.026	5136.288	5182.218	40980	0	240
2026.02.25	04:00:00	5182.121	5210.696	5171.603	5184.692	27978	0	240
2026.02.25	08:00:00	5184.797	5197.300	5154.789	5181.250	29888	0	240
2026.02.25	12:00:00	5181.172	5202.571	5158.569	5194.997	46244	0	240
2026.02.25	16:00:00	5194.910	5217.677	5189.491	5205.148	33721	0	240
2026.02.25	20:00:00	5204.836	5206.310	5145.693	5163.182	34843	0	240
2026.02.26	00:00:00	5163.276	5198.205	5155.233	5192.733	45444	0	240
2026.02.26	04:00:00	5192.365	5205.763	5179.481	5185.817	26402	0	240
2026.02.26	08:00:00	5186.145	5190.884	5161.111	5164.435	31986	0	240
2026.02.26	12:00:00	5164.564	5192.771	5130.383	5185.288	74581	0	240
2026.02.26	16:00:00	5185.762	5194.022	5160.433	5187.123	47004	0	240
2026.02.26	20:00:00	5187.041	5200.917	5175.363	5184.468	17974	0	240
2026.02.27	00:00:00	5184.437	5199.773	5166.600	5184.125	37633	0	240
2026.02.27	04:00:00	5184.028	5200.672	5175.480	5176.152	27022	0	240
2026.02.27	08:00:00	5176.230	5185.354	5168.352	5185.354	24628	0	240
2026.02.27	12:00:00	5185.429	5246.542	5182.863	5239.416	68520	0	240
2026.02.27	16:00:00	5239.496	5257.681	5220.629	5250.137	51474	0	240
2026.02.27	20:00:00	5250.212	5281.384	5248.519	5279.159	15564	0	240
2026.03.01	20:00:00	5319.152	5393.261	5314.569	5387.054	16670	0	360
2026.03.02	00:00:00	5386.554	5388.177	5303.022	5366.264	90765	0	360
2026.03.02	04:00:00	5366.257	5419.131	5340.466	5407.701	46340	0	360
2026.03.02	08:00:00	5407.622	5416.489	5374.929	5385.060	46972	0	360
2026.03.02	12:00:00	5385.145	5416.561	5306.233	5316.110	123163	0	360
2026.03.02	16:00:00	5316.025	5334.073	5260.137	5330.573	89600	0	360
2026.03.02	20:00:00	5330.662	5347.077	5321.599	5345.667	30963	0	360
2026.03.03	00:00:00	5345.672	5379.859	5332.434	5367.112	53562	0	360
2026.03.03	04:00:00	5367.203	5375.608	5278.988	5327.440	63616	0	360
2026.03.03	08:00:00	5327.337	5335.637	5073.054	5144.675	147228	0	360
2026.03.03	12:00:00	5144.766	5226.692	4995.830	5095.315	242214	0	240
2026.03.03	16:00:00	5095.229	5149.217	5065.045	5112.975	134622	0	240
2026.03.03	20:00:00	5113.208	5130.529	5083.023	5125.035	48648	0	240
2026.03.04	00:00:00	5125.067	5190.977	5105.564	5174.587	76825	0	240
2026.03.04	04:00:00	5174.467	5180.806	5121.224	5168.239	56307	0	240
2026.03.04	08:00:00	5168.332	5202.465	5147.162	5192.171	48893	0	240
2026.03.04	12:00:00	5191.867	5206.031	5130.834	5151.456	112747	0	240
2026.03.04	16:00:00	5151.572	5162.527	5108.599	5137.784	65284	0	240
2026.03.04	20:00:00	5137.709	5165.997	5123.593	5164.941	46124	0	240
2026.03.05	00:00:00	5164.866	5195.043	5159.489	5180.399	40214	0	240
2026.03.05	04:00:00	5180.262	5186.793	5120.576	5162.014	41739	0	240
2026.03.05	08:00:00	5162.179	5180.430	5137.448	5163.448	40898	0	240
2026.03.05	12:00:00	5163.459	5171.633	5059.692	5102.463	114454	0	240
2026.03.05	16:00:00	5102.444	5104.446	5050.660	5065.775	86024	0	240
2026.03.05	20:00:00	5065.626	5101.895	5061.593	5086.323	31033	0	240
2026.03.06	00:00:00	5086.144	5144.025	5065.970	5130.883	43979	0	240
2026.03.06	04:00:00	5131.201	5136.229	5105.609	5119.349	27373	0	360
2026.03.06	08:00:00	5119.427	5123.246	5062.355	5076.696	38605	0	240
2026.03.06	12:00:00	5076.803	5171.783	5065.206	5141.994	119275	0	240
2026.03.06	16:00:00	5141.912	5174.683	5125.778	5159.862	56575	0	360
2026.03.06	20:00:00	5159.939	5176.703	5149.535	5174.204	16629	0	360
2026.03.08	20:00:00	5178.932	5180.331	5044.114	5075.404	41897	0	240
2026.03.09	00:00:00	5076.087	5102.494	5014.417	5091.172	100268	0	360
2026.03.09	04:00:00	5091.067	5140.529	5080.782	5098.826	55334	0	360
2026.03.09	08:00:00	5098.745	5132.560	5079.249	5088.106	51546	0	360
2026.03.09	12:00:00	5088.189	5116.250	5060.369	5099.361	83373	0	240
2026.03.09	16:00:00	5099.605	5144.016	5088.903	5141.092	45365	0	240
2026.03.09	20:00:00	5141.169	5156.005	5117.614	5139.380	22226	0	360
2026.03.10	00:00:00	5139.670	5187.169	5124.528	5157.744	47628	0	360
2026.03.10	04:00:00	5157.462	5181.359	5154.385	5180.697	27150	0	360
2026.03.10	08:00:00	5180.781	5195.183	5156.568	5174.886	35905	0	360
2026.03.10	12:00:00	5175.115	5238.489	5162.559	5228.735	60181	0	360
2026.03.10	16:00:00	5228.820	5235.633	5160.051	5198.931	60859	0	360
2026.03.10	20:00:00	5198.634	5199.219	5182.745	5196.830	16829	0	360
2026.03.11	00:00:00	5196.904	5223.158	5186.588	5203.406	33496	0	360
2026.03.11	04:00:00	5203.033	5210.822	5184.344	5195.486	27305	0	360
2026.03.11	08:00:00	5195.382	5198.462	5175.047	5180.962	32434	0	360
2026.03.11	12:00:00	5181.253	5196.641	5148.884	5166.002	66896	0	360
2026.03.11	16:00:00	5166.304	5183.167	5154.005	5182.949	32376	0	360
2026.03.11	20:00:00	5182.864	5183.507	5129.683	5134.279	17141	0	360
2026.03.12	00:00:00	5134.137	5175.209	5125.354	5152.906	38450	0	360
2026.03.12	04:00:00	5152.988	5185.430	5137.003	5181.772	24786	0	360
2026.03.12	08:00:00	5181.880	5191.747	5172.526	5178.754	25923	0	360
2026.03.12	12:00:00	5178.843	5186.094	5109.488	5132.488	69368	0	360
2026.03.12	16:00:00	5132.037	5137.909	5079.027	5084.853	46518	0	240
2026.03.12	20:00:00	5084.777	5101.248	5054.730	5098.220	22060	0	240
2026.03.13	00:00:00	5098.146	5128.349	5097.158	5115.283	27713	0	240
2026.03.13	04:00:00	5115.656	5117.927	5071.708	5084.869	31100	0	240
2026.03.13	08:00:00	5085.174	5107.786	5061.230	5107.345	33853	0	240
2026.03.13	12:00:00	5107.254	5121.939	5031.552	5034.871	76786	0	240
2026.03.13	16:00:00	5034.775	5063.983	5009.504	5016.515	56232	0	240
2026.03.13	20:00:00	5016.598	5025.470	5012.084	5021.082	8090	0	240
2026.03.15	20:00:00	5016.992	5030.545	4966.709	4997.513	24350	0	160
2026.03.16	00:00:00	4997.440	5031.161	4982.495	5019.076	57533	0	160
2026.03.16	04:00:00	5019.148	5036.070	4991.653	4995.203	33890	0	240
2026.03.16	08:00:00	4995.292	5022.751	4969.990	4997.086	42950	0	160
2026.03.16	12:00:00	4997.162	5038.124	4983.913	4986.892	58433	0	160
2026.03.16	16:00:00	4986.942	5020.178	4973.891	5012.697	37600	0	160
2026.03.16	20:00:00	5012.625	5021.669	4998.620	5012.755	13770	0	200
2026.03.17	00:00:00	5012.920	5033.554	4994.421	5027.671	29771	0	200
2026.03.17	04:00:00	5027.372	5044.531	5005.089	5021.088	31127	0	280
2026.03.17	08:00:00	5021.046	5029.557	4991.577	5003.122	30270	0	200
2026.03.17	12:00:00	5003.134	5031.549	4973.324	4997.795	52607	0	200
2026.03.17	16:00:00	4998.066	5009.125	4991.503	5000.185	29059	0	200
2026.03.17	20:00:00	5000.402	5006.507	4993.182	5002.757	19894	0	200
2026.03.18	00:00:00	5002.810	5016.069	4986.261	4991.405	28094	0	200
2026.03.18	04:00:00	4991.387	5016.368	4981.601	4995.066	24663	0	200
2026.03.18	08:00:00	4994.692	4996.690	4924.833	4930.048	42221	0	200
2026.03.18	12:00:00	4930.424	4932.416	4833.982	4862.550	110539	0	200
2026.03.18	16:00:00	4862.624	4899.339	4837.979	4843.003	64834	0	200
2026.03.18	20:00:00	4842.930	4848.334	4804.143	4836.818	30841	0	200
2026.03.19	00:00:00	4836.662	4866.913	4832.663	4850.971	42039	0	200
2026.03.19	04:00:00	4850.946	4853.779	4727.011	4727.770	61962	0	200
2026.03.19	08:00:00	4728.053	4740.330	4650.592	4652.246	118742	0	200
2026.03.19	12:00:00	4651.888	4653.957	4502.516	4596.542	251861	0	280
2026.03.19	16:00:00	4596.617	4663.410	4573.690	4644.043	129385	0	280
2026.03.19	20:00:00	4643.671	4677.039	4634.238	4643.724	23701	0	280
2026.03.20	00:00:00	4643.652	4735.823	4639.272	4725.577	65187	0	280
2026.03.20	04:00:00	4725.676	4727.626	4661.238	4706.154	51687	0	280
2026.03.20	08:00:00	4706.235	4734.767	4636.897	4671.654	64314	0	280
2026.03.20	12:00:00	4671.837	4695.641	4540.423	4553.146	292046	0	260
2026.03.20	16:00:00	4553.331	4613.743	4477.064	4501.446	261478	0	260
2026.03.20	20:00:00	4501.674	4514.590	4493.380	4497.486	25599	0	260
2026.03.22	20:00:00	4477.889	4536.177	4449.391	4464.714	50965	0	280
2026.03.23	00:00:00	4464.544	4473.236	4319.458	4353.009	371753	0	260
2026.03.23	04:00:00	4352.965	4381.611	4098.363	4204.160	399403	0	260
2026.03.23	08:00:00	4204.208	4463.475	4202.896	4379.171	457795	0	260
2026.03.23	12:00:00	4378.796	4512.901	4336.634	4363.507	587152	0	350
2026.03.23	16:00:00	4363.454	4467.134	4352.384	4397.713	314140	0	364
2026.03.23	20:00:00	4397.652	4447.959	4361.223	4441.255	53068	0	364
2026.03.24	00:00:00	4441.187	4446.647	4305.545	4347.283	262479	0	364
2026.03.24	04:00:00	4346.874	4432.507	4319.415	4416.973	193615	0	336
2026.03.24	08:00:00	4416.926	4442.191	4375.307	4407.594	161270	0	364
2026.03.24	12:00:00	4407.691	4433.981	4351.305	4411.674	322027	0	364
2026.03.24	16:00:00	4411.755	4427.681	4372.123	4400.072	181559	0	364
2026.03.24	20:00:00	4400.500	4551.475	4397.173	4546.816	86914	0	364
2026.03.25	00:00:00	4546.886	4602.565	4537.293	4570.211	119304	0	364
2026.03.25	04:00:00	4570.216	4574.746	4533.134	4539.387	74338	0	280
2026.03.25	08:00:00	4539.497	4585.722	4527.478	4578.730	105362	0	280
2026.03.25	12:00:00	4578.648	4583.829	4522.074	4559.134	230389	0	280
2026.03.25	16:00:00	4559.077	4569.052	4486.800	4530.665	149893	0	280
2026.03.25	20:00:00	4530.598	4542.126	4488.835	4498.110	52234	0	280
2026.03.26	00:00:00	4498.428	4544.588	4498.072	4516.453	106116	0	280
2026.03.26	04:00:00	4516.507	4524.126	4415.737	4452.774	139809	0	280
2026.03.26	08:00:00	4452.451	4459.270	4412.306	4423.196	157316	0	280
2026.03.26	12:00:00	4423.241	4479.559	4416.203	4438.125	255939	0	280
2026.03.26	16:00:00	4438.078	4442.871	4359.015	4364.060	199929	0	280
2026.03.26	20:00:00	4363.994	4420.758	4350.951	4404.918	97401	0	280
2026.03.27	00:00:00	4404.965	4446.189	4375.194	4437.399	97566	0	280
2026.03.27	04:00:00	4437.486	4475.345	4431.385	4447.606	80205	0	280
2026.03.27	08:00:00	4447.536	4450.895	4404.216	4419.825	83506	0	280
2026.03.27	12:00:00	4419.878	4555.484	4412.631	4524.016	154173	0	280
2026.03.27	16:00:00	4524.079	4533.870	4486.229	4514.506	95096	0	280
2026.03.27	20:00:00	4514.564	4520.327	4490.756	4495.434	11821	0	280
2026.03.29	20:00:00	4511.584	4513.780	4443.756	4448.587	34790	0	280
2026.03.30	00:00:00	4448.673	4517.647	4418.380	4496.170	114554	0	280
2026.03.30	04:00:00	4495.893	4550.609	4486.128	4527.145	64878	0	280
2026.03.30	08:00:00	4527.091	4580.742	4523.734	4559.390	63857	0	280
2026.03.30	12:00:00	4559.451	4578.572	4512.126	4548.422	125606	0	280
2026.03.30	16:00:00	4548.366	4549.720	4492.927	4513.642	77404	0	280
2026.03.30	20:00:00	4513.569	4523.813	4492.365	4513.578	23874	0	280
2026.03.31	00:00:00	4513.509	4619.543	4482.569	4556.948	114866	0	280
2026.03.31	04:00:00	4556.953	4581.834	4543.183	4564.328	56926	0	280
2026.03.31	08:00:00	4564.564	4593.103	4529.242	4582.123	69189	0	280
2026.03.31	12:00:00	4582.304	4630.245	4567.825	4609.607	112164	0	280
2026.03.31	16:00:00	4609.549	4685.691	4606.857	4682.797	118394	0	280
2026.03.31	20:00:00	4682.735	4700.082	4661.759	4696.441	31620	0	280
2026.04.01	00:00:00	4696.383	4724.264	4678.199	4681.929	69514	0	280
2026.04.01	04:00:00	4682.136	4747.592	4667.179	4712.845	56687	0	280
2026.04.01	08:00:00	4713.071	4762.958	4710.422	4752.138	54121	0	280
2026.04.01	12:00:00	4752.071	4788.354	4715.902	4786.609	122310	0	280
2026.04.01	16:00:00	4786.772	4792.942	4741.916	4766.200	69091	0	280
2026.04.01	20:00:00	4765.770	4800.345	4753.935	4784.170	20423	0	280
2026.04.02	00:00:00	4784.241	4798.750	4650.201	4676.320	160583	0	280
2026.04.02	04:00:00	4676.091	4681.521	4553.765	4642.815	119080	0	280
2026.04.02	08:00:00	4642.808	4648.915	4592.669	4599.848	69698	0	280
2026.04.02	12:00:00	4599.897	4699.823	4580.302	4660.862	207303	0	280
2026.04.02	16:00:00	4660.924	4681.802	4642.698	4672.105	78327	0	280
2026.04.02	20:00:00	4672.166	4677.009	4664.359	4675.333	7697	0	280
2026.04.05	20:00:00	4662.923	4662.923	4605.069	4610.674	32239	0	280
2026.04.06	00:00:00	4610.706	4671.818	4600.515	4640.424	66304	0	280
2026.04.06	04:00:00	4640.401	4688.674	4639.886	4684.876	44761	0	280
2026.04.06	08:00:00	4684.807	4706.725	4676.961	4677.896	48102	0	280
2026.04.06	12:00:00	4677.956	4697.730	4651.953	4668.211	96282	0	280
2026.04.06	16:00:00	4668.280	4672.593	4645.406	4655.213	49824	0	280
2026.04.06	20:00:00	4655.274	4667.879	4649.038	4658.917	14095	0	280
2026.04.07	00:00:00	4658.976	4664.285	4616.245	4649.560	78870	0	280
2026.04.07	04:00:00	4649.496	4664.272	4622.773	4645.863	54505	0	280
2026.04.07	08:00:00	4646.180	4694.641	4628.606	4659.817	88097	0	280
2026.04.07	12:00:00	4659.883	4670.834	4607.261	4655.676	119306	0	280
2026.04.07	16:00:00	4655.388	4718.759	4652.441	4700.628	122437	0	280
2026.04.07	20:00:00	4700.691	4836.407	4697.157	4833.182	73836	0	280
2026.04.08	00:00:00	4833.604	4857.230	4787.975	4797.653	93331	0	280
2026.04.08	04:00:00	4797.672	4843.868	4789.984	4813.470	54992	0	280
2026.04.08	08:00:00	4813.538	4819.941	4770.899	4798.397	54003	0	280
2026.04.08	12:00:00	4798.481	4807.169	4732.144	4756.456	119722	0	280
2026.04.08	16:00:00	4756.630	4765.675	4699.471	4730.446	79267	0	280
2026.04.08	20:00:00	4730.521	4732.631	4704.545	4715.527	21907	0	280
2026.04.09	00:00:00	4715.597	4732.976	4698.435	4711.464	57972	0	280
2026.04.09	04:00:00	4711.575	4731.296	4703.355	4724.185	50047	0	280
2026.04.09	08:00:00	4724.244	4757.551	4719.845	4756.369	38388	0	280
2026.04.09	12:00:00	4756.433	4798.039	4734.861	4792.972	83078	0	280
2026.04.09	16:00:00	4792.866	4801.259	4766.826	4768.886	66722	0	280
2026.04.09	20:00:00	4768.944	4779.455	4757.026	4763.598	16992	0	280
2026.04.10	00:00:00	4763.661	4777.177	4737.837	4766.328	46910	0	280
2026.04.10	04:00:00	4766.389	4770.881	4741.217	4749.804	34112	0	280
2026.04.10	08:00:00	4749.863	4768.970	4730.580	4768.063	37786	0	280
2026.04.10	12:00:00	4768.280	4795.181	4754.903	4761.964	80121	0	160
2026.04.10	16:00:00	4762.279	4773.294	4747.358	4759.713	44301	0	280
2026.04.10	20:00:00	4759.661	4760.076	4740.834	4749.455	7180	0	280
2026.04.12	20:00:00	4670.232	4685.131	4643.986	4671.251	23951	0	280
2026.04.13	00:00:00	4671.349	4728.131	4664.588	4718.065	59744	0	280
2026.04.13	04:00:00	4718.269	4740.070	4708.334	4733.802	40544	0	280
2026.04.13	08:00:00	4733.816	4738.652	4703.353	4706.842	41993	0	280
2026.04.13	12:00:00	4706.698	4744.785	4700.186	4714.413	87079	0	280
2026.04.13	16:00:00	4714.288	4749.934	4709.405	4741.283	55975	0	280
2026.04.13	20:00:00	4741.096	4765.979	4738.174	4757.323	14942	0	280
2026.04.14	00:00:00	4757.699	4777.353	4751.449	4768.253	41460	0	280
2026.04.14	04:00:00	4768.317	4796.374	4757.965	4777.057	38876	0	280
2026.04.14	08:00:00	4776.984	4789.893	4751.685	4775.049	39161	0	280
2026.04.14	12:00:00	4775.106	4818.066	4762.112	4807.939	71100	0	280
2026.04.14	16:00:00	4808.256	4846.254	4804.890	4844.587	38945	0	280
2026.04.14	20:00:00	4844.657	4850.676	4833.279	4836.889	15759	0	280
2026.04.15	00:00:00	4836.946	4871.422	4816.719	4824.099	52046	0	280
2026.04.15	04:00:00	4824.125	4830.507	4803.836	4810.975	40439	0	280
2026.04.15	08:00:00	4810.912	4820.946	4786.049	4812.722	47891	0	280
2026.04.15	12:00:00	4812.655	4830.688	4786.692	4801.800	61570	0	280
2026.04.15	16:00:00	4801.630	4812.802	4789.933	4795.951	39044	0	280
2026.04.15	20:00:00	4796.010	4826.607	4787.612	4823.572	13711	0	280
2026.04.16	00:00:00	4823.205	4837.601	4811.096	4824.174	34604	0	280
2026.04.16	04:00:00	4824.174	4838.438	4814.098	4821.228	35815	0	280
2026.04.16	08:00:00	4821.220	4822.537	4804.978	4822.252	33151	0	280
2026.04.16	12:00:00	4822.149	4824.000	4772.851	4806.743	80399	0	280
2026.04.16	16:00:00	4806.678	4810.262	4781.359	4793.737	43389	0	280
2026.04.16	20:00:00	4793.669	4797.849	4786.201	4791.651	12670	0	280
2026.04.17	00:00:00	4791.559	4801.312	4767.519	4793.418	37760	0	280
2026.04.17	04:00:00	4793.393	4806.378	4778.621	4784.474	31240	0	280
2026.04.17	08:00:00	4784.460	4811.769	4780.853	4799.214	29652	0	280
2026.04.17	12:00:00	4799.279	4889.866	4797.535	4867.541	117521	0	280
2026.04.17	16:00:00	4867.472	4873.515	4852.678	4854.611	42651	0	280
2026.04.17	20:00:00	4854.670	4855.221	4830.727	4833.011	10037	0	280
2026.04.19	20:00:00	4774.618	4795.369	4736.736	4755.324	24429	0	360
2026.04.20	00:00:00	4755.237	4814.437	4744.932	4791.005	54897	0	280
2026.04.20	04:00:00	4791.068	4805.565	4779.467	4789.568	43513	0	280
2026.04.20	08:00:00	4789.740	4810.918	4783.279	4810.295	33252	0	280
2026.04.20	12:00:00	4810.237	4827.671	4792.309	4799.503	79681	0	280
2026.04.20	16:00:00	4799.916	4821.439	4792.696	4814.035	31118	0	280
2026.04.20	20:00:00	4814.096	4833.152	4812.109	4821.556	15177	0	280
2026.04.21	00:00:00	4821.618	4830.530	4792.433	4797.283	36240	0	280
2026.04.21	04:00:00	4797.047	4797.869	4772.647	4786.103	37219	0	280
2026.04.21	08:00:00	4786.170	4798.050	4774.515	4794.718	32704	0	280
2026.04.21	12:00:00	4794.560	4796.986	4723.305	4741.401	107631	0	280
2026.04.21	16:00:00	4741.459	4746.723	4668.140	4679.122	97759	0	280
2026.04.21	20:00:00	4679.216	4740.423	4668.722	4737.824	34238	0	280
2026.04.22	00:00:00	4738.112	4765.088	4735.857	4758.263	35520	0	280
2026.04.22	04:00:00	4758.310	4772.377	4752.039	4760.654	30838	0	280
2026.04.22	08:00:00	4760.661	4762.497	4745.709	4750.568	30436	0	280
2026.04.22	12:00:00	4750.342	4760.870	4724.910	4727.751	65992	0	280
2026.04.22	16:00:00	4727.836	4749.719	4723.734	4739.997	34242	0	280
2026.04.22	20:00:00	4740.227	4745.712	4723.360	4727.960	13348	0	280
2026.04.23	00:00:00	4728.026	4753.821	4693.986	4703.918	78512	0	280
2026.04.23	04:00:00	4703.721	4721.374	4692.117	4718.937	40920	0	280
2026.04.23	08:00:00	4719.007	4725.019	4684.149	4720.423	41336	0	280
2026.04.23	12:00:00	4720.486	4743.215	4716.296	4720.260	74830	0	280
2026.04.23	16:00:00	4720.474	4736.972	4664.010	4696.081	102843	0	280
2026.04.23	20:00:00	4695.804	4700.620	4686.383	4695.231	17288	0	280
2026.04.24	00:00:00	4695.277	4711.180	4668.587	4672.223	52030	0	280
2026.04.24	04:00:00	4672.116	4695.253	4657.581	4694.271	36083	0	280
2026.04.24	08:00:00	4694.344	4717.411	4674.638	4706.679	48660	0	280
2026.04.24	12:00:00	4706.756	4740.348	4689.474	4726.933	78772	0	280
2026.04.24	16:00:00	4727.004	4730.068	4713.497	4716.670	36592	0	280
2026.04.24	20:00:00	4716.607	4717.467	4705.234	4708.466	5610	0	280
2026.04.26	20:00:00	4696.125	4699.884	4674.849	4680.075	11986	0	280
2026.04.27	00:00:00	4680.139	4729.391	4672.027	4723.973	45833	0	280
2026.04.27	04:00:00	4723.916	4730.145	4708.647	4713.427	30672	0	280
2026.04.27	08:00:00	4713.195	4714.652	4699.061	4704.642	26533	0	280
2026.04.27	12:00:00	4704.756	4712.573	4666.949	4670.152	62749	0	280
2026.04.27	16:00:00	4670.124	4686.253	4667.123	4680.485	30561	0	280
2026.04.27	20:00:00	4680.546	4695.106	4677.299	4692.056	10930	0	280
2026.04.28	00:00:00	4692.118	4701.445	4666.316	4670.964	34762	0	280
2026.04.28	04:00:00	4670.907	4671.336	4620.574	4633.007	50549	0	280
2026.04.28	08:00:00	4633.245	4635.326	4555.299	4562.466	56905	0	280
2026.04.28	12:00:00	4562.702	4600.152	4554.647	4586.215	107138	0	280
2026.04.28	16:00:00	4586.431	4601.565	4577.980	4595.752	40497	0	280
2026.04.28	20:00:00	4595.696	4599.638	4587.856	4595.783	11338	0	280
2026.04.29	00:00:00	4595.847	4610.195	4575.793	4595.214	47883	0	280
2026.04.29	04:00:00	4595.274	4607.760	4567.131	4567.971	37136	0	280
2026.04.29	08:00:00	4568.064	4580.967	4551.411	4561.761	43801	0	280
2026.04.29	12:00:00	4561.405	4568.942	4510.087	4547.873	82875	0	280
2026.04.29	16:00:00	4547.815	4564.994	4517.921	4547.053	79708	0	280
2026.04.29	20:00:00	4546.998	4562.107	4539.166	4561.724	23134	0	280
2026.04.30	00:00:00	4561.628	4582.572	4555.507	4556.038	49211	0	280
2026.04.30	04:00:00	4555.896	4605.514	4540.773	4598.219	44050	0	280
2026.04.30	08:00:00	4598.278	4647.042	4597.207	4629.945	65581	0	280
2026.04.30	12:00:00	4630.005	4646.143	4609.092	4615.277	94315	0	280
2026.04.30	16:00:00	4615.443	4627.510	4605.138	4617.032	40219	0	280
2026.04.30	20:00:00	4617.091	4634.027	4615.472	4626.348	14261	0	280
2026.05.01	00:00:00	4626.433	4636.098	4613.734	4626.779	31736	0	280
2026.05.01	04:00:00	4626.846	4628.892	4575.944	4578.304	33372	0	280
2026.05.01	08:00:00	4578.359	4582.668	4559.766	4578.796	30820	0	280
2026.05.01	12:00:00	4578.718	4660.285	4574.714	4643.336	83269	0	280
2026.05.01	16:00:00	4642.971	4650.160	4608.820	4610.653	42781	0	280
2026.05.01	20:00:00	4610.540	4617.123	4606.892	4613.309	5962	0	280
2026.05.03	20:00:00	4626.129	4629.420	4611.113	4613.712	11859	0	280
2026.05.04	00:00:00	4613.951	4618.624	4591.029	4614.890	44823	0	280
2026.05.04	04:00:00	4614.949	4615.514	4577.850	4579.077	42935	0	280
2026.05.04	08:00:00	4579.095	4584.522	4525.694	4560.242	68544	0	280
2026.05.04	12:00:00	4560.319	4583.376	4512.042	4521.435	124068	0	280
2026.05.04	16:00:00	4521.374	4531.719	4500.581	4517.812	69278	0	280
2026.05.04	20:00:00	4517.683	4524.251	4511.578	4518.762	11505	0	280
2026.05.05	00:00:00	4519.109	4546.847	4513.429	4534.635	31486	0	280
2026.05.05	04:00:00	4534.598	4558.421	4527.964	4545.594	34491	0	280
2026.05.05	08:00:00	4545.543	4564.951	4539.679	4562.781	34333	0	280
2026.05.05	12:00:00	4562.515	4586.674	4554.254	4568.654	54823	0	280
2026.05.05	16:00:00	4568.599	4569.101	4551.605	4554.765	27959	0	280
2026.05.05	20:00:00	4554.727	4595.817	4546.187	4593.808	19618	0	280
2026.05.06	00:00:00	4593.736	4652.172	4588.304	4643.913	46339	0	280
2026.05.06	04:00:00	4643.840	4681.818	4643.387	4681.676	37302	0	280
2026.05.06	08:00:00	4681.336	4723.074	4671.478	4692.024	61986	0	280
2026.05.06	12:00:00	4692.146	4717.441	4660.036	4687.938	78125	0	280
2026.05.06	16:00:00	4687.872	4700.132	4678.728	4692.322	33609	0	280
2026.05.06	20:00:00	4692.256	4699.765	4685.013	4698.852	13904	0	280
2026.05.07	00:00:00	4699.014	4721.390	4685.116	4699.260	44865	0	280
2026.05.07	04:00:00	4699.198	4750.729	4692.163	4743.217	44885	0	280
2026.05.07	08:00:00	4743.294	4753.464	4721.544	4742.543	39966	0	280
2026.05.07	12:00:00	4742.788	4764.839	4726.066	4728.963	69533	0	280
2026.05.07	16:00:00	4729.023	4729.858	4687.331	4703.112	82707	0	280
2026.05.07	20:00:00	4703.174	4719.302	4681.725	4704.071	25472	0	280
2026.05.08	00:00:00	4704.003	4732.835	4693.871	4719.718	48739	0	280
2026.05.08	04:00:00	4719.776	4734.661	4697.069	4708.054	46144	0	280
2026.05.08	08:00:00	4708.056	4728.046	4706.596	4717.783	35957	0	280
2026.05.08	12:00:00	4717.734	4749.632	4701.760	4707.165	79896	0	280
2026.05.08	16:00:00	4707.051	4729.061	4705.538	4723.796	29809	0	280
2026.05.08	20:00:00	4723.865	4724.418	4714.336	4715.438	4524	0	280
2026.05.10	20:00:00	4691.978	4698.563	4678.844	4691.700	13210	0	280
2026.05.11	00:00:00	4691.639	4705.455	4669.916	4678.832	64706	0	280
2026.05.11	04:00:00	4678.538	4680.870	4648.113	4667.698	44542	0	280
2026.05.11	08:00:00	4667.786	4678.620	4650.292	4674.334	35134	0	280
2026.05.11	12:00:00	4674.641	4748.628	4667.363	4731.836	74431	0	280
2026.05.11	16:00:00	4732.278	4736.416	4707.710	4733.362	31757	0	280
2026.05.11	20:00:00	4733.289	4770.079	4729.680	4767.605	15970	0	280
2026.05.12	00:00:00	4767.229	4773.670	4717.934	4720.311	58828	0	280
2026.05.12	04:00:00	4720.289	4730.338	4686.501	4699.941	46433	0	280
2026.05.12	08:00:00	4699.878	4709.385	4685.122	4706.748	38180	0	280
2026.05.12	12:00:00	4706.816	4711.693	4638.000	4666.186	84893	0	280
2026.05.12	16:00:00	4665.950	4715.890	4664.019	4715.644	36494	0	280
2026.05.12	20:00:00	4715.737	4723.787	4711.543	4716.708	16094	0	280
2026.05.13	00:00:00	4716.951	4727.063	4687.654	4695.913	44398	0	280
2026.05.13	04:00:00	4695.765	4715.210	4693.452	4702.959	35271	0	280
2026.05.13	08:00:00	4702.899	4710.533	4685.868	4697.220	33573	0	280
2026.05.13	12:00:00	4697.267	4701.484	4669.375	4695.314	61027	0	280
2026.05.13	16:00:00	4695.398	4710.009	4677.414	4688.076	32164	0	280
2026.05.13	20:00:00	4688.179	4702.295	4685.827	4696.703	11446	0	280
2026.05.14	00:00:00	4696.362	4706.999	4673.861	4674.818	53338	0	280
2026.05.14	04:00:00	4674.904	4718.899	4667.920	4693.231	46169	0	280
2026.05.14	08:00:00	4693.294	4706.496	4688.379	4694.403	37771	0	280
2026.05.14	12:00:00	4694.081	4709.999	4666.487	4685.998	67297	0	280
2026.05.14	16:00:00	4685.643	4686.987	4653.009	4654.345	32681	0	280
2026.05.14	20:00:00	4654.126	4665.346	4644.205	4652.342	17210	0	280
2026.05.15	00:00:00	4652.418	4658.214	4607.047	4615.302	80075	0	280
2026.05.15	04:00:00	4615.351	4621.759	4556.183	4570.632	76138	0	280
2026.05.15	08:00:00	4570.622	4572.570	4531.736	4552.103	71037	0	280
2026.05.15	12:00:00	4552.072	4566.453	4511.187	4539.793	101824	0	280
2026.05.15	16:00:00	4539.848	4564.449	4529.330	4545.956	39322	0	280
2026.05.15	20:00:00	4545.892	4546.461	4532.966	4539.780	7448	0	280
2026.05.17	20:00:00	4538.378	4554.829	4531.807	4537.205	19342	0	280
2026.05.18	00:00:00	4536.979	4547.989	4480.279	4541.049	114845	0	280
2026.05.18	04:00:00	4541.280	4560.059	4529.671	4546.084	66818	0	280
2026.05.18	08:00:00	4546.029	4567.048	4529.725	4550.705	54136	0	280
2026.05.18	12:00:00	4550.771	4584.359	4531.523	4543.467	100063	0	280
2026.05.18	16:00:00	4543.752	4565.024	4533.978	4558.443	54130	0	280
2026.05.18	20:00:00	4558.500	4588.991	4557.672	4581.876	15109	0	280
2026.05.19	00:00:00	4581.940	4589.387	4543.495	4545.050	59971	0	280
2026.05.19	04:00:00	4544.978	4559.275	4530.671	4556.962	51761	0	280
2026.05.19	08:00:00	4557.035	4559.165	4525.457	4530.799	47583	0	280
2026.05.19	12:00:00	4530.854	4547.051	4464.470	4508.243	118461	0	280
2026.05.19	16:00:00	4508.600	4512.505	4481.085	4483.512	36157	0	280
2026.05.19	20:00:00	4483.398	4496.187	4477.354	4489.466	16269	0	280
2026.05.20	00:00:00	4489.410	4509.035	4453.413	4463.556	89895	0	280
2026.05.20	04:00:00	4463.501	4485.964	4456.495	4478.487	56897	0	280
2026.05.20	08:00:00	4478.443	4501.200	4472.527	4498.932	42781	0	280
2026.05.20	12:00:00	4498.910	4553.080	4466.963	4529.191	111750	0	280
2026.05.20	16:00:00	4529.251	4550.429	4523.929	4545.865	36909	0	280
2026.05.20	20:00:00	4545.810	4550.410	4534.749	4546.335	17494	0	280
2026.05.21	00:00:00	4546.386	4570.961	4527.066	4528.079	55637	0	280
2026.05.21	04:00:00	4528.317	4540.687	4511.602	4519.756	45115	0	280
2026.05.21	08:00:00	4519.875	4543.030	4504.730	4513.932	62771	0	280
2026.05.21	12:00:00	4514.012	4521.122	4488.395	4511.694	92451	0	280
2026.05.21	16:00:00	4512.045	4559.333	4511.807	4542.919	72915	0	280
2026.05.21	20:00:00	4543.005	4546.004	4532.425	4535.313	12779	0	280
2026.05.22	00:00:00	4535.552	4540.970	4518.558	4529.318	44276	0	280
2026.05.22	04:00:00	4529.375	4534.312	4507.212	4521.774	39832	0	280
2026.05.22	08:00:00	4521.848	4536.865	4510.073	4520.733	39451	0	280
2026.05.22	12:00:00	4520.654	4535.894	4491.552	4520.170	75036	0	280
2026.05.22	16:00:00	4519.820	4527.949	4504.171	4508.362	37244	0	280
2026.05.22	20:00:00	4508.168	4510.296	4504.350	4507.776	5243	0	280
2026.05.24	20:00:00	4545.401	4580.002	4543.344	4567.197	15804	0	280
2026.05.25	00:00:00	4567.140	4579.788	4556.487	4559.879	45303	0	280
2026.05.25	04:00:00	4559.806	4566.184	4550.334	4564.594	31859	0	280
2026.05.25	08:00:00	4564.594	4576.975	4553.193	4569.541	23839	0	280
2026.05.25	12:00:00	4569.484	4574.727	4552.742	4570.971	32751	0	280
2026.05.25	16:00:00	4571.015	4578.145	4563.218	4570.586	12098	0	280
2026.05.25	20:00:00	4571.428	4580.318	4555.005	4559.708	11231	0	280
2026.05.26	00:00:00	4559.705	4560.256	4527.738	4542.451	44530	0	280
2026.05.26	04:00:00	4542.112	4543.122	4521.535	4538.037	36742	0	280
2026.05.26	08:00:00	4538.122	4540.654	4503.467	4507.170	46780	0	280
2026.05.26	12:00:00	4507.148	4531.308	4500.543	4506.601	64506	0	280
2026.05.26	16:00:00	4506.673	4511.414	4482.193	4508.776	31485	0	280
2026.05.26	20:00:00	4509.013	4527.887	4497.984	4519.748	19102	0	280
2026.05.27	00:00:00	4519.688	4525.746	4496.726	4497.191	36447	0	280
2026.05.27	04:00:00	4496.920	4517.123	4475.667	4482.099	46016	0	280
2026.05.27	08:00:00	4481.833	4498.618	4424.714	4428.501	52662	0	280
2026.05.27	12:00:00	4428.325	4466.526	4401.200	4436.313	107017	0	280
2026.05.27	16:00:00	4436.368	4458.433	4434.005	4451.040	27427	0	280
2026.05.27	20:00:00	4451.097	4465.135	4443.653	4447.155	13728	0	280
2026.05.28	00:00:00	4446.919	4458.918	4368.291	4374.683	64672	0	280
2026.05.28	04:00:00	4374.619	4396.474	4366.246	4387.581	51012	0	280
2026.05.28	08:00:00	4387.594	4404.217	4374.929	4387.602	41487	0	280
2026.05.28	12:00:00	4387.694	4484.964	4379.423	4482.076	103341	0	280
2026.05.28	16:00:00	4482.443	4516.547	4477.579	4498.042	37292	0	280
2026.05.28	20:00:00	4497.973	4500.719	4488.970	4494.988	13339	0	280
2026.05.29	00:00:00	4495.156	4520.813	4492.034	4501.133	43563	0	280
2026.05.29	04:00:00	4501.361	4526.196	4500.877	4524.501	37756	0	280
2026.05.29	08:00:00	4524.715	4543.432	4509.903	4538.213	37574	0	280
2026.05.29	12:00:00	4538.278	4595.203	4512.523	4571.217	92834	0	280
2026.05.29	16:00:00	4571.282	4573.474	4542.835	4545.663	36304	0	280
2026.05.29	20:00:00	4545.607	4549.016	4539.409	4540.377	5277	0	280
2026.05.31	20:00:00	4521.226	4545.754	4518.372	4539.362	13335	0	280
2026.06.01	00:00:00	4539.423	4546.173	4509.757	4516.152	42727	0	280
2026.06.01	04:00:00	4516.109	4525.206	4492.421	4503.038	37040	0	280
2026.06.01	08:00:00	4502.849	4512.963	4489.139	4505.690	35065	0	280
2026.06.01	12:00:00	4505.634	4510.538	4447.515	4474.026	89470	0	280
2026.06.01	16:00:00	4474.141	4495.463	4462.823	4481.242	32387	0	280
2026.06.01	20:00:00	4481.297	4488.352	4479.289	4484.289	11671	0	280
2026.06.02	00:00:00	4484.487	4499.462	4462.676	4499.138	53423	0	280
2026.06.02	04:00:00	4499.115	4541.609	4497.571	4535.199	38304	0	280
2026.06.02	08:00:00	4534.849	4539.301	4521.335	4527.617	28668	0	280
2026.06.02	12:00:00	4527.674	4533.885	4490.068	4502.172	52355	0	280
2026.06.02	16:00:00	4502.187	4502.960	4478.519	4487.900	27719	0	280
2026.06.02	20:00:00	4487.841	4493.117	4462.278	4474.199	19714	0	280
2026.06.03	00:00:00	4474.127	4496.745	4463.171	4484.191	42018	0	280
2026.06.03	04:00:00	4484.541	4488.243	4452.738	4453.345	40747	0	280
2026.06.03	08:00:00	4453.406	4468.031	4438.880	4462.564	45125	0	280
2026.06.03	12:00:00	4462.619	4467.297	4426.144	4441.995	72520	0	280
2026.06.03	16:00:00	4441.936	4452.189	4433.590	4443.998	30165	0	280
2026.06.03	20:00:00	4443.938	4464.836	4423.591	4457.390	21940	0	280
2026.06.04	00:00:00	4457.449	4477.330	4442.914	4463.965	54082	0	280
2026.06.04	04:00:00	4463.907	4484.061	4459.256	4461.763	38175	0	280
2026.06.04	08:00:00	4461.698	4514.667	4458.588	4511.318	46202	0	280
2026.06.04	12:00:00	4511.533	4515.517	4457.157	4477.560	74015	0	280
2026.06.04	16:00:00	4477.263	4485.225	4472.821	4480.924	26228	0	280
2026.06.04	20:00:00	4480.853	4481.630	4460.339	4461.516	15219	0	280
2026.06.05	00:00:00	4461.474	4470.070	4435.034	4442.175	58224	0	280
2026.06.05	04:00:00	4442.530	4467.201	4428.540	4460.937	42701	0	280
2026.06.05	08:00:00	4460.876	4475.313	4458.170	4470.284	33116	0	280
2026.06.05	12:00:00	4470.088	4475.911	4333.907	4335.571	130648	0	260
2026.06.05	16:00:00	4335.513	4347.257	4313.728	4318.481	70268	0	260
2026.06.05	20:00:00	4318.423	4331.011	4311.591	4328.774	11613	0	280
2026.06.07	20:00:00	4325.114	4347.047	4310.191	4343.828	24455	0	260
2026.06.08	00:00:00	4343.881	4353.304	4299.839	4316.910	86751	0	260
2026.06.08	04:00:00	4316.789	4321.851	4268.309	4294.354	72730	0	260
2026.06.08	08:00:00	4294.479	4333.406	4272.923	4331.383	68250	0	260
2026.06.08	12:00:00	4331.242	4346.776	4314.310	4341.649	92002	0	260
2026.06.08	16:00:00	4341.569	4346.261	4323.378	4326.500	37523	0	260
2026.06.08	20:00:00	4326.445	4332.460	4312.834	4317.619	14358	0	260
2026.06.09	00:00:00	4317.567	4342.446	4314.973	4336.458	50416	0	260
2026.06.09	04:00:00	4336.409	4351.513	4322.214	4326.712	44766	0	260
2026.06.09	08:00:00	4326.769	4343.902	4321.060	4339.742	35749	0	260
2026.06.09	12:00:00	4339.955	4363.463	4262.949	4272.228	114503	0	260
2026.06.09	16:00:00	4272.236	4281.097	4236.398	4258.411	110209	0	260
2026.06.09	20:00:00	4258.485	4262.177	4210.296	4222.118	25776	0	260
2026.06.10	00:00:00	4222.169	4228.412	4172.542	4184.697	93293	0	260
2026.06.10	04:00:00	4184.643	4222.052	4172.132	4186.016	60646	0	260
2026.06.10	08:00:00	4185.955	4187.412	4145.650	4147.722	84400	0	260
2026.06.10	12:00:00	4147.659	4186.372	4106.728	4128.597	172159	0	260
2026.06.10	16:00:00	4128.650	4135.245	4081.437	4082.793	78551	0	260
2026.06.10	20:00:00	4082.848	4083.124	4023.773	4047.261	46828	0	260
2026.06.11	00:00:00	4047.319	4118.287	4036.098	4072.692	140667	0	260
2026.06.11	04:00:00	4072.850	4110.681	4070.093	4104.774	74035	0	260
2026.06.11	08:00:00	4104.722	4112.711	4077.334	4080.436	56379	0	260
2026.06.11	12:00:00	4080.418	4095.412	4052.837	4088.661	159850	0	260
2026.06.11	16:00:00	4088.735	4219.968	4071.801	4208.967	155371	0	260
2026.06.11	20:00:00	4209.061	4246.422	4205.253	4219.785	32425	0	260
2026.06.12	00:00:00	4219.997	4230.603	4171.347	4197.277	82358	0	260
2026.06.12	04:00:00	4197.226	4201.097	4170.007	4194.047	57888	0	260
2026.06.12	08:00:00	4194.121	4227.914	4191.789	4207.017	66610	0	260
2026.06.12	12:00:00	4206.966	4235.558	4176.959	4211.904	120261	0	260
2026.06.12	16:00:00	4211.963	4235.286	4201.725	4210.559	54739	0	260
2026.06.12	20:00:00	4210.502	4219.296	4209.251	4218.665	4600	0	260
2026.06.14	20:00:00	4270.346	4308.995	4269.222	4293.940	19990	0	280
2026.06.15	00:00:00	4293.886	4335.532	4285.422	4325.067	57076	0	260
2026.06.15	04:00:00	4325.119	4333.080	4300.619	4322.971	40208	0	260
2026.06.15	08:00:00	4322.908	4347.567	4321.640	4335.355	37536	0	260
2026.06.15	12:00:00	4335.412	4369.303	4324.437	4356.337	60901	0	260
2026.06.15	16:00:00	4356.282	4358.787	4316.402	4320.608	34676	0	260
2026.06.15	20:00:00	4320.843	4322.117	4305.957	4315.715	14675	0	260
2026.06.16	00:00:00	4315.658	4333.222	4306.624	4330.235	40772	0	260
2026.06.16	04:00:00	4330.235	4335.493	4313.307	4334.908	34091	0	260
2026.06.16	08:00:00	4334.854	4349.466	4332.798	4340.763	30210	0	260
2026.06.16	12:00:00	4340.711	4354.979	4313.008	4335.381	63566	0	260
2026.06.16	16:00:00	4335.324	4347.069	4325.185	4334.102	35066	0	260
2026.06.16	20:00:00	4334.049	4338.267	4328.797	4331.111	9955	0	260
2026.06.17	00:00:00	4331.252	4349.742	4328.359	4332.249	37214	0	260
2026.06.17	04:00:00	4332.069	4334.370	4317.377	4325.320	32772	0	260
2026.06.17	08:00:00	4325.376	4335.855	4317.288	4323.320	30227	0	260
2026.06.17	12:00:00	4323.247	4364.912	4319.584	4363.593	62467	0	260
2026.06.17	16:00:00	4363.338	4382.399	4218.832	4235.678	220515	0	260
2026.06.17	20:00:00	4235.610	4283.946	4234.792	4277.846	33189	0	260
2026.06.18	00:00:00	4278.178	4329.955	4276.298	4319.510	60415	0	260
2026.06.18	04:00:00	4319.856	4324.892	4287.320	4288.428	47148	0	260
2026.06.18	08:00:00	4288.710	4292.956	4239.694	4241.759	52835	0	260
2026.06.18	12:00:00	4242.000	4276.706	4222.958	4226.589	97517	0	260
2026.06.18	16:00:00	4226.704	4233.351	4201.210	4216.773	52577	0	260
2026.06.18	20:00:00	4216.826	4219.695	4186.720	4188.559	17151	0	260
2026.06.19	00:00:00	4188.495	4198.179	4145.561	4153.254	43620	0	260
2026.06.19	04:00:00	4153.309	4163.250	4121.603	4158.093	55809	0	260
2026.06.19	08:00:00	4157.878	4178.635	4141.735	4152.435	43418	0	260
2026.06.19	12:00:00	4152.463	4183.065	4142.445	4150.859	57076	0	260
2026.06.19	16:00:00	4150.914	4157.900	4144.268	4155.421	7014	0	260
2026.06.21	20:00:00	4153.418	4164.776	4136.447	4140.090	17284	0	260
2026.06.22	00:00:00	4140.271	4221.249	4139.902	4171.517	84119	0	260
2026.06.22	04:00:00	4171.592	4207.386	4170.561	4190.195	45335	0	260
2026.06.22	08:00:00	4190.402	4215.312	4188.657	4207.228	38932	0	260
2026.06.22	12:00:00	4207.555	4211.752	4169.573	4182.960	79454	0	260
2026.06.22	16:00:00	4182.637	4193.419	4174.284	4190.428	35744	0	260
2026.06.22	20:00:00	4190.372	4195.394	4186.827	4187.682	11513	0	260
2026.06.23	00:00:00	4187.625	4198.671	4130.761	4143.902	69582	0	260
2026.06.23	04:00:00	4144.044	4146.999	4096.463	4098.926	69167	0	260
2026.06.23	08:00:00	4098.901	4133.314	4090.627	4123.087	55530	0	260
2026.06.23	12:00:00	4123.339	4145.096	4105.314	4138.453	93310	0	260
2026.06.23	16:00:00	4138.502	4143.938	4111.538	4111.538	41358	0	260
2026.06.23	20:00:00	4111.578	4115.077	4080.744	4099.321	24040	0	260
2026.06.24	00:00:00	4099.259	4111.984	4050.211	4062.811	102677	0	260
2026.06.24	04:00:00	4062.872	4097.628	4054.855	4074.859	62835	0	260
2026.06.24	08:00:00	4074.807	4087.764	4037.410	4046.884	80558	0	160
2026.06.24	12:00:00	4046.780	4048.899	3964.386	4002.565	365158	0	160
2026.06.24	16:00:00	4002.643	4022.297	3958.811	3987.867	121694	0	160
2026.06.24	20:00:00	3987.916	4018.606	3984.791	4012.325	28134	0	260
2026.06.25	00:00:00	4012.270	4016.485	3962.365	3995.326	115342	0	260
2026.06.25	04:00:00	3995.273	4000.186	3971.283	3987.713	68599	0	260
2026.06.25	08:00:00	3987.661	4002.111	3973.475	3980.193	51089	0	240
2026.06.25	12:00:00	3980.233	4042.736	3978.732	4040.935	164689	0	240
2026.06.25	16:00:00	4041.062	4044.334	4021.904	4026.638	56382	0	240
2026.06.25	20:00:00	4026.565	4036.624	4012.378	4014.651	21564	0	240
2026.06.26	00:00:00	4014.590	4029.684	3982.879	4004.105	73879	0	240
2026.06.26	04:00:00	4004.162	4039.694	3998.654	4030.668	60214	0	240
2026.06.26	08:00:00	4030.485	4055.830	4025.764	4045.764	45948	0	240
2026.06.26	12:00:00	4045.816	4096.054	4035.742	4090.402	98605	0	240
2026.06.26	16:00:00	4090.452	4093.558	4064.427	4071.743	38335	0	240
2026.06.26	20:00:00	4071.562	4090.403	4064.599	4088.245	8843	0	240
2026.06.28	20:00:00	4075.881	4085.307	4051.708	4062.831	18206	0	240
2026.06.29	00:00:00	4062.635	4075.713	4048.217	4068.910	81217	0	240
2026.06.29	04:00:00	4068.991	4069.053	4039.272	4061.729	50642	0	240
2026.06.29	08:00:00	4061.677	4066.724	4024.290	4039.137	48756	0	240
2026.06.29	12:00:00	4039.296	4052.611	4000.148	4027.041	80629	0	240
2026.06.29	16:00:00	4027.100	4032.002	4005.200	4015.978	30509	0	240
2026.06.29	20:00:00	4015.924	4022.486	4009.496	4015.028	14950	0	240
2026.06.30	00:00:00	4014.970	4015.302	3942.099	3969.926	98753	0	240
2026.06.30	04:00:00	3969.724	4034.855	3968.043	4032.322	69851	0	240
2026.06.30	08:00:00	4031.991	4037.753	4012.238	4033.743	39376	0	240
2026.06.30	12:00:00	4033.820	4063.437	4008.615	4029.492	85791	0	240
2026.06.30	16:00:00	4029.530	4033.937	4014.750	4016.036	30652	0	240
2026.06.30	20:00:00	4016.135	4021.062	4005.238	4005.593	16453	0	240
2026.07.01	00:00:00	4005.653	4009.858	3970.116	3980.325	57991	0	240
2026.07.01	04:00:00	3980.373	3982.884	3959.988	3976.152	49439	0	240
2026.07.01	08:00:00	3976.098	4035.604	3969.366	4030.484	43591	0	240
2026.07.01	12:00:00	4030.558	4115.736	4012.764	4081.176	119755	0	240
2026.07.01	16:00:00	4081.241	4088.558	4034.290	4038.822	42272	0	240
2026.07.01	20:00:00	4038.528	4045.279	4028.415	4035.169	18384	0	240
2026.07.02	00:00:00	4034.972	4074.220	4030.584	4070.082	60180	0	240
2026.07.02	04:00:00	4070.138	4079.750	4053.111	4064.533	49146	0	240
2026.07.02	08:00:00	4064.616	4080.213	4057.272	4065.375	41582	0	240
2026.07.02	12:00:00	4065.425	4144.132	4061.130	4128.316	135586	0	160
2026.07.02	16:00:00	4128.465	4130.288	4100.085	4121.466	53641	0	240
2026.07.02	20:00:00	4121.329	4134.121	4116.193	4126.116	15510	0	240
2026.07.03	00:00:00	4126.183	4195.506	4122.965	4175.907	69541	0	240
2026.07.03	04:00:00	4176.131	4182.737	4160.255	4177.541	37234	0	240
2026.07.03	08:00:00	4177.347	4186.643	4168.324	4180.885	29039	0	240
2026.07.03	12:00:00	4181.197	4183.398	4155.235	4164.940	35277	0	240
2026.07.03	16:00:00	4164.885	4176.440	4162.671	4174.913	5738	0	240
2026.07.05	20:00:00	4177.917	4202.273	4173.191	4182.986	18353	0	240
2026.07.06	00:00:00	4183.254	4203.185	4160.887	4165.290	75298	0	240
2026.07.06	04:00:00	4165.240	4166.717	4144.625	4164.468	42743	0	240
2026.07.06	08:00:00	4164.233	4165.991	4136.206	4155.020	36034	0	240
2026.07.06	12:00:00	4155.211	4158.536	4128.412	4148.188	65290	0	240
2026.07.06	16:00:00	4148.240	4167.628	4140.247	4163.632	29278	0	240
2026.07.06	20:00:00	4163.705	4168.555	4156.785	4157.372	10715	0	240
2026.07.07	00:00:00	4157.318	4162.802	4124.302	4131.164	52728	0	240
2026.07.07	04:00:00	4130.946	4141.324	4116.391	4124.771	42545	0	240
2026.07.07	08:00:00	4124.718	4158.503	4119.566	4156.533	38499	0	240
2026.07.07	12:00:00	4156.671	4180.456	4135.645	4138.925	78172	0	240
2026.07.07	16:00:00	4138.923	4148.277	4092.023	4114.211	53355	0	240
2026.07.07	20:00:00	4114.242	4115.878	4094.171	4098.576	19414	0	240
2026.07.08	00:00:00	4098.471	4131.212	4096.349	4123.514	76644	0	240
2026.07.08	04:00:00	4123.457	4134.080	4114.581	4121.219	48917	0	240
2026.07.08	08:00:00	4121.290	4121.398	4040.406	4061.990	112978	0	240
2026.07.08	12:00:00	4061.935	4086.373	4021.718	4034.079	121177	0	240
2026.07.08	16:00:00	4034.133	4091.543	4033.105	4080.005	66899	0	240
2026.07.08	20:00:00	4080.059	4083.607	4071.611	4076.276	17642	0	240
2026.07.09	00:00:00	4076.084	4089.993	4054.046	4064.060	57154	0	240
2026.07.09	04:00:00	4064.111	4111.262	4056.333	4107.713	52934	0	240
2026.07.09	08:00:00	4107.765	4117.701	4093.537	4108.528	37465	0	240
2026.07.09	12:00:00	4108.623	4136.316	4105.090	4126.646	69296	0	240
2026.07.09	16:00:00	4126.807	4138.194	4118.641	4122.250	31533	0	240
2026.07.09	20:00:00	4122.201	4127.656	4120.588	4123.547	10633	0	240
2026.07.10	00:00:00	4123.495	4134.804	4108.537	4120.104	43458	0	240
2026.07.10	04:00:00	4120.253	4121.195	4104.309	4108.837	35825	0	240
2026.07.10	08:00:00	4108.888	4112.652	4094.225	4102.451	30976	0	240
2026.07.10	12:00:00	4102.456	4117.611	4072.658	4112.877	76939	0	240
2026.07.10	16:00:00	4112.933	4115.509	4097.691	4108.274	28424	0	240
2026.07.10	20:00:00	4108.212	4121.141	4108.148	4119.908	4724	0	240
2026.07.12	20:00:00	4098.561	4099.253	4068.426	4084.311	18539	0	240
2026.07.13	00:00:00	4084.359	4091.138	4052.761	4060.356	75676	0	240
2026.07.13	04:00:00	4060.242	4073.248	4043.707	4064.528	52530	0	240
2026.07.13	08:00:00	4064.639	4080.834	4046.458	4056.473	46131	0	240
2026.07.13	12:00:00	4056.507	4067.656	4000.158	4015.989	97085	0	240
2026.07.13	16:00:00	4015.796	4018.099	3986.478	4001.808	56764	0	240
2026.07.13	20:00:00	4001.858	4006.290	3992.724	4000.913	16473	0	240
2026.07.14	00:00:00	4000.983	4019.154	3983.307	4016.796	71772	0	240
2026.07.14	04:00:00	4016.850	4034.183	4013.371	4020.825	38363	0	240
2026.07.14	08:00:00	4020.939	4031.987	4013.572	4031.031	39876	0	240
2026.07.14	12:00:00	4030.963	4103.230	4023.108	4066.391	122758	0	160
2026.07.14	16:00:00	4066.449	4067.193	4042.673	4055.864	44208	0	240
2026.07.14	20:00:00	4055.700	4056.467	4046.630	4053.123	13329	0	240
2026.07.15	00:00:00	4052.928	4062.030	4027.823	4031.271	48500	0	240
2026.07.15	04:00:00	4031.320	4036.595	4019.593	4024.490	40158	0	240
2026.07.15	08:00:00	4024.346	4040.395	4017.244	4038.137	36729	0	240
2026.07.15	12:00:00	4038.189	4074.262	4035.890	4046.920	74478	0	240
2026.07.15	16:00:00	4046.871	4081.502	4026.676	4056.879	58508	0	240
2026.07.15	20:00:00	4056.759	4065.797	4055.011	4057.900	13630	0	240
2026.07.16	00:00:00	4057.945	4061.388	4024.019	4036.093	49239	0	240
2026.07.16	04:00:00	4036.075	4038.019	4022.753	4030.518	40749	0	240
2026.07.16	08:00:00	4030.396	4042.447	4021.084	4038.504	36897	0	240
2026.07.16	12:00:00	4038.559	4043.354	3973.537	4007.048	107084	0	240
2026.07.16	16:00:00	4006.886	4007.811	3969.226	3979.863	52105	0	240
2026.07.16	20:00:00	3979.814	3986.446	3971.746	3985.782	14340	0	240
2026.07.17	00:00:00	3985.830	4008.965	3970.410	3991.293	63369	0	240
2026.07.17	04:00:00	3991.380	4007.239	3975.030	3992.803	53862	0	240
2026.07.17	08:00:00	3992.755	4002.621	3987.670	3993.976	41752	0	240
2026.07.17	12:00:00	3994.086	4021.243	3959.360	4018.925	104332	0	240
2026.07.17	16:00:00	4018.980	4023.877	4002.346	4015.241	40957	0	240
2026.07.17	20:00:00	4015.367	4018.808	4008.542	4017.685	5331	0	240
2026.07.19	20:00:00	4000.132	4002.918	3989.154	3995.625	14067	0	240
2026.07.20	00:00:00	3995.494	4028.865	3982.626	4024.205	70900	0	240
2026.07.20	04:00:00	4024.155	4026.663	4001.958	4017.415	42433	0	240
2026.07.20	08:00:00	4017.152	4040.765	4014.781	4025.300	44689	0	240
2026.07.20	12:00:00	4025.235	4025.307	3998.109	4011.869	68478	0	240
2026.07.20	16:00:00	4011.819	4018.486	4001.252	4006.958	36268	0	240
2026.07.20	20:00:00	4007.027	4010.753	3999.837	4009.702	16384	0	240
2026.07.21	00:00:00	4009.812	4051.732	4003.815	4046.793	58428	0	240
2026.07.21	04:00:00	4046.906	4084.270	4043.611	4071.362	38737	0	240
2026.07.21	08:00:00	4071.292	4072.527	4054.285	4056.103	33403	0	240
2026.07.21	12:00:00	4056.073	4083.588	4044.425	4074.259	63900	0	240
2026.07.21	16:00:00	4074.187	4087.379	4066.659	4084.516	27116	0	240
2026.07.21	20:00:00	4084.467	4086.427	4076.690	4080.668	12332	0	240
2026.07.22	00:00:00	4080.459	4141.681	4076.583	4130.926	58212	0	240
2026.07.22	04:00:00	4130.873	4135.218	4109.086	4110.776	40124	0	240
2026.07.22	08:00:00	4110.473	4123.031	4110.473	4122.520	34326	0	240
2026.07.22	12:00:00	4122.452	4166.054	4106.217	4159.132	65722	0	240
2026.07.22	16:00:00	4159.181	4159.560	4128.937	4131.685	32974	0	240
2026.07.22	20:00:00	4131.577	4137.792	4115.698	4133.267	23543	0	240
2026.07.23	00:00:00	4133.319	4141.157	4112.096	4124.798	54421	0	240
2026.07.23	04:00:00	4124.682	4130.596	4089.938	4095.526	44219	0	240
2026.07.23	08:00:00	4095.225	4099.246	4072.764	4085.749	46334	0	240
2026.07.23	12:00:00	4085.501	4086.086	4039.957	4048.786	96377	0	240
2026.07.23	16:00:00	4048.650	4054.635	4040.540	4049.891	35046	0	240
2026.07.23	20:00:00	4049.956	4051.329	4046.449	4046.905	11152	0	240
2026.07.24	00:00:00	4046.993	4050.828	4022.985	4029.371	44091	0	240
2026.07.24	04:00:00	4029.311	4053.816	4021.844	4048.572	36980	0	240
2026.07.24	08:00:00	4048.339	4063.926	4045.053	4057.666	28791	0	240
2026.07.24	12:00:00	4057.637	4082.120	4044.518	4077.411	64736	0	240
2026.07.24	16:00:00	4077.437	4078.226	4049.034	4053.523	31646	0	240
2026.07.24	20:00:00	4053.687	4056.167	4051.511	4052.772	4173	0	240
2026.07.26	20:00:00	4091.771	4096.553	4083.583	4093.898	11002	0	240
2026.07.27	00:00:00	4094.295	4116.292	4085.199	4090.842	55326	0	240
2026.07.27	04:00:00	4090.894	4106.041	4084.301	4088.908	35912	0	240
2026.07.27	08:00:00	4088.963	4104.167	4086.293	4094.031	35301	0	240
2026.07.27	12:00:00	4094.040	4097.776	4065.247	4078.608	74794	0	240
2026.07.27	16:00:00	4078.513	4093.778	4070.495	4083.208	38404	0	240
2026.07.27	20:00:00	4083.258	4084.134	4069.838	4073.195	11786	0	240
2026.07.28	00:00:00	4073.146	4074.211	4040.193	4049.236	51250	0	240
2026.07.28	04:00:00	4049.189	4052.418	4034.702	4047.179	35524	0	240
2026.07.28	08:00:00	4047.361	4055.264	4016.830	4028.003	48415	0	240
2026.07.28	12:00:00	4027.906	4047.056	4011.292	4045.973	74750	0	240
2026.07.28	16:00:00	4046.281	4046.565	4021.583	4026.526	31668	0	240
2026.07.28	20:00:00	4026.217	4030.490	4013.864	4025.098	16449	0	240
2026.07.29	00:00:00	4024.898	4038.010	4009.998	4023.687	57444	0	240
2026.07.29	04:00:00	4023.703	4047.826	4020.471	4043.882	36316	0	240
2026.07.29	08:00:00	4043.832	4044.475	4024.785	4032.616	28416	0	240
2026.07.29	12:00:00	4032.665	4033.541	3995.886	4009.906	71729	0	240
2026.07.29	16:00:00	4009.736	4116.458	4007.434	4044.773	150542	0	240
2026.07.29	20:00:00	4044.721	4100.378	4042.540	4084.754	37322	0	240
2026.07.30	00:00:00	4084.555	4093.150	4050.567	4058.764	76741	0	240
2026.07.30	04:00:00	4059.029	4060.219	4028.255	4038.908	61703	0	240
2026.07.30	08:00:00	4038.607	4083.063	4036.592	4077.586	60497	0	240
2026.07.30	12:00:00	4077.699	4120.398	4064.878	4107.999	127884	0	240
2026.07.30	16:00:00	4107.945	4119.271	4098.591	4112.162	38432	0	240
2026.07.30	20:00:00	4112.217	4117.495	4098.986	4105.897	17486	0	240
2026.07.31	00:00:00	4105.848	4107.253	4071.821	4075.036	42052	0	240
2026.07.31	04:00:00	4075.041	4087.528	4067.306	4067.807	32609	0	240
2026.07.31	08:00:00	4067.747	4067.814	4050.008	4053.731	37788	0	240
2026.07.31	12:00:00	4053.659	4059.501	4020.803	4045.566	76673	0	240
2026.07.31	16:00:00	4045.512	4055.681	4041.057	4051.051	34299	0	240
2026.07.31	20:00:00	4050.941	4053.062	4043.047	4043.812	11783	0	240
2026.08.02	20:00:00	4073.040	4079.535	4063.069	4074.778	13917	0	240
2026.08.03	00:00:00	4074.839	4079.158	4047.350	4064.884	60287	0	240
2026.08.03	04:00:00	4064.962	4071.965	4051.873	4060.835	41897	0	240
2026.08.03	08:00:00	4061.148	4063.058	4045.314	4062.400	37956	0	240
2026.08.03	12:00:00	4062.360	4064.700	4018.977	4036.023	64877	0	240
2026.08.03	16:00:00	4036.161	4055.885	4029.475	4052.120	26703	0	240
2026.08.03	20:00:00	4052.182	4058.237	4049.180	4053.762	11869	0	240
2026.08.04	00:00:00	4053.703	4069.405	4042.403	4052.572	42025	0	240
2026.08.04	04:00:00	4052.599	4067.670	4051.030	4065.330	30687	0	240
2026.08.04	08:00:00	4065.377	4084.329	4045.486	4074.925	45142	0	240
2026.08.04	12:00:00	4074.978	4093.765	4060.834	4087.423	79564	0	240
2026.08.04	16:00:00	4087.311	4106.425	4075.023	4078.473	35117	0	240
2026.08.04	20:00:00	4078.568	4085.734	4065.362	4072.308	15868	0	240
2026.08.05	00:00:00	4072.356	4136.533	4070.191	4128.383	52319	0	240
2026.08.05	04:00:00	4128.390	4179.626	4128.287	4170.626	56520	0	240
2026.08.05	08:00:00	4170.574	4192.729	4149.997	4188.955	47689	0	240
2026.08.05	12:00:00	4189.012	4265.316	4183.072	4232.923	99516	0	240
2026.08.05	16:00:00	4232.974	4267.858	4224.624	4246.996	43904	0	240
2026.08.05	20:00:00	4246.824	4281.986	4242.893	4278.055	15638	0	240
2026.08.06	00:00:00	4278.111	4304.283	4260.082	4265.508	76370	0	240
2026.08.06	04:00:00	4265.566	4268.619	4246.969	4262.569	37753	0	240
2026.08.06	08:00:00	4262.622	4284.755	4253.942	4263.132	36604	0	240
2026.08.06	12:00:00	4263.074	4275.343	4228.929	4233.828	85672	0	240
2026.08.06	16:00:00	4233.886	4251.344	4223.147	4248.790	48152	0	240
2026.08.06	20:00:00	4248.944	4253.243	4234.618	4252.140	14155	0	240
2026.08.07	00:00:00	4252.394	4266.503	4229.509	4265.983	54818	0	240
2026.08.07	04:00:00	4265.919	4298.817	4260.792	4289.992	51984	0	240
2026.08.07	08:00:00	4290.047	4327.848	4288.871	4321.086	48200	0	240
2026.08.07	12:00:00	4321.291	4371.969	4300.837	4341.025	126203	0	240
2026.08.07	16:00:00	4341.162	4350.396	4327.747	4344.025	49330	0	240
2026.08.07	20:00:00	4344.087	4345.311	4335.875	4342.475	6224	0	260
2026.08.09	20:00:00	4347.782	4349.153	4331.889	4332.663	12445	0	240
2026.08.10	00:00:00	4332.600	4347.209	4313.179	4326.402	64598	0	240
2026.08.10	04:00:00	4326.703	4362.164	4322.753	4355.551	43644	0	240
2026.08.10	08:00:00	4355.496	4356.733	4328.744	4335.181	33809	0	240
2026.08.10	12:00:00	4334.905	4359.651	4316.584	4358.474	65214	0	240
2026.08.10	16:00:00	4358.321	4395.317	4349.017	4388.191	42103	0	240
2026.08.10	20:00:00	4388.404	4402.641	4385.576	4402.264	13162	0	240
2026.08.11	00:00:00	4402.212	4435.346	4393.476	4416.935	60063	0	260
2026.08.11	04:00:00	4416.941	4420.242	4356.622	4357.847	62203	0	260
2026.08.11	08:00:00	4357.781	4392.981	4356.859	4387.807	41012	0	260
2026.08.11	12:00:00	4387.792	4404.244	4368.930	4383.644	69329	0	260
2026.08.11	16:00:00	4383.762	4385.877	4359.977	4370.717	34665	0	240
2026.08.11	20:00:00	4370.773	4378.286	4362.548	4371.373	14382	0	240
2026.08.12	00:00:00	4371.543	4416.335	4366.418	4402.143	41336	0	240
2026.08.12	04:00:00	4402.416	4410.133	4383.819	4406.247	33387	0	260
2026.08.12	08:00:00	4406.210	4424.392	4401.506	4412.685	32897	0	260
2026.08.12	12:00:00	4412.548	4441.423	4382.027	4420.789	105744	0	260
2026.08.12	16:00:00	4420.848	4426.579	4396.059	4413.927	40480	0	260
2026.08.12	20:00:00	4413.720	4414.588	4398.176	4414.262	11591	0	240
2026.08.13	00:00:00	4414.599	4449.778	4398.510	4400.305	64949	0	260
2026.08.13	04:00:00	4400.277	4407.354	4368.813	4370.014	51297	0	260
2026.08.13	08:00:00	4370.014	4396.620	4363.950	4387.549	32019	0	260
2026.08.13	12:00:00	4387.846	4402.283	4357.247	4365.226	88348	0	260
2026.08.13	16:00:00	4365.013	4373.304	4343.704	4349.864	40674	0	240
2026.08.13	20:00:00	4349.919	4364.233	4346.737	4356.612	15720	0	240
2026.08.14	00:00:00	4356.547	4362.198	4310.771	4323.320	66153	0	240
2026.08.14	04:00:00	4323.612	4345.317	4310.871	4343.451	37300	0	240
2026.08.14	08:00:00	4343.504	4369.602	4341.712	4368.990	29705	0	240
2026.08.14	12:00:00	4369.111	4397.008	4365.489	4391.412	60797	0	260
2026.08.14	16:00:00	4391.737	4396.816	4370.944	4376.150	26458	0	240
2026.08.14	20:00:00	4376.084	4377.050	4371.293	4375.778	4037	0	260
2026.08.16	20:00:00	4379.402	4386.917	4366.993	4370.359	11427	0	240
2026.08.17	00:00:00	4370.182	4416.632	4368.092	4396.851	50443	0	240
2026.08.17	04:00:00	4397.185	4411.343	4386.781	4405.067	38310	0	260
2026.08.17	08:00:00	4404.950	4405.928	4391.742	4396.906	31387	0	260
2026.08.17	12:00:00	4396.774	4427.868	4377.282	4427.360	60719	0	260
2026.08.17	16:00:00	4427.420	4428.700	4397.917	4419.916	34793	0	260
2026.08.17	20:00:00	4419.588	4425.907	4409.742	4425.733	11210	0	260
2026.08.18	00:00:00	4425.739	4436.253	4390.531	4391.959	48782	0	260
2026.08.18	04:00:00	4391.907	4403.658	4385.878	4395.737	31076	0	260
2026.08.18	08:00:00	4395.786	4399.627	4386.715	4395.791	29051	0	260
2026.08.18	12:00:00	4395.835	4407.047	4351.393	4364.913	87334	0	260
2026.08.18	16:00:00	4364.983	4371.706	4338.249	4345.368	38987	0	240
2026.08.18	20:00:00	4345.428	4346.558	4327.099	4332.857	17349	0	240
2026.08.19	00:00:00	4333.163	4361.965	4324.382	4355.022	57551	0	240
2026.08.19	04:00:00	4355.015	4363.060	4334.952	4354.929	40352	0	240
2026.08.19	08:00:00	4354.916	4374.117	4350.976	4364.797	31503	0	240
2026.08.19	12:00:00	4364.743	4498.715	4361.883	4493.656	132788	0	260
2026.08.19	16:00:00	4493.715	4512.317	4471.923	4510.963	51092	0	260
2026.08.19	20:00:00	4511.051	4527.511	4505.281	4511.841	18775	0	260
2026.08.20	00:00:00	4511.898	4521.189	4484.443	4498.980	62503	0	260
2026.08.20	04:00:00	4499.036	4499.297	4477.715	4490.746	37068	0	260
2026.08.20	08:00:00	4490.735	4498.745	4465.284	4467.081	40218	0	260
2026.08.20	12:00:00	4467.154	4541.022	4450.390	4521.719	111330	0	260
2026.08.20	16:00:00	4521.775	4532.239	4502.776	4528.860	49826	0	260
2026.08.20	20:00:00	4528.695	4532.901	4516.722	4526.459	14658	0	260
2026.08.21	00:00:00	4526.340	4543.936	4508.614	4535.228	54150	0	260
2026.08.21	04:00:00	4535.348	4568.229	4529.256	4564.151	42772	0	260
2026.08.21	08:00:00	4564.210	4604.593	4559.006	4597.174	43919	0	260
2026.08.21	12:00:00	4597.147	4615.344	4563.321	4614.386	76169	0	260
2026.08.21	16:00:00	4614.449	4632.130	4609.101	4617.099	43067	0	260
2026.08.21	20:00:00	4617.158	4617.697	4602.445	4604.044	7596	0	260
2026.08.23	20:00:00	4615.655	4624.620	4604.499	4623.935	14357	0	260
2026.08.24	00:00:00	4624.199	4656.934	4594.194	4641.732	92709	0	260
2026.08.24	04:00:00	4641.677	4660.027	4629.586	4641.432	62840	0	260
2026.08.24	08:00:00	4641.465	4670.332	4628.655	4658.088	55598	0	260
2026.08.24	12:00:00	4657.735	4680.973	4639.767	4649.032	116125	0	260
2026.08.24	16:00:00	4649.021	4662.327	4624.771	4651.786	107278	0	260
2026.08.24	20:00:00	4651.710	4682.940	4647.032	4679.762	19183	0	260
2026.08.25	00:00:00	4679.802	4697.046	4617.750	4633.837	152438	0	260
2026.08.25	04:00:00	4633.465	4653.540	4623.552	4630.190	84232	0	260
2026.08.25	08:00:00	4630.178	4647.536	4620.091	4642.515	77184	0	260
2026.08.25	12:00:00	4642.668	4659.602	4605.205	4652.513	140591	0	260
2026.08.25	16:00:00	4652.574	4668.327	4634.034	4666.728	55831	0	260
2026.08.25	20:00:00	4667.059	4673.624	4653.197	4654.856	15275	0	260
2026.08.26	00:00:00	4654.638	4670.634	4629.301	4642.510	54319	0	260
2026.08.26	04:00:00	4642.782	4649.343	4624.570	4628.744	37066	0	260
2026.08.26	08:00:00	4628.749	4631.071	4613.139	4624.754	32232	0	260
2026.08.26	12:00:00	4624.728	4633.566	4582.911	4596.151	93981	0	260
2026.08.26	16:00:00	4596.214	4604.597	4585.457	4594.140	38595	0	260
2026.08.26	20:00:00	4594.173	4624.949	4583.836	4623.564	17343	0	260
2026.08.27	00:00:00	4623.466	4643.181	4600.380	4625.611	50904	0	260
2026.08.27	04:00:00	4625.402	4627.379	4593.330	4600.297	40887	0	260
2026.08.27	08:00:00	4600.369	4606.982	4568.849	4598.125	38197	0	260
2026.08.27	12:00:00	4598.179	4611.411	4564.912	4610.262	74828	0	260
2026.08.27	16:00:00	4610.386	4618.123	4600.654	4609.352	35151	0	260
2026.08.27	20:00:00	4609.018	4611.541	4594.209	4594.556	12613	0	260
2026.08.28	00:00:00	4594.612	4602.583	4575.005	4580.059	45971	0	260
2026.08.28	04:00:00	4579.757	4614.480	4571.290	4611.601	39512	0	260
2026.08.28	08:00:00	4611.532	4614.664	4591.106	4593.461	31587	0	260
2026.08.28	12:00:00	4593.339	4632.240	4523.759	4524.629	174340	0	260
2026.08.28	16:00:00	4524.230	4529.576	4445.343	4458.431	131512	0	260
2026.08.28	20:00:00	4458.376	4462.628	4452.972	4456.134	7796	0	260
2026.08.30	20:00:00	4439.040	4466.891	4435.620	4458.240	17133	0	260
2026.08.31	00:00:00	4458.301	4472.423	4396.333	4422.550	91895	0	260
2026.08.31	04:00:00	4422.584	4448.371	4412.869	4443.123	47193	0	260
2026.08.31	08:00:00	4443.046	4464.062	4433.623	4455.212	31889	0	260
2026.08.31	12:00:00	4455.372	4461.059	4415.519	4426.152	83420	0	260
2026.08.31	16:00:00	4426.072	4453.748	4423.554	4453.549	37295	0	260
2026.08.31	20:00:00	4453.156	4456.019	4441.635	4452.137	12876	0	260
2026.09.01	00:00:00	4452.220	4461.502	4427.764	4436.765	52611	0	260
2026.09.01	04:00:00	4436.547	4446.066	4412.046	4420.236	43809	0	260
2026.09.01	08:00:00	4420.229	4420.229	4364.168	4374.506	73340	0	260
2026.09.01	12:00:00	4374.178	4376.216	4326.079	4373.031	103308	0	260
2026.09.01	16:00:00	4373.097	4374.913	4322.672	4326.748	56026	0	240
2026.09.01	20:00:00	4326.675	4335.786	4322.753	4324.635	14999	0	240
2026.09.02	00:00:00	4324.688	4334.484	4282.227	4303.151	87270	0	240
2026.09.02	04:00:00	4303.127	4331.391	4301.270	4323.057	53995	0	240
2026.09.02	08:00:00	4323.181	4332.959	4301.796	4332.125	46884	0	240
2026.09.02	12:00:00	4332.228	4397.767	4327.174	4373.001	91446	0	240
2026.09.02	16:00:00	4372.895	4391.339	4364.305	4391.156	36080	0	240
2026.09.02	20:00:00	4391.102	4393.216	4380.937	4385.397	12800	0	240
2026.09.03	00:00:00	4385.810	4432.652	4382.629	4431.260	51450	0	260
2026.09.03	04:00:00	4431.205	4440.370	4418.795	4428.596	46708	0	260
2026.09.03	08:00:00	4428.670	4445.848	4418.844	4444.004	44558	0	260
2026.09.03	12:00:00	4443.926	4510.953	4437.864	4493.114	102720	0	260
2026.09.03	16:00:00	4493.172	4495.481	4472.534	4475.033	36988	0	260
2026.09.03	20:00:00	4475.369	4480.270	4470.289	4479.842	13192	0	260
2026.09.04	00:00:00	4480.209	4487.532	4466.846	4467.110	43333	0	260
2026.09.04	04:00:00	4466.786	4490.905	4460.066	4483.478	36967	0	260
2026.09.04	08:00:00	4483.536	4486.401	4463.750	4466.827	32536	0	260
2026.09.04	12:00:00	4466.807	4476.485	4365.204	4436.534	144995	0	260
2026.09.04	16:00:00	4436.719	4443.566	4411.856	4434.625	40847	0	260
2026.09.04	20:00:00	4434.570	4435.286	4428.472	4430.155	3744	0	260
2026.09.06	20:00:00	4421.983	4435.023	4417.610	4423.098	9800	0	260
2026.09.07	00:00:00	4423.160	4429.787	4389.434	4404.055	57053	0	260
2026.09.07	04:00:00	4403.950	4413.403	4385.221	4406.183	41302	0	260
2026.09.07	08:00:00	4406.238	4423.965	4380.933	4385.418	35894	0	260
2026.09.07	12:00:00	4385.487	4419.524	4385.274	4414.250	32409	0	260
2026.09.07	16:00:00	4414.371	4417.377	4403.033	4405.138	8284	0	260
2026.09.07	20:00:00	4412.384	4428.111	4406.111	4423.039	10324	0	260
2026.09.08	00:00:00	4422.828	4440.813	4414.853	4437.541	62142	0	260
2026.09.08	04:00:00	4437.870	4443.097	4389.934	4392.205	50826	0	260
2026.09.08	08:00:00	4392.535	4407.994	4387.701	4406.231	43197	0	260
2026.09.08	12:00:00	4406.292	4413.181	4385.152	4394.656	77902	0	260
2026.09.08	16:00:00	4394.892	4403.838	4356.599	4359.555	54750	0	260
2026.09.08	20:00:00	4359.499	4364.300	4345.122	4350.031	16909	0	240
2026.09.09	00:00:00	4349.791	4384.515	4340.916	4375.153	48667	0	240
2026.09.09	04:00:00	4375.096	4412.771	4370.600	4409.276	33152	0	260
2026.09.09	08:00:00	4409.152	4415.395	4386.168	4407.205	33101	0	260
2026.09.09	12:00:00	4407.150	4434.161	4375.075	4398.504	104867	0	260
2026.09.09	16:00:00	4398.723	4421.620	4391.373	4398.907	43359	0	260
2026.09.09	20:00:00	4398.853	4406.425	4393.076	4394.034	13898	0	240
2026.09.10	00:00:00	4393.980	4420.985	4389.657	4409.263	52431	0	260
2026.09.10	04:00:00	4408.984	4435.004	4403.900	4411.852	42756	0	260
2026.09.10	08:00:00	4411.794	4412.911	4374.003	4374.341	53229	0	260
2026.09.10	12:00:00	4374.410	4377.692	4323.930	4365.991	142412	0	260
2026.09.10	16:00:00	4366.056	4369.899	4313.524	4324.224	64518	0	240
2026.09.10	20:00:00	4324.659	4324.882	4311.082	4315.237	17212	0	240
2026.09.11	00:00:00	4315.164	4340.559	4300.524	4304.146	69760	0	240
2026.09.11	04:00:00	4304.023	4361.130	4301.884	4344.669	57159	0	260
2026.09.11	08:00:00	4345.060	4357.605	4329.900	4333.255	47591	0	240
2026.09.11	12:00:00	4333.198	4402.687	4291.770	4366.912	140720	0	260
2026.09.11	16:00:00	4366.860	4372.933	4342.683	4348.355	51994	0	240
2026.09.11	20:00:00	4348.286	4351.397	4345.409	4349.302	4784	0	260
2026.09.13	20:00:00	4339.582	4342.489	4328.399	4332.941	11304	0	240
2026.09.14	00:00:00	4332.802	4355.284	4326.089	4330.603	67397	0	260
2026.09.14	04:00:00	4330.391	4338.680	4307.781	4310.737	47705	0	240
2026.09.14	08:00:00	4311.065	4318.079	4277.899	4287.120	53451	0	240
2026.09.14	12:00:00	4287.174	4298.315	4253.404	4288.273	103005	0	240
2026.09.14	16:00:00	4288.391	4317.948	4282.815	4283.289	45512	0	240
2026.09.14	20:00:00	4283.344	4300.831	4282.167	4288.286	16729	0	240
2026.09.15	00:00:00	4288.232	4317.392	4283.027	4303.647	43182	0	240
2026.09.15	04:00:00	4303.593	4309.773	4275.990	4280.361	40828	0	240
2026.09.15	08:00:00	4280.385	4286.821	4261.130	4284.448	44129	0	240
2026.09.15	12:00:00	4284.392	4300.615	4271.256	4289.416	74502	0	240
2026.09.15	16:00:00	4289.475	4310.753	4285.324	4297.507	36955	0	240
2026.09.15	20:00:00	4297.622	4299.121	4281.022	4283.306	14200	0	240
2026.09.16	00:00:00	4283.373	4341.240	4275.393	4326.983	48495	0	240
2026.09.16	04:00:00	4327.040	4339.183	4320.365	4329.163	35717	0	240
2026.09.16	08:00:00	4329.286	4353.602	4322.843	4341.817	41464	0	240
2026.09.16	12:00:00	4341.740	4362.018	4324.035	4352.898	62608	0	240
2026.09.16	16:00:00	4352.715	4368.961	4234.930	4272.170	183520	0	240
2026.09.16	20:00:00	4272.019	4276.145	4257.034	4271.571	25990	0	240
2026.09.17	00:00:00	4271.627	4318.220	4266.026	4296.078	66930	0	240
2026.09.17	04:00:00	4296.003	4335.375	4285.293	4326.992	47207	0	240
2026.09.17	08:00:00	4327.094	4353.440	4305.000	4349.953	45164	0	240
2026.09.17	12:00:00	4349.651	4381.363	4343.673	4369.795	95893	0	260
2026.09.17	16:00:00	4369.619	4372.507	4342.514	4346.289	37055	0	240
2026.09.17	20:00:00	4346.233	4349.383	4339.683	4346.397	13901	0	240
2026.09.18	00:00:00	4346.062	4365.570	4334.052	4359.136	42952	0	260
2026.09.18	04:00:00	4359.080	4399.722	4352.855	4393.382	42880	0	260
2026.09.18	08:00:00	4393.292	4398.526	4372.536	4381.223	43145	0	260
2026.09.18	12:00:00	4381.345	4382.884	4342.626	4356.429	76090	0	240
2026.09.18	16:00:00	4356.464	4397.075	4354.680	4376.611	40912	0	240
2026.09.18	20:00:00	4376.457	4383.415	4375.479	4378.062	5800	0	260
2026.09.20	20:00:00	4374.114	4382.457	4368.731	4372.514	9629	0	240
2026.09.21	00:00:00	4372.494	4383.391	4357.846	4358.935	47118	0	260
2026.09.21	04:00:00	4359.156	4365.373	4341.840	4344.350	42895	0	260
2026.09.21	08:00:00	4344.294	4371.161	4339.936	4368.996	37709	0	260
2026.09.21	12:00:00	4368.911	4374.954	4322.715	4347.952	69837	0	240
2026.09.21	16:00:00	4348.007	4357.059	4337.263	4345.141	34174	0	240
2026.09.21	20:00:00	4345.218	4370.794	4339.151	4368.405	16181	0	240
2026.09.22	00:00:00	4368.471	4376.057	4339.306	4341.857	50887	0	260
2026.09.22	04:00:00	4341.481	4347.507	4299.488	4301.191	48579	0	240
2026.09.22	08:00:00	4301.124	4337.983	4291.359	4322.359	70350	0	240
2026.09.22	12:00:00	4322.345	4344.172	4314.727	4331.209	73295	0	240
2026.09.22	16:00:00	4331.342	4371.166	4322.549	4363.960	45967	0	240
2026.09.22	20:00:00	4364.109	4365.685	4357.336	4363.741	13180	0	260
2026.09.23	00:00:00	4363.740	4369.295	4333.074	4342.682	33677	0	260
2026.09.23	04:00:00	4342.726	4347.421	4318.664	4319.708	30842	0	240
2026.09.23	08:00:00	4319.774	4322.717	4294.425	4309.438	33933	0	240
2026.09.23	12:00:00	4309.469	4319.000	4277.363	4282.091	76754	0	240
2026.09.23	16:00:00	4282.035	4295.019	4274.555	4284.008	47550	0	240
2026.09.23	20:00:00	4284.046	4294.397	4282.602	4288.714	15074	0	240
2026.09.24	00:00:00	4288.769	4303.403	4273.498	4284.757	45191	0	240
2026.09.24	04:00:00	4284.748	4296.219	4274.087	4278.423	40888	0	240
2026.09.24	08:00:00	4278.311	4285.586	4243.993	4265.729	58859	0	240
2026.09.24	12:00:00	4265.670	4284.878	4244.586	4256.817	68153	0	240
2026.09.24	16:00:00	4256.616	4288.582	4252.493	4274.001	78054	0	240
2026.09.24	20:00:00	4273.694	4275.947	4264.245	4265.093	16337	0	240
2026.09.25	00:00:00	4264.983	4295.747	4264.345	4270.121	35888	0	240
