<DATE>	<TIME>	<OPEN>	<HIGH>	<LOW>	<CLOSE>	<TICKVOL>	<VOL>	<SPREAD>
2026.01.01	23:00:00	4328.340	4351.507	4327.673	4348.349	8136	0	160
2026.01.02	00:00:00	4348.358	4356.179	4341.279	4354.191	11393	0	160
2026.01.02	01:00:00	4354.197	4356.159	4344.606	4348.030	13913	0	160
2026.01.02	02:00:00	4348.002	4363.219	4344.852	4362.798	12298	0	160
2026.01.02	03:00:00	4362.824	4375.846	4362.077	4375.173	11819	0	160
2026.01.02	04:00:00	4375.130	4378.641	4371.368	4373.267	10494	0	160
2026.01.02	05:00:00	4373.325	4381.780	4370.946	4380.664	9559	0	160
2026.01.02	06:00:00	4380.711	4381.019	4373.382	4374.782	9762	0	160
2026.01.02	07:00:00	4374.758	4383.326	4371.949	4382.800	10954	0	160
2026.01.02	08:00:00	4382.763	4397.619	4380.490	4387.120	11087	0	160
2026.01.02	09:00:00	4387.083	4391.700	4383.385	4385.609	10346	0	160
2026.01.02	10:00:00	4385.635	4398.588	4384.555	4396.070	10204	0	160
2026.01.02	11:00:00	4396.188	4399.384	4390.794	4392.898	8544	0	160
2026.01.02	12:00:00	4392.888	4398.330	4385.177	4394.339	11645	0	160
2026.01.02	13:00:00	4394.389	4402.465	4361.783	4366.023	30221	0	160
2026.01.02	14:00:00	4366.066	4373.708	4348.143	4353.462	40078	0	160
2026.01.02	15:00:00	4353.480	4357.006	4330.241	4335.470	47178	0	160
2026.01.02	16:00:00	4335.417	4337.401	4314.837	4326.428	42138	0	160
2026.01.02	17:00:00	4326.382	4333.531	4322.761	4323.089	22206	0	160
2026.01.02	18:00:00	4323.015	4323.733	4309.673	4315.060	22254	0	160
2026.01.02	19:00:00	4315.106	4326.310	4315.106	4318.185	15751	0	160
2026.01.02	20:00:00	4318.228	4331.586	4317.152	4331.422	13941	0	160
2026.01.02	21:00:00	4331.457	4333.960	4327.070	4331.759	6482	0	160
2026.01.04	23:00:00	4353.486	4375.927	4349.834	4372.570	15653	0	160
2026.01.05	00:00:00	4372.597	4396.836	4370.227	4395.055	21190	0	160
2026.01.05	01:00:00	4395.081	4421.140	4391.224	4401.876	53108	0	160
2026.01.05	02:00:00	4401.913	4409.611	4388.651	4405.335	25524	0	160
2026.01.05	03:00:00	4405.379	4414.105	4399.709	4399.941	15770	0	160
2026.01.05	04:00:00	4399.909	4408.422	4397.428	4404.147	9524	0	160
2026.01.05	05:00:00	4404.194	4414.553	4401.299	4412.369	14127	0	160
2026.01.05	06:00:00	4412.307	4426.559	4411.209	4420.161	20105	0	160
2026.01.05	07:00:00	4420.279	4425.096	4416.791	4421.826	13623	0	160
2026.01.05	08:00:00	4421.868	4433.981	4419.336	4430.181	13981	0	160
2026.01.05	09:00:00	4430.172	4438.245	4425.973	4434.819	12519	0	160
2026.01.05	10:00:00	4434.840	4440.011	4430.807	4436.250	10991	0	160
2026.01.05	11:00:00	4436.286	4437.501	4411.073	4419.349	18630	0	160
2026.01.05	12:00:00	4419.316	4421.533	4405.439	4409.669	16733	0	160
2026.01.05	13:00:00	4409.728	4418.988	4395.895	4416.777	31838	0	160
2026.01.05	14:00:00	4416.756	4442.879	4416.756	4436.879	38698	0	160
2026.01.05	15:00:00	4436.956	4455.697	4435.453	4448.524	34757	0	160
2026.01.05	16:00:00	4448.487	4454.479	4438.476	4441.949	19400	0	160
2026.01.05	17:00:00	4441.992	4449.015	4432.261	4443.566	22073	0	160
2026.01.05	18:00:00	4443.511	4448.613	4439.808	4448.613	13595	0	160
2026.01.05	19:00:00	4448.640	4449.504	4434.719	4439.845	15196	0	160
2026.01.05	20:00:00	4439.805	4447.100	4437.896	4445.041	14028	0	160
2026.01.05	21:00:00	4445.092	4449.325	4443.406	4448.989	6590	0	160
2026.01.05	23:00:00	4454.841	4460.290	4436.869	4440.334	8907	0	160
2026.01.06	00:00:00	4440.426	4444.912	4430.348	4436.385	13723	0	160
2026.01.06	01:00:00	4436.336	4452.327	4427.675	4450.418	27335	0	160
2026.01.06	02:00:00	4450.515	4461.378	4448.680	4454.980	20484	0	160
2026.01.06	03:00:00	4455.006	4468.212	4454.095	4467.805	13264	0	160
2026.01.06	04:00:00	4467.682	4468.596	4461.719	4467.361	8591	0	160
2026.01.06	05:00:00	4467.251	4474.275	4449.440	4452.546	18021	0	160
2026.01.06	06:00:00	4452.575	4466.970	4451.601	4465.667	17766	0	160
2026.01.06	07:00:00	4465.603	4470.422	4457.239	4459.479	12751	0	160
2026.01.06	08:00:00	4459.501	4476.002	4457.416	4468.331	15652	0	160
2026.01.06	09:00:00	4468.272	4468.593	4444.803	4446.277	17328	0	160
2026.01.06	10:00:00	4446.398	4456.015	4442.565	4451.736	11804	0	160
2026.01.06	11:00:00	4451.818	4464.613	4448.688	4463.377	9948	0	160
2026.01.06	12:00:00	4463.319	4466.318	4458.738	4463.614	9799	0	160
2026.01.06	13:00:00	4463.652	4470.587	4453.975	4467.983	24280	0	160
2026.01.06	14:00:00	4468.012	4489.999	4464.456	4487.466	27508	0	160
2026.01.06	15:00:00	4487.493	4490.968	4462.854	4478.351	37268	0	160
2026.01.06	16:00:00	4478.320	4489.083	4471.616	4488.240	21739	0	160
2026.01.06	17:00:00	4488.340	4491.626	4481.675	4489.462	15986	0	160
2026.01.06	18:00:00	4489.420	4494.127	4482.185	4488.520	15426	0	160
2026.01.06	19:00:00	4488.540	4489.405	4477.429	4481.409	15271	0	160
2026.01.06	20:00:00	4481.378	4496.944	4480.296	4493.817	11727	0	160
2026.01.06	21:00:00	4493.778	4497.422	4491.740	4494.600	6582	0	160
2026.01.06	23:00:00	4498.082	4500.541	4492.122	4493.223	7153	0	160
2026.01.07	00:00:00	4493.308	4494.702	4482.523	4491.903	12726	0	160
2026.01.07	01:00:00	4491.845	4495.931	4460.993	4465.500	39202	0	160
2026.01.07	02:00:00	4465.482	4478.816	4459.455	4474.656	20706	0	160
2026.01.07	03:00:00	4474.670	4480.356	4471.815	4474.703	13942	0	160
2026.01.07	04:00:00	4474.645	4476.083	4463.395	4464.827	15711	0	160
2026.01.07	05:00:00	4464.825	4470.296	4443.170	4454.270	24605	0	160
2026.01.07	06:00:00	4454.232	4460.477	4441.419	4444.168	21294	0	160
2026.01.07	07:00:00	4444.112	4465.169	4441.509	4461.273	15270	0	160
2026.01.07	08:00:00	4461.183	4474.845	4459.289	4468.243	13227	0	160
2026.01.07	09:00:00	4468.205	4468.693	4459.634	4463.388	11976	0	160
2026.01.07	10:00:00	4463.360	4467.819	4458.660	4464.522	9710	0	160
2026.01.07	11:00:00	4464.481	4464.982	4446.584	4447.469	13017	0	160
2026.01.07	12:00:00	4447.441	4455.125	4439.158	4445.029	16766	0	160
2026.01.07	13:00:00	4445.066	4453.132	4427.814	4452.968	35505	0	160
2026.01.07	14:00:00	4452.923	4454.406	4435.782	4445.604	38089	0	160
2026.01.07	15:00:00	4445.549	4452.207	4423.560	4446.078	34271	0	160
2026.01.07	16:00:00	4446.044	4468.439	4443.910	4464.270	25298	0	160
2026.01.07	17:00:00	4464.313	4465.416	4449.791	4451.851	15230	0	160
2026.01.07	18:00:00	4451.908	4458.770	4447.227	4452.008	17138	0	160
2026.01.07	19:00:00	4452.071	4458.023	4445.362	4456.852	12869	0	160
2026.01.07	20:00:00	4456.896	4461.700	4450.556	4451.988	15703	0	160
2026.01.07	21:00:00	4452.036	4456.107	4449.794	4455.734	6300	0	160
2026.01.07	23:00:00	4459.787	4464.170	4458.515	4463.418	6171	0	160
2026.01.08	00:00:00	4463.438	4466.480	4446.637	4450.263	13118	0	160
2026.01.08	01:00:00	4450.259	4460.475	4441.598	4448.506	23776	0	160
2026.01.08	02:00:00	4448.519	4449.725	4433.334	4441.382	20391	0	160
2026.01.08	03:00:00	4441.397	4446.563	4437.111	4440.299	14594	0	160
2026.01.08	04:00:00	4440.323	4440.571	4430.167	4431.553	9497	0	160
2026.01.08	05:00:00	4431.524	4432.411	4415.511	4425.388	24440	0	160
2026.01.08	06:00:00	4425.449	4437.619	4415.853	4433.359	24016	0	160
2026.01.08	07:00:00	4433.395	4439.928	4428.495	4431.056	14965	0	160
2026.01.08	08:00:00	4430.976	4433.321	4419.832	4431.573	16276	0	160
2026.01.08	09:00:00	4431.548	4435.449	4425.979	4432.575	11988	0	160
2026.01.08	10:00:00	4432.589	4434.825	4422.964	4433.276	11236	0	160
2026.01.08	11:00:00	4433.315	4433.315	4421.997	4422.728	10022	0	160
2026.01.08	12:00:00	4422.769	4431.351	4407.557	4427.857	19113	0	160
2026.01.08	13:00:00	4427.725	4436.310	4417.267	4423.813	27362	0	160
2026.01.08	14:00:00	4423.771	4439.417	4418.924	4432.845	39460	0	160
2026.01.08	15:00:00	4432.818	4456.536	4427.800	4454.150	37128	0	160
2026.01.08	16:00:00	4454.191	4464.615	4446.895	4463.197	25005	0	160
2026.01.08	17:00:00	4463.116	4465.503	4457.535	4463.423	14917	0	160
2026.01.08	18:00:00	4463.442	4463.442	4447.882	4449.652	16450	0	160
2026.01.08	19:00:00	4449.642	4452.924	4444.332	4452.141	10874	0	160
2026.01.08	20:00:00	4452.020	4478.222	4451.420	4476.036	18410	0	160
2026.01.08	21:00:00	4475.999	4479.711	4472.634	4477.366	8175	0	160
2026.01.08	23:00:00	4482.004	4484.203	4472.630	4475.597	7501	0	160
2026.01.09	00:00:00	4475.632	4476.742	4459.959	4462.843	10710	0	160
2026.01.09	01:00:00	4462.869	4470.030	4452.840	4468.908	24829	0	160
2026.01.09	02:00:00	4468.941	4476.537	4465.623	4469.395	15525	0	160
2026.01.09	03:00:00	4469.365	4469.985	4460.390	4464.219	12533	0	160
2026.01.09	04:00:00	4464.226	4466.874	4460.747	4464.783	7559	0	160
2026.01.09	05:00:00	4464.788	4471.736	4458.040	4468.157	13226	0	160
2026.01.09	06:00:00	4468.226	4477.388	4466.039	4474.162	14870	0	160
2026.01.09	07:00:00	4474.204	4475.545	4468.430	4470.230	9390	0	160
2026.01.09	08:00:00	4470.267	4476.785	4463.971	4468.492	11919	0	160
2026.01.09	09:00:00	4468.445	4477.674	4468.296	4471.203	9287	0	160
2026.01.09	10:00:00	4471.220	4474.344	4467.193	4472.637	7396	0	160
2026.01.09	11:00:00	4472.670	4476.212	4468.615	4475.430	8041	0	160
2026.01.09	12:00:00	4475.406	4480.629	4460.898	4465.953	13300	0	160
2026.01.09	13:00:00	4466.057	4491.969	4458.906	4482.777	38138	0	160
2026.01.09	14:00:00	4482.745	4498.150	4479.269	4494.539	45915	0	160
2026.01.09	15:00:00	4494.515	4517.180	4490.030	4512.272	35115	0	160
2026.01.09	16:00:00	4512.371	4514.408	4499.838	4506.525	23404	0	160
2026.01.09	17:00:00	4506.513	4511.732	4482.001	4484.546	20942	0	160
2026.01.09	18:00:00	4484.503	4504.616	4482.907	4496.021	20171	0	160
2026.01.09	19:00:00	4496.085	4501.927	4492.700	4499.322	11158	0	160
2026.01.09	20:00:00	4499.294	4510.146	4497.779	4507.629	13725	0	160
2026.01.09	21:00:00	4507.600	4511.179	4505.053	4509.075	6241	0	160
2026.01.11	23:00:00	4517.918	4545.010	4517.918	4539.960	13225	0	160
2026.01.12	00:00:00	4540.028	4601.220	4536.272	4588.948	33426	0	160
2026.01.12	01:00:00	4588.987	4594.993	4570.140	4570.140	49237	0	160
2026.01.12	02:00:00	4570.108	4582.217	4561.787	4577.477	27400	0	160
2026.01.12	03:00:00	4577.436	4581.449	4567.651	4570.658	15844	0	160
2026.01.12	04:00:00	4570.695	4572.065	4563.516	4568.609	11209	0	160
2026.01.12	05:00:00	4568.565	4585.100	4565.980	4581.025	17551	0	160
2026.01.12	06:00:00	4580.979	4580.979	4569.639	4578.421	15366	0	160
2026.01.12	07:00:00	4578.455	4589.641	4574.626	4587.700	15765	0	160
2026.01.12	08:00:00	4587.743	4598.311	4579.506	4596.747	16676	0	160
2026.01.12	09:00:00	4596.863	4599.355	4587.759	4589.117	13438	0	160
2026.01.12	10:00:00	4589.166	4595.436	4585.878	4594.204	12509	0	160
2026.01.12	11:00:00	4594.270	4594.898	4581.808	4585.272	11794	0	160
2026.01.12	12:00:00	4585.261	4590.761	4578.449	4590.508	14076	0	160
2026.01.12	13:00:00	4590.435	4620.453	4588.695	4615.806	28517	0	160
2026.01.12	14:00:00	4615.850	4617.363	4584.885	4602.226	53503	0	160
2026.01.12	15:00:00	4602.193	4627.426	4601.810	4621.268	33474	0	160
2026.01.12	16:00:00	4621.242	4630.183	4607.824	4616.948	23228	0	160
2026.01.12	17:00:00	4616.941	4620.648	4610.771	4616.467	18277	0	160
2026.01.12	18:00:00	4616.477	4618.617	4600.443	4610.738	19609	0	160
2026.01.12	19:00:00	4610.794	4619.056	4608.644	4611.105	11415	0	160
2026.01.12	20:00:00	4611.138	4611.760	4591.514	4593.806	19305	0	160
2026.01.12	21:00:00	4593.840	4597.273	4589.224	4596.711	9380	0	160
2026.01.12	23:00:00	4600.673	4603.593	4577.934	4599.371	15281	0	160
2026.01.13	00:00:00	4599.408	4599.697	4584.472	4587.454	11829	0	160
2026.01.13	01:00:00	4587.452	4595.779	4575.450	4577.984	29483	0	160
2026.01.13	02:00:00	4577.916	4595.054	4576.696	4594.245	17006	0	160
2026.01.13	03:00:00	4594.211	4599.717	4592.527	4594.166	11669	0	160
2026.01.13	04:00:00	4594.125	4599.736	4593.884	4596.501	8218	0	160
2026.01.13	05:00:00	4596.502	4602.247	4585.601	4592.164	15643	0	160
2026.01.13	06:00:00	4592.114	4592.361	4573.274	4581.585	18131	0	160
2026.01.13	07:00:00	4581.678	4587.236	4577.482	4580.548	12032	0	160
2026.01.13	08:00:00	4580.515	4597.225	4579.536	4592.785	13432	0	160
2026.01.13	09:00:00	4592.752	4595.735	4585.659	4586.197	9933	0	160
2026.01.13	10:00:00	4586.164	4588.289	4580.403	4586.300	9109	0	160
2026.01.13	11:00:00	4586.297	4592.014	4582.032	4588.503	9823	0	160
2026.01.13	12:00:00	4588.599	4595.193	4577.847	4593.218	10029	0	160
2026.01.13	13:00:00	4593.188	4621.052	4590.710	4611.565	33262	0	160
2026.01.13	14:00:00	4611.523	4634.796	4609.029	4629.894	37350	0	160
2026.01.13	15:00:00	4629.850	4630.291	4600.864	4619.104	40014	0	160
2026.01.13	16:00:00	4619.001	4620.796	4592.827	4613.306	24959	0	160
2026.01.13	17:00:00	4613.269	4616.064	4586.704	4590.502	21330	0	160
2026.01.13	18:00:00	4590.452	4602.088	4581.046	4594.198	27190	0	160
2026.01.13	19:00:00	4594.239	4599.020	4584.153	4597.503	19025	0	160
2026.01.13	20:00:00	4597.539	4597.876	4569.234	4586.045	23614	0	160
2026.01.13	21:00:00	4586.098	4589.919	4582.708	4586.552	8475	0	160
2026.01.13	23:00:00	4590.721	4598.857	4590.682	4597.136	6964	0	160
2026.01.14	00:00:00	4597.181	4610.741	4597.117	4609.153	12121	0	160
2026.01.14	01:00:00	4609.191	4619.960	4606.187	4619.160	22268	0	160
2026.01.14	02:00:00	4619.143	4623.618	4614.334	4620.633	17022	0	160
2026.01.14	03:00:00	4620.571	4630.088	4613.520	4628.238	13330	0	160
2026.01.14	04:00:00	4628.316	4630.562	4625.259	4629.468	9524	0	160
2026.01.14	05:00:00	4629.495	4639.887	4617.789	4619.823	23768	0	160
2026.01.14	06:00:00	4619.766	4637.223	4618.538	4637.223	21996	0	160
2026.01.14	07:00:00	4637.253	4639.584	4631.374	4632.634	11984	0	160
2026.01.14	08:00:00	4632.562	4637.912	4621.938	4634.917	16873	0	160
2026.01.14	09:00:00	4634.864	4639.669	4627.052	4630.422	11573	0	160
2026.01.14	10:00:00	4630.391	4638.190	4627.787	4633.025	10757	0	160
2026.01.14	11:00:00	4632.979	4637.518	4625.929	4630.327	11471	0	160
2026.01.14	12:00:00	4630.340	4641.989	4630.176	4638.782	14191	0	160
2026.01.14	13:00:00	4638.815	4641.738	4624.312	4635.839	30073	0	160
2026.01.14	14:00:00	4635.872	4638.794	4606.671	4617.582	40433	0	160
2026.01.14	15:00:00	4617.552	4626.505	4599.345	4617.855	40362	0	160
2026.01.14	16:00:00	4617.892	4624.844	4608.501	4616.995	26810	0	160
2026.01.14	17:00:00	4617.041	4619.189	4601.076	4614.239	27541	0	160
2026.01.14	18:00:00	4614.214	4637.171	4612.745	4635.077	20005	0	160
2026.01.14	19:00:00	4635.107	4643.189	4633.272	4639.223	18541	0	160
2026.01.14	20:00:00	4639.221	4641.566	4625.598	4632.498	29350	0	160
2026.01.14	21:00:00	4632.551	4633.061	4617.901	4626.038	12411	0	160
2026.01.14	23:00:00	4626.610	4626.949	4602.868	4615.294	15328	0	160
2026.01.15	00:00:00	4615.256	4618.187	4610.122	4615.335	12429	0	160
2026.01.15	01:00:00	4615.282	4617.412	4583.613	4600.055	42924	0	160
2026.01.15	02:00:00	4599.944	4614.714	4595.584	4602.831	24797	0	160
2026.01.15	03:00:00	4602.870	4604.388	4581.069	4592.282	27755	0	160
2026.01.15	04:00:00	4592.258	4597.489	4587.018	4592.233	15171	0	160
2026.01.15	05:00:00	4592.274	4599.006	4580.995	4595.213	20765	0	160
2026.01.15	06:00:00	4595.257	4612.104	4593.665	4610.261	20242	0	160
2026.01.15	07:00:00	4610.216	4613.611	4599.191	4601.818	13051	0	160
2026.01.15	08:00:00	4601.775	4607.150	4597.807	4604.308	14665	0	160
2026.01.15	09:00:00	4604.245	4613.071	4600.656	4612.605	11326	0	160
2026.01.15	10:00:00	4612.576	4620.628	4609.297	4619.803	10646	0	160
2026.01.15	11:00:00	4619.840	4623.032	4615.404	4619.132	10894	0	160
2026.01.15	12:00:00	4619.184	4620.792	4611.718	4613.952	11451	0	160
2026.01.15	13:00:00	4613.888	4616.137	4582.142	4588.413	34792	0	160
2026.01.15	14:00:00	4588.437	4615.154	4583.250	4610.958	40616	0	160
2026.01.15	15:00:00	4611.005	4618.093	4603.864	4615.473	28693	0	160
2026.01.15	16:00:00	4615.438	4624.902	4601.162	4605.624	25448	0	160
2026.01.15	17:00:00	4605.699	4616.995	4605.643	4616.439	14060	0	160
2026.01.15	18:00:00	4616.497	4621.292	4613.569	4617.591	15857	0	160
2026.01.15	19:00:00	4617.621	4621.733	4612.627	4615.794	10618	0	160
2026.01.15	20:00:00	4615.908	4616.308	4600.757	4605.761	18861	0	160
2026.01.15	21:00:00	4605.733	4616.456	4604.437	4615.670	6753	0	160
2026.01.15	23:00:00	4618.110	4620.994	4606.414	4610.284	9836	0	160
2026.01.16	00:00:00	4610.243	4611.358	4598.533	4600.026	12320	0	160
2026.01.16	01:00:00	4599.942	4608.553	4593.942	4600.504	22359	0	160
2026.01.16	02:00:00	4600.477	4604.241	4591.237	4594.891	21673	0	160
2026.01.16	03:00:00	4594.918	4599.694	4592.794	4596.491	10796	0	160
2026.01.16	04:00:00	4596.353	4602.017	4596.116	4601.087	6192	0	160
2026.01.16	05:00:00	4601.205	4616.221	4595.252	4611.542	12200	0	160
2026.01.16	06:00:00	4611.614	4612.336	4593.851	4597.967	18110	0	160
2026.01.16	07:00:00	4598.052	4612.025	4596.850	4607.513	14665	0	160
2026.01.16	08:00:00	4607.466	4610.688	4601.344	4603.185	11356	0	160
2026.01.16	09:00:00	4603.149	4608.484	4598.843	4600.449	8256	0	160
2026.01.16	10:00:00	4600.493	4611.170	4599.801	4600.216	9208	0	160
2026.01.16	11:00:00	4600.250	4616.141	4598.593	4612.471	10451	0	160
2026.01.16	12:00:00	4612.510	4613.013	4597.418	4601.755	12470	0	160
2026.01.16	13:00:00	4601.792	4605.607	4582.677	4601.890	33598	0	160
2026.01.16	14:00:00	4601.909	4614.823	4596.140	4607.981	29278	0	160
2026.01.16	15:00:00	4607.952	4620.563	4536.729	4571.398	75160	0	160
2026.01.16	16:00:00	4571.351	4599.058	4567.943	4591.494	44039	0	160
2026.01.16	17:00:00	4591.506	4593.088	4576.850	4581.460	23436	0	160
2026.01.16	18:00:00	4581.416	4596.056	4580.011	4582.656	20353	0	160
2026.01.16	19:00:00	4582.630	4592.464	4580.803	4590.572	14866	0	160
2026.01.16	20:00:00	4590.587	4596.046	4580.874	4581.986	14303	0	160
2026.01.16	21:00:00	4581.955	4598.544	4581.955	4596.588	11900	0	160
2026.01.18	23:00:00	4655.358	4690.700	4653.824	4672.573	25474	0	160
2026.01.19	00:00:00	4672.630	4682.114	4660.999	4675.351	23759	0	160
2026.01.19	01:00:00	4675.381	4678.351	4656.212	4657.369	37631	0	160
2026.01.19	02:00:00	4657.324	4665.074	4653.138	4662.391	20379	0	160
2026.01.19	03:00:00	4662.416	4669.902	4658.216	4658.521	13890	0	160
2026.01.19	04:00:00	4658.556	4666.043	4658.134	4663.069	8895	0	160
2026.01.19	05:00:00	4663.058	4674.307	4662.959	4669.968	11669	0	160
2026.01.19	06:00:00	4669.955	4679.037	4666.767	4678.008	11088	0	160
2026.01.19	07:00:00	4677.902	4678.529	4661.873	4665.186	13145	0	160
2026.01.19	08:00:00	4665.140	4673.846	4661.683	4663.672	12789	0	160
2026.01.19	09:00:00	4663.636	4672.921	4661.902	4668.423	9764	0	160
2026.01.19	10:00:00	4668.355	4671.257	4661.280	4663.821	8854	0	160
2026.01.19	11:00:00	4663.803	4667.569	4659.587	4660.705	10120	0	160
2026.01.19	12:00:00	4660.676	4673.744	4660.078	4671.958	10250	0	160
2026.01.19	13:00:00	4671.993	4673.707	4664.471	4666.116	12352	0	160
2026.01.19	14:00:00	4666.169	4670.295	4661.511	4666.594	11378	0	160
2026.01.19	15:00:00	4666.567	4676.076	4664.256	4674.329	12242	0	160
2026.01.19	16:00:00	4674.283	4675.622	4670.406	4672.183	7701	0	160
2026.01.19	17:00:00	4672.259	4678.833	4669.195	4676.236	6670	0	160
2026.01.19	18:00:00	4676.237	4680.490	4673.834	4676.540	6134	0	160
2026.01.19	19:00:00	4676.647	4676.752	4667.059	4670.928	4333	0	160
2026.01.19	23:00:00	4673.440	4673.595	4664.575	4665.406	6544	0	160
2026.01.20	00:00:00	4665.371	4668.045	4659.455	4660.504	8528	0	160
2026.01.20	01:00:00	4660.470	4676.125	4659.833	4669.702	16488	0	160
2026.01.20	02:00:00	4669.667	4674.781	4665.558	4668.686	14005	0	160
2026.01.20	03:00:00	4668.676	4681.609	4666.137	4680.157	10520	0	160
2026.01.20	04:00:00	4680.115	4697.143	4679.684	4695.232	11356	0	160
2026.01.20	05:00:00	4695.273	4716.890	4694.235	4714.591	18847	0	160
2026.01.20	06:00:00	4714.551	4717.125	4705.470	4712.532	20355	0	160
2026.01.20	07:00:00	4712.461	4722.775	4711.405	4716.168	14590	0	160
2026.01.20	08:00:00	4716.195	4731.519	4714.966	4729.230	17511	0	160
2026.01.20	09:00:00	4729.280	4737.424	4721.184	4732.404	14694	0	160
2026.01.20	10:00:00	4732.418	4735.025	4723.094	4726.525	12900	0	160
2026.01.20	11:00:00	4726.562	4735.418	4721.583	4733.029	9594	0	160
2026.01.20	12:00:00	4732.985	4732.985	4724.127	4727.526	11650	0	160
2026.01.20	13:00:00	4727.554	4738.492	4715.232	4737.092	33067	0	160
2026.01.20	14:00:00	4737.156	4751.203	4728.629	4741.252	53844	0	160
2026.01.20	15:00:00	4741.175	4748.566	4722.381	4737.495	47579	0	160
2026.01.20	16:00:00	4737.464	4757.894	4729.054	4753.631	25826	0	160
2026.01.20	17:00:00	4753.663	4762.444	4746.094	4759.263	18995	0	160
2026.01.20	18:00:00	4759.298	4766.367	4752.887	4759.359	16553	0	160
2026.01.20	19:00:00	4759.370	4766.298	4756.434	4760.696	12648	0	160
2026.01.20	20:00:00	4760.699	4761.125	4747.418	4756.616	17032	0	160
2026.01.20	21:00:00	4756.641	4763.976	4756.211	4763.376	31077	0	160
2026.01.20	23:00:00	4762.604	4781.083	4757.789	4775.878	9670	0	160
2026.01.21	00:00:00	4775.829	4787.732	4770.751	4784.700	12032	0	160
2026.01.21	01:00:00	4784.650	4844.399	4783.524	4835.302	39112	0	160
2026.01.21	02:00:00	4835.341	4842.159	4817.232	4836.690	26780	0	160
2026.01.21	03:00:00	4836.618	4849.968	4827.067	4845.003	21758	0	160
2026.01.21	04:00:00	4845.003	4871.035	4837.906	4865.859	16361	0	160
2026.01.21	05:00:00	4865.937	4878.241	4858.857	4869.955	21720	0	160
2026.01.21	06:00:00	4870.011	4888.495	4845.479	4847.640	31936	0	160
2026.01.21	07:00:00	4847.583	4857.196	4832.514	4855.166	28554	0	160
2026.01.21	08:00:00	4855.142	4869.713	4851.529	4854.677	18443	0	160
2026.01.21	09:00:00	4854.713	4877.107	4852.333	4860.292	17035	0	160
2026.01.21	10:00:00	4860.243	4866.752	4859.458	4862.180	13168	0	160
2026.01.21	11:00:00	4862.220	4871.558	4855.196	4866.812	12198	0	160
2026.01.21	12:00:00	4866.845	4870.963	4855.777	4865.009	15005	0	160
2026.01.21	13:00:00	4865.061	4880.344	4858.418	4879.398	26939	0	160
2026.01.21	14:00:00	4879.338	4880.975	4839.203	4852.150	68659	0	160
2026.01.21	15:00:00	4851.990	4868.668	4812.704	4847.815	62339	0	160
2026.01.21	16:00:00	4847.861	4855.790	4819.511	4833.336	43723	0	160
2026.01.21	17:00:00	4833.390	4834.351	4802.543	4826.180	43979	0	160
2026.01.21	18:00:00	4826.147	4850.735	4819.804	4850.147	28552	0	160
2026.01.21	19:00:00	4850.041	4854.103	4755.850	4781.264	88877	0	160
2026.01.21	20:00:00	4781.229	4827.834	4772.325	4826.675	56103	0	160
2026.01.21	21:00:00	4826.613	4839.807	4813.273	4828.746	17174	0	160
2026.01.21	23:00:00	4831.025	4831.112	4777.636	4778.381	17748	0	160
2026.01.22	00:00:00	4778.317	4798.831	4778.121	4798.160	22523	0	160
2026.01.22	01:00:00	4798.089	4809.639	4772.208	4797.915	35508	0	160
2026.01.22	02:00:00	4797.796	4798.370	4774.904	4788.979	24058	0	160
2026.01.22	03:00:00	4788.965	4796.993	4784.157	4796.604	14254	0	160
2026.01.22	04:00:00	4796.582	4800.519	4793.855	4797.355	11507	0	160
2026.01.22	05:00:00	4797.386	4821.628	4793.688	4821.283	14910	0	160
2026.01.22	06:00:00	4821.311	4829.247	4816.425	4826.534	15793	0	160
2026.01.22	07:00:00	4826.574	4838.859	4825.664	4832.684	13896	0	160
2026.01.22	08:00:00	4832.659	4835.648	4822.388	4830.719	13927	0	160
2026.01.22	09:00:00	4830.615	4837.972	4813.895	4823.101	16093	0	160
2026.01.22	10:00:00	4823.059	4831.851	4819.211	4829.026	11363	0	160
2026.01.22	11:00:00	4829.046	4836.466	4824.504	4831.124	10501	0	160
2026.01.22	12:00:00	4831.108	4832.560	4818.870	4819.839	12622	0	160
2026.01.22	13:00:00	4819.903	4835.282	4810.693	4822.181	26725	0	160
2026.01.22	14:00:00	4822.115	4847.751	4820.386	4835.251	34077	0	160
2026.01.22	15:00:00	4835.156	4873.721	4827.006	4871.714	35438	0	160
2026.01.22	16:00:00	4871.756	4885.521	4868.085	4878.080	26070	0	160
2026.01.22	17:00:00	4877.957	4906.342	4869.724	4904.519	32511	0	160
2026.01.22	18:00:00	4904.480	4919.380	4901.254	4915.979	24612	0	160
2026.01.22	19:00:00	4915.933	4924.477	4905.936	4911.663	17267	0	160
2026.01.22	20:00:00	4911.700	4928.411	4911.393	4916.994	17278	0	160
2026.01.22	21:00:00	4916.946	4940.818	4914.521	4936.220	11507	0	160
2026.01.22	23:00:00	4944.346	4960.587	4930.713	4958.972	17532	0	160
2026.01.23	00:00:00	4959.011	4965.781	4947.585	4965.051	16465	0	160
2026.01.23	01:00:00	4965.085	4967.529	4936.266	4953.624	36748	0	160
2026.01.23	02:00:00	4953.581	4962.261	4946.884	4955.589	14869	0	160
2026.01.23	03:00:00	4955.632	4959.015	4938.225	4952.007	17331	0	160
2026.01.23	04:00:00	4951.971	4958.360	4950.184	4956.283	7668	0	160
2026.01.23	05:00:00	4956.259	4967.307	4954.507	4960.654	9470	0	160
2026.01.23	06:00:00	4960.628	4962.958	4945.511	4953.708	18627	0	160
2026.01.23	07:00:00	4953.733	4959.588	4943.340	4944.413	15613	0	160
2026.01.23	08:00:00	4944.349	4947.579	4901.296	4913.776	30587	0	160
2026.01.23	09:00:00	4913.884	4921.706	4899.542	4918.577	24106	0	160
2026.01.23	10:00:00	4918.538	4932.392	4915.662	4929.871	14714	0	160
2026.01.23	11:00:00	4929.821	4929.969	4911.967	4922.962	15103	0	160
2026.01.23	12:00:00	4922.999	4942.585	4918.292	4939.264	15905	0	160
2026.01.23	13:00:00	4939.239	4947.993	4923.818	4938.919	38451	0	160
2026.01.23	14:00:00	4938.979	4956.538	4932.804	4943.153	31731	0	160
2026.01.23	15:00:00	4943.231	4963.375	4938.434	4960.584	32014	0	160
2026.01.23	16:00:00	4960.611	4988.334	4959.077	4980.297	28704	0	160
2026.01.23	17:00:00	4980.335	4988.104	4962.064	4965.998	24720	0	160
2026.01.23	18:00:00	4966.032	4984.119	4958.231	4966.792	26781	0	160
2026.01.23	19:00:00	4966.818	4989.804	4966.818	4984.331	15991	0	160
2026.01.23	20:00:00	4984.297	4985.729	4970.597	4981.517	21822	0	160
2026.01.23	21:00:00	4981.478	4989.050	4978.031	4988.337	9036	0	160
2026.01.25	23:00:00	5019.847	5040.296	5003.575	5039.789	30610	0	160
2026.01.26	00:00:00	5039.821	5052.099	5030.570	5041.830	24997	0	160
2026.01.26	01:00:00	5041.689	5085.699	5029.075	5071.195	46975	0	160
2026.01.26	02:00:00	5071.221	5093.104	5067.022	5081.120	35242	0	160
2026.01.26	03:00:00	5081.060	5087.955	5070.008	5076.541	27435	0	160
2026.01.26	04:00:00	5076.643	5078.008	5058.121	5070.445	18151	0	160
2026.01.26	05:00:00	5070.362	5076.465	5052.310	5074.295	33523	0	160
2026.01.26	06:00:00	5074.343	5111.144	5065.319	5077.886	37985	0	160
2026.01.26	07:00:00	5077.807	5095.701	5074.034	5089.275	21283	0	160
2026.01.26	08:00:00	5089.234	5098.284	5080.015	5083.341	20430	0	160
2026.01.26	09:00:00	5083.285	5098.657	5075.446	5084.082	21474	0	160
2026.01.26	10:00:00	5084.113	5095.074	5078.707	5091.639	16818	0	160
2026.01.26	11:00:00	5091.612	5092.833	5078.591	5091.438	13893	0	160
2026.01.26	12:00:00	5091.406	5096.982	5077.224	5078.886	20669	0	160
2026.01.26	13:00:00	5078.846	5083.311	5054.528	5068.552	36253	0	160
2026.01.26	14:00:00	5068.522	5096.954	5058.257	5096.269	43792	0	160
2026.01.26	15:00:00	5096.318	5097.353	5073.834	5090.917	44408	0	160
2026.01.26	16:00:00	5090.819	5104.997	5065.288	5089.514	51162	0	160
2026.01.26	17:00:00	5089.562	5105.153	5080.796	5100.936	32916	0	160
2026.01.26	18:00:00	5100.974	5103.276	5057.875	5068.873	63408	0	160
2026.01.26	19:00:00	5069.015	5069.722	5008.218	5028.697	101826	0	160
2026.01.26	20:00:00	5028.662	5062.342	5026.171	5055.193	61346	0	160
2026.01.26	21:00:00	5055.251	5059.292	4989.632	5009.206	52968	0	160
2026.01.26	23:00:00	5029.858	5061.533	5018.873	5043.629	19979	0	160
2026.01.27	00:00:00	5043.588	5053.997	5013.485	5032.697	26578	0	160
2026.01.27	01:00:00	5032.725	5075.924	5018.832	5060.400	54804	0	160
2026.01.27	02:00:00	5060.365	5079.843	5049.591	5072.436	26916	0	160
2026.01.27	03:00:00	5072.477	5079.121	5060.201	5076.871	21943	0	160
2026.01.27	04:00:00	5076.808	5078.610	5061.513	5067.968	16949	0	160
2026.01.27	05:00:00	5067.919	5085.288	5057.336	5082.990	21980	0	160
2026.01.27	06:00:00	5082.906	5094.066	5076.573	5085.824	21999	0	160
2026.01.27	07:00:00	5085.868	5100.962	5081.596	5086.128	28245	0	160
2026.01.27	08:00:00	5086.063	5088.356	5073.299	5079.418	22655	0	160
2026.01.27	09:00:00	5079.353	5099.601	5077.948	5098.723	18923	0	160
2026.01.27	10:00:00	5098.693	5098.693	5081.890	5086.163	17580	0	160
2026.01.27	11:00:00	5086.201	5090.949	5066.820	5076.734	17180	0	160
2026.01.27	12:00:00	5076.702	5091.210	5073.600	5085.037	22368	0	160
2026.01.27	13:00:00	5085.017	5092.975	5069.493	5077.456	38763	0	160
2026.01.27	14:00:00	5077.494	5082.465	5046.496	5054.261	77467	0	160
2026.01.27	15:00:00	5054.226	5091.466	5047.509	5091.074	61643	0	160
2026.01.27	16:00:00	5091.040	5103.130	5083.378	5087.504	39414	0	160
2026.01.27	17:00:00	5087.454	5094.217	5076.677	5081.340	40676	0	160
2026.01.27	18:00:00	5081.310	5095.431	5076.186	5088.052	33024	0	160
2026.01.27	19:00:00	5088.006	5099.999	5081.171	5098.926	17071	0	160
2026.01.27	20:00:00	5098.952	5182.491	5097.854	5176.499	90567	0	160
2026.01.27	21:00:00	5176.597	5190.490	5169.466	5180.515	33960	0	160
2026.01.27	23:00:00	5177.132	5177.256	5159.074	5172.433	16233	0	160
2026.01.28	00:00:00	5172.389	5180.100	5157.059	5171.933	22175	0	160
2026.01.28	01:00:00	5171.877	5225.232	5168.738	5204.765	61870	0	160
2026.01.28	02:00:00	5204.737	5234.378	5201.612	5231.849	39958	0	160
2026.01.28	03:00:00	5231.804	5247.780	5224.554	5235.049	32177	0	160
2026.01.28	04:00:00	5234.986	5248.970	5232.359	5245.639	16817	0	160
2026.01.28	05:00:00	5245.583	5266.523	5241.647	5261.216	28000	0	160
2026.01.28	06:00:00	5261.187	5271.390	5252.097	5269.840	26088	0	160
2026.01.28	07:00:00	5269.910	5292.818	5263.000	5290.397	26422	0	160
2026.01.28	08:00:00	5290.353	5311.516	5280.758	5293.649	38336	0	160
2026.01.28	09:00:00	5293.589	5297.426	5262.838	5277.991	29932	0	160
2026.01.28	10:00:00	5278.033	5285.636	5269.345	5269.962	21694	0	160
2026.01.28	11:00:00	5269.973	5270.792	5238.576	5261.638	32785	0	160
2026.01.28	12:00:00	5261.700	5279.236	5251.651	5279.157	29869	0	160
2026.01.28	13:00:00	5279.125	5289.585	5257.022	5266.626	44784	0	160
2026.01.28	14:00:00	5266.654	5288.677	5248.485	5286.064	61375	0	160
2026.01.28	15:00:00	5286.172	5298.152	5235.248	5278.235	110227	0	160
2026.01.28	16:00:00	5278.276	5300.199	5274.470	5299.753	52210	0	160
2026.01.28	17:00:00	5299.790	5307.037	5283.043	5298.136	40345	0	160
2026.01.28	18:00:00	5298.233	5326.162	5268.483	5283.597	67779	0	160
2026.01.28	19:00:00	5283.487	5332.219	5269.323	5325.429	79226	0	160
2026.01.28	20:00:00	5325.399	5391.528	5320.898	5376.793	83782	0	160
2026.01.28	21:00:00	5376.828	5417.557	5376.828	5417.500	39564	0	160
2026.01.28	23:00:00	5448.139	5570.018	5432.519	5513.022	63897	0	160
2026.01.29	00:00:00	5512.989	5527.276	5450.422	5520.301	63885	0	160
2026.01.29	01:00:00	5520.415	5551.669	5445.471	5545.787	100248	0	160
2026.01.29	02:00:00	5545.740	5550.123	5504.551	5535.797	64840	0	160
2026.01.29	03:00:00	5535.774	5548.925	5508.482	5545.769	51545	0	160
2026.01.29	04:00:00	5545.731	5564.593	5533.596	5558.391	35416	0	160
2026.01.29	05:00:00	5558.328	5564.482	5516.108	5562.619	50164	0	160
2026.01.29	06:00:00	5562.647	5595.338	5554.806	5561.686	53474	0	160
2026.01.29	07:00:00	5561.609	5575.005	5536.964	5548.968	52535	0	160
2026.01.29	08:00:00	5548.933	5554.952	5473.966	5509.804	69753	0	160
2026.01.29	09:00:00	5509.714	5529.684	5498.018	5514.147	39704	0	160
2026.01.29	10:00:00	5514.115	5525.283	5482.215	5483.396	32194	0	160
2026.01.29	11:00:00	5483.437	5528.813	5470.740	5522.666	25856	0	160
2026.01.29	12:00:00	5522.639	5542.958	5518.484	5534.234	23525	0	160
2026.01.29	13:00:00	5534.270	5540.864	5500.207	5510.376	33707	0	160
2026.01.29	14:00:00	5510.403	5549.504	5491.126	5497.646	62215	0	160
2026.01.29	15:00:00	5497.341	5497.341	5094.978	5182.895	141076	0	160
2026.01.29	16:00:00	5182.780	5311.274	5172.031	5264.023	91946	0	160
2026.01.29	17:00:00	5264.077	5375.460	5264.077	5335.284	70848	0	160
2026.01.29	18:00:00	5335.335	5362.127	5307.994	5339.037	56535	0	160
2026.01.29	19:00:00	5339.098	5345.338	5290.220	5305.702	55273	0	160
2026.01.29	20:00:00	5305.771	5407.072	5282.791	5394.512	42428	0	160
2026.01.29	21:00:00	5394.432	5425.967	5374.608	5377.505	29976	0	160
2026.01.29	23:00:00	5400.815	5448.551	5388.252	5438.589	40192	0	160
2026.01.30	00:00:00	5438.551	5450.946	5389.899	5407.066	56098	0	160
2026.01.30	01:00:00	5407.098	5409.744	5291.364	5301.712	130680	0	160
2026.01.30	02:00:00	5301.612	5312.879	5112.046	5224.736	236746	0	160
2026.01.30	03:00:00	5224.816	5229.882	5150.709	5196.573	112089	0	160
2026.01.30	04:00:00	5196.535	5230.854	5193.790	5214.833	60792	0	160
2026.01.30	05:00:00	5214.771	5241.616	5180.053	5184.846	60946	0	160
2026.01.30	06:00:00	5184.981	5205.301	5145.544	5155.843	83750	0	160
2026.01.30	07:00:00	5155.909	5186.706	5117.625	5181.217	88753	0	160
2026.01.30	08:00:00	5181.171	5181.171	5055.990	5117.325	112016	0	160
2026.01.30	09:00:00	5117.330	5132.854	4940.267	5013.603	201125	0	160
2026.01.30	10:00:00	5013.490	5122.632	5001.005	5119.757	108288	0	160
2026.01.30	11:00:00	5119.702	5144.841	5089.698	5136.072	74601	0	160
2026.01.30	12:00:00	5136.100	5145.895	5055.443	5064.738	97332	0	160
2026.01.30	13:00:00	5064.541	5099.942	4991.925	5019.419	133864	0	160
2026.01.30	14:00:00	5019.451	5113.635	5014.308	5033.129	138738	0	160
2026.01.30	15:00:00	5033.159	5074.033	4980.398	5050.424	95289	0	160
2026.01.30	16:00:00	5050.472	5051.665	4942.060	4985.359	88310	0	160
2026.01.30	17:00:00	4985.286	4986.077	4801.145	4849.920	104719	0	160
2026.01.30	18:00:00	4849.813	4894.437	4682.526	4880.538	150031	0	160
2026.01.30	19:00:00	4880.570	4947.832	4840.093	4932.661	79394	0	160
2026.01.30	20:00:00	4932.701	4932.980	4809.015	4847.953	69661	0	160
2026.01.30	21:00:00	4847.569	4893.020	4831.706	4891.496	31739	0	160
2026.02.01	23:00:00	4793.519	4819.788	4697.912	4741.422	41099	0	160
2026.02.02	00:00:00	4741.564	4884.890	4740.112	4766.976	73201	0	160
2026.02.02	01:00:00	4766.909	4784.802	4585.329	4737.008	105080	0	160
2026.02.02	02:00:00	4736.896	4773.092	4698.051	4711.047	69651	0	160
2026.02.02	03:00:00	4711.104	4729.458	4630.285	4646.594	72546	0	160
2026.02.02	04:00:00	4646.495	4713.526	4603.508	4679.776	60531	0	160
2026.02.02	05:00:00	4679.655	4696.937	4498.120	4549.374	79440	0	160
2026.02.02	06:00:00	4549.337	4573.530	4401.961	4504.003	104819	0	160
2026.02.02	07:00:00	4504.445	4619.114	4484.754	4587.175	68087	0	160
2026.02.02	08:00:00	4587.210	4651.402	4561.465	4640.795	55371	0	160
2026.02.02	09:00:00	4640.851	4731.497	4603.470	4719.567	63719	0	160
2026.02.02	10:00:00	4719.534	4734.034	4657.228	4705.788	49496	0	160
2026.02.02	11:00:00	4705.763	4779.775	4703.605	4766.028	44559	0	160
2026.02.02	12:00:00	4765.857	4812.462	4743.117	4794.221	44244	0	160
2026.02.02	13:00:00	4794.157	4803.863	4669.435	4706.167	86694	0	160
2026.02.02	14:00:00	4706.269	4794.408	4679.993	4719.177	82782	0	160
2026.02.02	15:00:00	4719.577	4745.596	4617.049	4619.977	94444	0	160
2026.02.02	16:00:00	4620.053	4708.893	4596.499	4665.750	67059	0	160
2026.02.02	17:00:00	4665.838	4714.059	4656.421	4674.072	41626	0	160
2026.02.02	18:00:00	4674.129	4674.276	4618.285	4658.018	47491	0	160
2026.02.02	19:00:00	4657.915	4712.940	4631.413	4685.389	33423	0	160
2026.02.02	20:00:00	4685.485	4700.707	4647.337	4652.235	42312	0	160
2026.02.02	21:00:00	4652.350	4687.352	4643.759	4658.154	22382	0	160
2026.02.02	23:00:00	4685.104	4775.102	4681.962	4774.148	21386	0	240
2026.02.03	00:00:00	4774.235	4831.097	4766.164	4780.392	34824	0	160
2026.02.03	01:00:00	4780.290	4856.919	4766.580	4841.618	59634	0	160
2026.02.03	02:00:00	4841.475	4842.123	4745.469	4783.209	55608	0	160
2026.02.03	03:00:00	4783.154	4813.398	4751.924	4809.004	38039	0	160
2026.02.03	04:00:00	4809.176	4825.477	4800.841	4809.128	23050	0	160
2026.02.03	05:00:00	4809.238	4842.078	4809.131	4825.097	25625	0	160
2026.02.03	06:00:00	4825.180	4894.207	4816.573	4881.163	37785	0	160
2026.02.03	07:00:00	4881.243	4933.738	4871.770	4917.095	24019	0	160
2026.02.03	08:00:00	4917.165	4949.853	4898.547	4912.498	23896	0	160
2026.02.03	09:00:00	4912.459	4926.136	4884.691	4916.080	22582	0	160
2026.02.03	10:00:00	4916.065	4929.714	4901.696	4902.434	15332	0	160
2026.02.03	11:00:00	4902.506	4919.234	4883.513	4916.715	17759	0	160
2026.02.03	12:00:00	4916.917	4936.130	4892.211	4913.763	21388	0	160
2026.02.03	13:00:00	4913.685	4950.961	4902.328	4932.686	36799	0	160
2026.02.03	14:00:00	4932.830	4936.427	4893.569	4917.250	45617	0	160
2026.02.03	15:00:00	4916.886	4948.309	4904.582	4935.318	40786	0	160
2026.02.03	16:00:00	4935.437	4993.649	4929.848	4955.650	35142	0	160
2026.02.03	17:00:00	4955.536	4969.718	4907.260	4929.189	52714	0	160
2026.02.03	18:00:00	4929.116	4954.039	4884.773	4908.462	44904	0	160
2026.02.03	19:00:00	4908.540	4948.902	4880.340	4927.250	36418	0	160
2026.02.03	20:00:00	4927.168	4956.866	4902.293	4944.438	26723	0	160
2026.02.03	21:00:00	4944.526	4964.278	4933.386	4946.436	10982	0	160
2026.02.03	23:00:00	4958.639	4972.010	4909.685	4947.236	16343	0	160
2026.02.04	00:00:00	4947.389	5016.266	4945.697	5015.604	28417	0	240
2026.02.04	01:00:00	5015.609	5053.583	4985.102	5046.482	38747	0	240
2026.02.04	02:00:00	5046.555	5065.414	5035.479	5040.484	19412	0	240
2026.02.04	03:00:00	5040.213	5073.597	5036.106	5069.922	16265	0	240
2026.02.04	04:00:00	5070.008	5081.265	5056.294	5080.471	8921	0	240
2026.02.04	05:00:00	5080.613	5090.265	5069.210	5079.597	13200	0	240
2026.02.04	06:00:00	5079.675	5082.907	5050.959	5076.568	18844	0	240
2026.02.04	07:00:00	5076.493	5091.390	5062.181	5084.702	12354	0	240
2026.02.04	08:00:00	5084.618	5091.872	5068.592	5083.416	12684	0	240
2026.02.04	09:00:00	5083.490	5086.835	5042.768	5060.105	16941	0	240
2026.02.04	10:00:00	5060.200	5064.446	5041.490	5048.614	13213	0	240
2026.02.04	11:00:00	5048.705	5053.677	5013.507	5047.674	14745	0	240
2026.02.04	12:00:00	5047.564	5063.232	5036.140	5040.855	12125	0	240
2026.02.04	13:00:00	5041.024	5063.544	5023.009	5053.930	25022	0	240
2026.02.04	14:00:00	5054.014	5059.153	4966.734	4986.403	58611	0	240
2026.02.04	15:00:00	4986.139	5007.715	4887.331	4920.489	66523	0	240
2026.02.04	16:00:00	4920.095	4940.019	4852.153	4904.518	59299	0	160
2026.02.04	17:00:00	4904.436	4930.892	4888.100	4898.184	43249	0	160
2026.02.04	18:00:00	4898.140	4935.145	4872.867	4927.414	30106	0	160
2026.02.04	19:00:00	4927.516	4958.020	4914.648	4941.815	21121	0	160
2026.02.04	20:00:00	4941.764	4952.005	4914.170	4938.664	18087	0	160
2026.02.04	21:00:00	4938.570	4970.662	4937.662	4965.131	7264	0	160
2026.02.04	23:00:00	4969.573	5023.771	4968.927	5012.195	10385	0	240
2026.02.05	00:00:00	5012.269	5020.510	4996.809	5006.725	14902	0	240
2026.02.05	01:00:00	5006.820	5012.066	4936.060	4958.921	47634	0	160
2026.02.05	02:00:00	4959.011	4962.053	4804.601	4811.940	79566	0	160
2026.02.05	03:00:00	4812.014	4888.305	4788.660	4880.507	56259	0	160
2026.02.05	04:00:00	4880.431	4891.198	4863.212	4863.721	23440	0	160
2026.02.05	05:00:00	4863.559	4906.686	4826.294	4896.149	33868	0	160
2026.02.05	06:00:00	4896.232	4934.183	4877.647	4920.370	30773	0	160
2026.02.05	07:00:00	4920.229	4940.996	4895.729	4915.076	24454	0	160
2026.02.05	08:00:00	4915.205	4943.562	4901.149	4912.156	24608	0	160
2026.02.05	09:00:00	4912.043	4914.328	4849.283	4855.142	36026	0	160
2026.02.05	10:00:00	4854.969	4886.933	4847.059	4877.081	24746	0	160
2026.02.05	11:00:00	4877.070	4894.605	4864.502	4868.287	14946	0	160
2026.02.05	12:00:00	4868.302	4877.993	4810.728	4854.007	39861	0	160
2026.02.05	13:00:00	4853.929	4868.172	4802.018	4835.597	54524	0	160
2026.02.05	14:00:00	4835.332	4869.998	4805.773	4846.507	66517	0	160
2026.02.05	15:00:00	4845.979	4866.184	4800.543	4817.668	61250	0	160
2026.02.05	16:00:00	4817.565	4906.881	4812.281	4888.789	49884	0	160
2026.02.05	17:00:00	4888.647	4890.784	4859.023	4869.299	31874	0	160
2026.02.05	18:00:00	4869.249	4875.330	4851.138	4858.207	27695	0	160
2026.02.05	19:00:00	4858.123	4865.264	4823.399	4829.338	22026	0	160
2026.02.05	20:00:00	4829.446	4843.154	4792.747	4811.351	24721	0	160
2026.02.05	21:00:00	4811.211	4826.126	4759.358	4776.808	19016	0	160
2026.02.05	23:00:00	4761.196	4781.944	4703.368	4703.768	17284	0	160
2026.02.06	00:00:00	4703.682	4764.497	4655.170	4762.782	51156	0	160
2026.02.06	01:00:00	4762.707	4784.940	4693.757	4774.162	63826	0	160
2026.02.06	02:00:00	4774.215	4846.460	4760.338	4816.580	36812	0	160
2026.02.06	03:00:00	4816.509	4839.136	4800.684	4824.288	21239	0	160
2026.02.06	04:00:00	4824.155	4831.680	4807.031	4813.801	11633	0	160
2026.02.06	05:00:00	4813.750	4897.941	4807.604	4897.571	20641	0	160
2026.02.06	06:00:00	4897.494	4903.302	4825.386	4846.492	26266	0	192
2026.02.06	07:00:00	4846.411	4861.726	4838.274	4841.047	14251	0	192
2026.02.06	08:00:00	4840.992	4882.453	4829.587	4862.070	23041	0	192
2026.02.06	09:00:00	4862.042	4872.668	4838.064	4866.646	17697	0	176
2026.02.06	10:00:00	4866.793	4879.947	4851.532	4878.469	10589	0	176
2026.02.06	11:00:00	4878.364	4895.912	4863.908	4887.023	12195	0	176
2026.02.06	12:00:00	4887.192	4903.472	4871.067	4900.342	13696	0	192
2026.02.06	13:00:00	4900.426	4938.358	4897.196	4928.952	26463	0	192
2026.02.06	14:00:00	4928.952	4950.141	4894.524	4947.965	29599	0	192
2026.02.06	15:00:00	4948.243	4964.740	4928.523	4943.436	26489	0	192
2026.02.06	16:00:00	4943.562	4953.619	4921.865	4951.586	18847	0	160
2026.02.06	17:00:00	4951.664	4968.577	4948.251	4960.488	12850	0	160
2026.02.06	18:00:00	4960.339	4971.459	4943.701	4962.564	11054	0	160
2026.02.06	19:00:00	4962.485	4963.252	4948.602	4957.186	6902	0	160
2026.02.06	20:00:00	4957.029	4959.130	4936.583	4953.297	10283	0	160
2026.02.06	21:00:00	4953.339	4968.252	4946.482	4968.156	5970	0	160
2026.02.08	23:00:00	4967.733	5046.912	4964.652	5035.956	13903	0	240
2026.02.09	00:00:00	5036.031	5044.959	5011.735	5019.984	18682	0	240
2026.02.09	01:00:00	5019.937	5042.012	4975.898	4982.657	27291	0	240
2026.02.09	02:00:00	4982.734	5017.641	4968.909	5007.391	16950	0	240
2026.02.09	03:00:00	5007.399	5031.531	5005.643	5016.239	11279	0	240
2026.02.09	04:00:00	5016.178	5024.966	5007.181	5012.139	8472	0	240
2026.02.09	05:00:00	5012.104	5041.649	5011.152	5037.069	11856	0	240
2026.02.09	06:00:00	5036.936	5045.760	5013.808	5031.074	15401	0	240
2026.02.09	07:00:00	5031.152	5031.288	4997.144	5006.390	13881	0	240
2026.02.09	08:00:00	5006.531	5035.723	5002.911	5027.382	10219	0	160
2026.02.09	09:00:00	5027.455	5040.851	5002.816	5007.897	10800	0	240
2026.02.09	10:00:00	5007.972	5015.291	4982.035	4991.015	16485	0	240
2026.02.09	11:00:00	4991.035	5017.880	4988.400	5010.646	12454	0	240
2026.02.09	12:00:00	5010.953	5021.794	5007.250	5013.415	11385	0	240
2026.02.09	13:00:00	5013.199	5024.652	4995.049	5007.182	20148	0	160
2026.02.09	14:00:00	5007.069	5040.626	5002.241	5038.022	21279	0	160
2026.02.09	15:00:00	5037.899	5060.226	5023.712	5058.777	16744	0	240
2026.02.09	16:00:00	5058.859	5080.708	5056.340	5073.502	11911	0	240
2026.02.09	17:00:00	5073.584	5075.450	5040.953	5046.082	10508	0	240
2026.02.09	18:00:00	5046.308	5064.030	5043.880	5062.904	10530	0	240
2026.02.09	19:00:00	5062.826	5079.967	5062.417	5074.599	6463	0	240
2026.02.09	20:00:00	5074.655	5086.709	5072.246	5079.730	7899	0	240
2026.02.09	21:00:00	5079.804	5083.058	5047.849	5060.096	7545	0	240
2026.02.09	23:00:00	5072.002	5075.124	4987.234	5031.915	16555	0	240
2026.02.10	00:00:00	5031.841	5048.181	5008.995	5018.614	15903	0	240
2026.02.10	01:00:00	5018.533	5037.927	5012.160	5032.655	22851	0	240
2026.02.10	02:00:00	5032.601	5056.428	5031.630	5038.440	14851	0	240
2026.02.10	03:00:00	5038.103	5038.103	5016.282	5030.003	12126	0	240
2026.02.10	04:00:00	5030.098	5033.966	5017.822	5031.714	7839	0	240
2026.02.10	05:00:00	5031.489	5040.410	5011.120	5039.253	10336	0	240
2026.02.10	06:00:00	5039.176	5045.467	5018.958	5024.591	12708	0	240
2026.02.10	07:00:00	5024.720	5036.117	5018.400	5033.946	12598	0	240
2026.02.10	08:00:00	5033.829	5054.905	5028.863	5041.624	10916	0	240
2026.02.10	09:00:00	5041.548	5063.001	5040.533	5046.755	10065	0	240
2026.02.10	10:00:00	5046.976	5058.187	5036.991	5047.061	9160	0	240
2026.02.10	11:00:00	5046.985	5057.373	5044.351	5055.875	6683	0	240
2026.02.10	12:00:00	5055.861	5057.147	5019.349	5032.035	11818	0	240
2026.02.10	13:00:00	5032.317	5058.765	5026.275	5051.036	13362	0	240
2026.02.10	14:00:00	5051.028	5078.675	5020.462	5039.722	22837	0	240
2026.02.10	15:00:00	5039.639	5048.005	4998.708	5019.698	24512	0	240
2026.02.10	16:00:00	5019.489	5026.561	5005.507	5023.712	17215	0	160
2026.02.10	17:00:00	5023.609	5040.070	5020.698	5026.332	8617	0	160
2026.02.10	18:00:00	5026.256	5027.915	5004.525	5013.244	12264	0	160
2026.02.10	19:00:00	5013.162	5030.109	5008.826	5028.074	7439	0	160
2026.02.10	20:00:00	5028.027	5045.499	5020.128	5030.345	8312	0	240
2026.02.10	21:00:00	5030.271	5032.591	5020.337	5023.056	17770	0	240
2026.02.10	23:00:00	5027.302	5054.391	5027.302	5041.562	6592	0	240
2026.02.11	00:00:00	5041.628	5049.460	5028.144	5037.821	9438	0	240
2026.02.11	01:00:00	5037.921	5052.754	5030.225	5052.344	11651	0	240
2026.02.11	02:00:00	5052.441	5057.824	5032.597	5055.564	9572	0	240
2026.02.11	03:00:00	5055.397	5061.015	5045.033	5054.486	7084	0	240
2026.02.11	04:00:00	5054.485	5059.544	5045.711	5046.379	5094	0	240
2026.02.11	05:00:00	5046.410	5064.077	5043.383	5052.539	7848	0	240
2026.02.11	06:00:00	5052.841	5064.547	5049.466	5064.269	8950	0	240
2026.02.11	07:00:00	5064.080	5069.162	5048.663	5055.443	11586	0	240
2026.02.11	08:00:00	5055.322	5060.336	5045.643	5053.524	7506	0	240
2026.02.11	09:00:00	5053.728	5072.179	5047.015	5062.681	7884	0	240
2026.02.11	10:00:00	5062.830	5101.914	5062.455	5093.385	13697	0	240
2026.02.11	11:00:00	5092.986	5116.816	5082.407	5111.602	10078	0	240
2026.02.11	12:00:00	5111.679	5119.271	5050.077	5083.491	17286	0	240
2026.02.11	13:00:00	5083.381	5090.138	5018.787	5065.756	32624	0	160
2026.02.11	14:00:00	5065.703	5082.820	5035.669	5059.401	26997	0	240
2026.02.11	15:00:00	5059.515	5081.892	5039.133	5060.311	28716	0	240
2026.02.11	16:00:00	5060.212	5078.302	5042.689	5075.121	16567	0	240
2026.02.11	17:00:00	5075.044	5098.960	5068.032	5091.499	11316	0	240
2026.02.11	18:00:00	5091.509	5092.931	5066.496	5082.178	12190	0	240
2026.02.11	19:00:00	5082.299	5094.209	5076.329	5082.166	8869	0	240
2026.02.11	20:00:00	5082.113	5090.346	5078.130	5086.810	7232	0	240
2026.02.11	21:00:00	5086.882	5092.804	5069.640	5082.469	6181	0	240
2026.02.11	23:00:00	5099.351	5100.174	5052.904	5061.409	8738	0	240
2026.02.12	00:00:00	5061.317	5067.460	5049.907	5063.220	13182	0	240
2026.02.12	01:00:00	5062.974	5063.984	5045.099	5063.336	14115	0	240
2026.02.12	02:00:00	5063.623	5072.861	5054.730	5065.804	9917	0	240
2026.02.12	03:00:00	5065.897	5074.620	5054.692	5056.951	7766	0	240
2026.02.12	04:00:00	5056.978	5070.020	5050.847	5069.306	5505	0	240
2026.02.12	05:00:00	5069.223	5078.200	5064.388	5075.463	8190	0	240
2026.02.12	06:00:00	5075.538	5076.328	5046.954	5059.677	10211	0	240
2026.02.12	07:00:00	5059.767	5066.438	5051.720	5063.694	6855	0	240
2026.02.12	08:00:00	5063.950	5073.527	5052.161	5068.340	7588	0	240
2026.02.12	09:00:00	5068.445	5081.056	5066.096	5073.301	6635	0	240
2026.02.12	10:00:00	5073.293	5076.916	5056.133	5062.080	7230	0	240
2026.02.12	11:00:00	5062.044	5068.257	5059.419	5063.967	5304	0	240
2026.02.12	12:00:00	5064.005	5068.562	5048.745	5052.594	7489	0	240
2026.02.12	13:00:00	5052.666	5083.751	5051.365	5075.331	10104	0	240
2026.02.12	14:00:00	5075.242	5077.807	5039.018	5044.503	20278	0	240
2026.02.12	15:00:00	5044.265	5074.838	5039.547	5060.611	12769	0	240
2026.02.12	16:00:00	5060.516	5068.316	4878.378	4954.436	108221	0	240
2026.02.12	17:00:00	4954.679	4983.129	4939.506	4941.094	40214	0	160
2026.02.12	18:00:00	4941.003	4952.293	4906.386	4935.843	35655	0	160
2026.02.12	19:00:00	4935.791	4958.293	4928.018	4945.686	19425	0	160
2026.02.12	20:00:00	4945.604	4948.402	4910.946	4915.258	18325	0	160
2026.02.12	21:00:00	4915.183	4926.975	4911.580	4922.310	7609	0	160
2026.02.12	23:00:00	4893.070	4928.483	4887.596	4920.353	10751	0	160
2026.02.13	00:00:00	4920.057	4948.576	4913.756	4928.091	15735	0	160
2026.02.13	01:00:00	4928.165	4988.935	4926.962	4980.553	20341	0	240
2026.02.13	02:00:00	4980.607	4991.766	4972.224	4988.582	11748	0	240
2026.02.13	03:00:00	4988.425	4989.268	4973.860	4981.499	7865	0	160
2026.02.13	04:00:00	4981.466	4997.318	4972.815	4976.622	6720	0	240
2026.02.13	05:00:00	4976.852	4986.456	4944.887	4946.451	11559	0	160
2026.02.13	06:00:00	4946.579	4968.833	4946.199	4967.121	11968	0	160
2026.02.13	07:00:00	4966.926	4982.525	4951.091	4974.907	11773	0	240
2026.02.13	08:00:00	4975.126	4989.477	4970.631	4982.452	11016	0	160
2026.02.13	09:00:00	4982.534	4982.716	4961.545	4970.387	8888	0	160
2026.02.13	10:00:00	4970.367	4980.764	4946.931	4950.297	8649	0	160
2026.02.13	11:00:00	4950.174	4955.567	4933.500	4954.031	12279	0	160
2026.02.13	12:00:00	4953.953	4974.127	4951.836	4969.424	9511	0	160
2026.02.13	13:00:00	4969.517	5001.784	4957.496	4987.073	17097	0	160
2026.02.13	14:00:00	4986.998	5011.246	4963.934	4995.834	32380	0	240
2026.02.13	15:00:00	4995.918	5020.842	4973.760	4976.912	30923	0	160
2026.02.13	16:00:00	4977.129	5034.243	4975.115	5007.942	19301	0	160
2026.02.13	17:00:00	5008.013	5029.165	5005.795	5020.906	10981	0	160
2026.02.13	18:00:00	5020.818	5035.620	5015.131	5031.229	10280	0	160
2026.02.13	19:00:00	5031.302	5046.075	5023.443	5023.634	9989	0	160
2026.02.13	20:00:00	5023.753	5034.747	5021.249	5032.491	10457	0	160
2026.02.13	21:00:00	5032.415	5046.131	5029.530	5042.635	8975	0	240
2026.02.15	23:00:00	5026.790	5032.356	5010.278	5019.875	10091	0	240
2026.02.16	00:00:00	5019.800	5022.965	4999.643	5015.499	10417	0	240
2026.02.16	01:00:00	5015.346	5031.206	5006.751	5029.035	7967	0	240
2026.02.16	02:00:00	5029.124	5031.519	4992.132	4994.658	9220	0	240
2026.02.16	03:00:00	4994.574	5000.023	4974.864	4987.739	9326	0	160
2026.02.16	04:00:00	4987.693	4992.036	4972.734	4977.871	7986	0	160
2026.02.16	05:00:00	4977.775	4990.697	4964.461	4990.610	7330	0	240
2026.02.16	06:00:00	4990.532	5003.106	4984.731	4994.986	6297	0	160
2026.02.16	07:00:00	4994.932	5009.960	4988.875	5007.255	6937	0	160
2026.02.16	08:00:00	5007.545	5013.397	4995.689	5007.986	7410	0	160
2026.02.16	09:00:00	5007.985	5017.238	5007.689	5013.608	5532	0	160
2026.02.16	10:00:00	5013.536	5017.140	5000.092	5006.124	6209	0	160
2026.02.16	11:00:00	5006.077	5008.011	4998.695	5004.255	5051	0	160
2026.02.16	12:00:00	5004.234	5008.147	4992.714	5002.025	6238	0	160
2026.02.16	13:00:00	5001.910	5003.541	4989.547	4997.421	6459	0	160
2026.02.16	14:00:00	4997.224	4999.432	4981.660	4988.096	7702	0	160
2026.02.16	15:00:00	4987.996	4988.343	4968.825	4979.754	9024	0	160
2026.02.16	16:00:00	4979.742	4990.312	4972.930	4988.154	6423	0	160
2026.02.16	17:00:00	4987.902	4995.896	4987.873	4991.449	4442	0	160
2026.02.16	18:00:00	4991.537	4997.939	4988.288	4994.714	5750	0	240
2026.02.16	19:00:00	4994.638	4996.197	4990.563	4993.856	3534	0	160
2026.02.16	23:00:00	4998.125	5000.758	4985.309	4990.001	5055	0	160
2026.02.17	00:00:00	4989.913	4991.598	4931.413	4935.718	12423	0	160
2026.02.17	01:00:00	4935.810	4964.080	4922.718	4957.950	13271	0	160
2026.02.17	02:00:00	4957.870	4971.442	4954.310	4967.034	6635	0	160
2026.02.17	03:00:00	4966.954	4970.081	4949.833	4956.967	7280	0	160
2026.02.17	04:00:00	4956.882	4960.369	4946.790	4952.810	5428	0	160
2026.02.17	05:00:00	4952.988	4954.282	4858.578	4888.628	25711	0	160
2026.02.17	06:00:00	4888.668	4914.260	4886.522	4910.383	10700	0	160
2026.02.17	07:00:00	4910.462	4922.029	4903.811	4917.017	8753	0	160
2026.02.17	08:00:00	4916.950	4930.276	4916.056	4920.715	9667	0	160
2026.02.17	09:00:00	4920.869	4932.591	4912.708	4926.092	8945	0	160
2026.02.17	10:00:00	4926.018	4939.200	4907.584	4913.151	8802	0	160
2026.02.17	11:00:00	4913.331	4930.979	4913.171	4929.144	7369	0	160
2026.02.17	12:00:00	4929.066	4944.408	4928.197	4932.288	9519	0	160
2026.02.17	13:00:00	4932.191	4933.303	4869.604	4870.781	18502	0	160
2026.02.17	14:00:00	4870.614	4907.200	4841.029	4864.208	43770	0	160
2026.02.17	15:00:00	4864.118	4882.570	4848.750	4878.269	34377	0	160
2026.02.17	16:00:00	4878.353	4893.795	4868.390	4869.382	21269	0	160
2026.02.17	17:00:00	4869.474	4871.321	4849.795	4865.261	17418	0	160
2026.02.17	18:00:00	4865.336	4910.850	4862.490	4898.989	17153	0	160
2026.02.17	19:00:00	4899.109	4901.107	4876.620	4880.471	12603	0	160
2026.02.17	20:00:00	4880.396	4884.275	4873.245	4878.107	11951	0	160
2026.02.17	21:00:00	4878.037	4887.047	4874.872	4878.075	4935	0	160
2026.02.17	23:00:00	4863.066	4884.713	4853.898	4859.541	8077	0	160
2026.02.18	00:00:00	4859.227	4883.079	4858.461	4874.937	10236	0	160
2026.02.18	01:00:00	4874.852	4892.923	4874.518	4889.837	8011	0	160
2026.02.18	02:00:00	4889.736	4907.278	4886.560	4905.316	6162	0	160
2026.02.18	03:00:00	4905.112	4922.233	4904.264	4920.891	5536	0	160
2026.02.18	04:00:00	4920.962	4940.167	4918.322	4933.924	6004	0	160
2026.02.18	05:00:00	4933.999	4939.815	4929.826	4933.368	4871	0	160
2026.02.18	06:00:00	4933.530	4936.086	4924.876	4930.559	5816	0	160
2026.02.18	07:00:00	4930.525	4942.381	4929.164	4930.336	5361	0	160
2026.02.18	08:00:00	4930.414	4932.449	4916.548	4917.135	6484	0	160
2026.02.18	09:00:00	4917.216	4923.181	4912.984	4917.443	6478	0	160
2026.02.18	10:00:00	4917.448	4924.460	4909.231	4914.534	7751	0	160
2026.02.18	11:00:00	4914.527	4917.675	4906.246	4912.905	5442	0	160
2026.02.18	12:00:00	4912.892	4947.270	4911.903	4943.157	8557	0	160
2026.02.18	13:00:00	4943.234	4969.126	4942.941	4954.553	11864	0	160
2026.02.18	14:00:00	4954.649	4994.497	4952.138	4991.641	17928	0	160
2026.02.18	15:00:00	4991.788	5009.016	4991.647	4997.847	14235	0	160
2026.02.18	16:00:00	4998.104	5010.992	4991.284	5000.607	10179	0	160
2026.02.18	17:00:00	5000.696	5001.740	4993.323	4998.988	7502	0	160
2026.02.18	18:00:00	4999.182	5003.311	4980.547	4987.238	10248	0	160
2026.02.18	19:00:00	4987.144	4995.513	4972.868	4980.677	12798	0	160
2026.02.18	20:00:00	4980.526	4987.531	4975.513	4984.795	9074	0	160
2026.02.18	21:00:00	4984.696	4986.543	4975.740	4976.302	3315	0	160
2026.02.18	23:00:00	4974.301	4988.721	4961.014	4976.273	6944	0	160
2026.02.19	00:00:00	4975.968	4976.416	4960.438	4961.399	8045	0	160
2026.02.19	01:00:00	4961.051	4975.473	4960.523	4973.169	6459	0	160
2026.02.19	02:00:00	4972.843	4977.360	4965.700	4968.338	5630	0	160
2026.02.19	03:00:00	4968.261	4983.589	4966.428	4981.841	5471	0	160
2026.02.19	04:00:00	4981.543	4985.534	4976.954	4984.199	4452	0	160
2026.02.19	05:00:00	4984.195	4998.409	4984.195	4997.082	4657	0	240
2026.02.19	06:00:00	4996.833	5020.125	4996.718	5018.298	5646	0	160
2026.02.19	07:00:00	5018.376	5021.945	5008.776	5010.381	5880	0	240
2026.02.19	08:00:00	5010.308	5022.086	5006.100	5016.974	6450	0	240
2026.02.19	09:00:00	5016.989	5020.358	4992.879	4995.832	7686	0	240
2026.02.19	10:00:00	4995.758	4996.214	4981.600	4993.411	8083	0	160
2026.02.19	11:00:00	4993.111	4996.351	4977.969	4984.714	7522	0	160
2026.02.19	12:00:00	4984.638	4992.810	4980.547	4984.703	6850	0	160
2026.02.19	13:00:00	4984.786	4998.466	4971.705	4997.145	9953	0	160
2026.02.19	14:00:00	4997.161	5010.310	4963.250	5005.607	19272	0	160
2026.02.19	15:00:00	5005.682	5022.380	4995.940	5013.714	19643	0	160
2026.02.19	16:00:00	5013.798	5014.444	4990.109	4995.378	12897	0	160
2026.02.19	17:00:00	4995.193	5001.653	4982.680	4984.944	9737	0	160
2026.02.19	18:00:00	4985.022	4989.322	4975.081	4981.827	9083	0	160
2026.02.19	19:00:00	4981.902	4990.445	4978.219	4987.838	6626	0	160
2026.02.19	20:00:00	4987.861	5003.413	4987.861	5001.590	5892	0	160
2026.02.19	21:00:00	5001.677	5004.209	4992.183	4996.391	4145	0	240
2026.02.19	23:00:00	4997.078	5007.947	4985.635	4987.790	5603	0	240
2026.02.20	00:00:00	4987.837	5006.956	4985.349	5006.322	6179	0	160
2026.02.20	01:00:00	5006.343	5014.708	4994.951	4997.126	8085	0	240
2026.02.20	02:00:00	4997.098	5007.429	4992.515	4996.336	6571	0	160
2026.02.20	03:00:00	4996.308	4999.045	4981.638	4988.106	6223	0	160
2026.02.20	04:00:00	4988.202	5003.466	4986.722	4999.794	4302	0	160
2026.02.20	05:00:00	4999.954	5011.879	4997.841	5011.874	5325	0	240
2026.02.20	06:00:00	5012.005	5030.213	5011.811	5020.776	7097	0	240
2026.02.20	07:00:00	5020.660	5028.289	5006.023	5006.545	7250	0	240
2026.02.20	08:00:00	5006.624	5030.941	5005.115	5028.821	7120	0	160
2026.02.20	09:00:00	5028.758	5042.685	5027.446	5027.446	7352	0	240
2026.02.20	10:00:00	5027.745	5038.416	5019.358	5034.480	6917	0	240
2026.02.20	11:00:00	5034.784	5034.903	5015.417	5017.410	7222	0	240
2026.02.20	12:00:00	5017.483	5026.631	5007.094	5024.950	8188	0	240
2026.02.20	13:00:00	5025.054	5048.843	5018.194	5043.709	9608	0	160
2026.02.20	14:00:00	5043.637	5060.567	5037.006	5054.162	17968	0	240
2026.02.20	15:00:00	5053.970	5064.115	4988.802	5042.512	62960	0	240
2026.02.20	16:00:00	5042.437	5069.063	5038.384	5066.481	21005	0	240
2026.02.20	17:00:00	5066.562	5076.465	5054.563	5073.012	17116	0	240
2026.02.20	18:00:00	5072.934	5075.211	5053.704	5071.087	18697	0	240
2026.02.20	19:00:00	5071.160	5079.950	5068.309	5079.309	6954	0	240
2026.02.20	20:00:00	5079.479	5098.203	5076.871	5096.949	8973	0	240
2026.02.20	21:00:00	5097.025	5108.075	5091.759	5105.788	6658	0	240
2026.02.22	23:00:00	5111.774	5171.925	5108.698	5165.430	11021	0	240
2026.02.23	00:00:00	5165.423	5166.788	5129.453	5144.646	18727	0	240
2026.02.23	01:00:00	5144.268	5167.849	5140.033	5157.675	12483	0	240
2026.02.23	02:00:00	5157.576	5176.727	5156.569	5173.754	9289	0	240
2026.02.23	03:00:00	5173.765	5175.796	5151.310	5166.872	8238	0	240
2026.02.23	04:00:00	5166.856	5168.760	5155.291	5160.697	6600	0	240
2026.02.23	05:00:00	5160.740	5161.886	5152.138	5158.257	5833	0	240
2026.02.23	06:00:00	5158.153	5161.745	5144.817	5145.796	7412	0	240
2026.02.23	07:00:00	5145.796	5154.191	5124.911	5136.784	11913	0	240
2026.02.23	08:00:00	5136.413	5142.010	5122.079	5140.002	9399	0	240
2026.02.23	09:00:00	5140.002	5150.114	5139.437	5149.532	6472	0	240
2026.02.23	10:00:00	5149.485	5163.443	5144.987	5162.580	8035	0	240
2026.02.23	11:00:00	5162.661	5163.504	5146.403	5149.902	6801	0	240
2026.02.23	12:00:00	5149.811	5165.520	5145.718	5163.933	7519	0	240
2026.02.23	13:00:00	5163.833	5165.340	5143.479	5146.432	9194	0	240
2026.02.23	14:00:00	5146.347	5200.471	5141.198	5192.231	15425	0	240
2026.02.23	15:00:00	5192.526	5205.155	5180.781	5196.309	19744	0	240
2026.02.23	16:00:00	5196.192	5219.227	5175.455	5210.133	19431	0	240
2026.02.23	17:00:00	5210.221	5213.462	5190.897	5207.751	14926	0	240
2026.02.23	18:00:00	5208.190	5215.971	5201.261	5209.751	10722	0	240
2026.02.23	19:00:00	5209.671	5218.345	5206.317	5215.561	8438	0	240
2026.02.23	20:00:00	5215.681	5238.017	5214.956	5236.033	8480	0	240
2026.02.23	21:00:00	5235.952	5237.350	5226.540	5227.956	5155	0	360
2026.02.23	23:00:00	5226.126	5249.573	5226.126	5235.990	7504	0	360
2026.02.24	00:00:00	5235.896	5238.157	5217.378	5224.036	12928	0	360
2026.02.24	01:00:00	5223.961	5224.273	5144.677	5177.101	39841	0	240
2026.02.24	02:00:00	5177.181	5190.605	5165.420	5189.667	11062	0	240
2026.02.24	03:00:00	5189.585	5191.833	5170.935	5172.029	7334	0	240
2026.02.24	04:00:00	5171.955	5174.789	5160.895	5168.379	6856	0	240
2026.02.24	05:00:00	5168.392	5185.793	5163.927	5182.308	8271	0	240
2026.02.24	06:00:00	5182.513	5184.900	5156.038	5173.394	9240	0	240
2026.02.24	07:00:00	5173.311	5184.049	5164.023	5179.039	9826	0	240
2026.02.24	08:00:00	5178.999	5181.913	5164.813	5173.497	9172	0	240
2026.02.24	09:00:00	5173.440	5180.276	5166.300	5171.371	6783	0	240
2026.02.24	10:00:00	5171.469	5181.364	5163.130	5172.514	7151	0	240
2026.02.24	11:00:00	5172.509	5178.590	5170.876	5172.892	5350	0	240
2026.02.24	12:00:00	5172.811	5173.652	5144.594	5150.295	11954	0	240
2026.02.24	13:00:00	5150.584	5161.117	5110.514	5115.139	19836	0	240
2026.02.24	14:00:00	5115.058	5139.172	5093.199	5128.406	31305	0	240
2026.02.24	15:00:00	5128.578	5155.421	5117.923	5150.197	16632	0	240
2026.02.24	16:00:00	5150.150	5152.357	5130.516	5141.629	13252	0	240
2026.02.24	17:00:00	5141.717	5163.829	5141.436	5163.790	8327	0	240
2026.02.24	18:00:00	5163.588	5170.101	5153.107	5160.202	9125	0	240
2026.02.24	19:00:00	5160.210	5160.644	5146.151	5154.120	8139	0	240
2026.02.24	20:00:00	5154.204	5173.241	5146.600	5163.898	8223	0	240
2026.02.24	21:00:00	5163.976	5165.775	5140.129	5143.877	5290	0	240
2026.02.24	23:00:00	5135.260	5152.299	5127.482	5146.596	5992	0	240
2026.02.25	00:00:00	5146.594	5156.393	5136.288	5152.271	8391	0	240
2026.02.25	01:00:00	5152.003	5190.004	5144.049	5176.533	14456	0	240
2026.02.25	02:00:00	5176.917	5194.026	5166.219	5180.409	10176	0	240
2026.02.25	03:00:00	5180.414	5190.139	5178.507	5182.218	7957	0	240
2026.02.25	04:00:00	5182.121	5185.055	5171.603	5182.667	5201	0	240
2026.02.25	05:00:00	5182.742	5210.696	5182.483	5201.777	8193	0	240
2026.02.25	06:00:00	5201.754	5201.754	5182.055	5194.472	8421	0	240
2026.02.25	07:00:00	5194.397	5195.074	5180.312	5184.692	6163	0	240
2026.02.25	08:00:00	5184.797	5197.300	5183.805	5185.544	6572	0	240
2026.02.25	09:00:00	5185.455	5194.523	5176.193	5192.891	7337	0	240
2026.02.25	10:00:00	5192.980	5194.959	5169.723	5175.220	7551	0	240
2026.02.25	11:00:00	5174.744	5182.446	5154.789	5181.250	8428	0	240
2026.02.25	12:00:00	5181.172	5187.426	5177.312	5182.930	6645	0	240
2026.02.25	13:00:00	5182.851	5191.347	5180.908	5184.904	9346	0	240
2026.02.25	14:00:00	5184.857	5193.261	5158.569	5190.937	16097	0	240
2026.02.25	15:00:00	5191.236	5202.571	5172.267	5194.997	14156	0	240
2026.02.25	16:00:00	5194.910	5213.927	5189.491	5211.907	9686	0	240
2026.02.25	17:00:00	5211.811	5217.677	5203.395	5206.975	8320	0	240
2026.02.25	18:00:00	5207.130	5207.702	5200.070	5201.738	3406	0	240
2026.02.25	19:00:00	5202.305	5208.392	5191.232	5205.148	12309	0	360
2026.02.25	20:00:00	5204.836	5206.310	5145.693	5152.023	16459	0	240
2026.02.25	21:00:00	5152.107	5173.639	5150.041	5169.234	9979	0	240
2026.02.25	23:00:00	5164.994	5181.942	5161.553	5163.182	8405	0	360
2026.02.26	00:00:00	5163.276	5192.106	5155.233	5188.425	12195	0	240
2026.02.26	01:00:00	5187.961	5198.205	5178.640	5191.705	15981	0	240
2026.02.26	02:00:00	5191.311	5195.675	5173.969	5184.405	10365	0	240
2026.02.26	03:00:00	5184.102	5193.592	5183.014	5192.733	6903	0	240
2026.02.26	04:00:00	5192.365	5199.382	5190.542	5192.773	4990	0	240
2026.02.26	05:00:00	5192.471	5205.763	5189.673	5197.973	7111	0	240
2026.02.26	06:00:00	5198.048	5199.621	5190.214	5192.920	6902	0	240
2026.02.26	07:00:00	5192.995	5194.438	5179.481	5185.817	7399	0	240
2026.02.26	08:00:00	5186.145	5190.884	5167.563	5178.978	10607	0	240
2026.02.26	09:00:00	5179.265	5189.391	5173.761	5185.982	7050	0	240
2026.02.26	10:00:00	5186.436	5189.960	5165.711	5171.308	7336	0	240
2026.02.26	11:00:00	5171.166	5178.114	5161.111	5164.435	6993	0	240
2026.02.26	12:00:00	5164.564	5188.110	5157.694	5183.883	8274	0	240
2026.02.26	13:00:00	5183.891	5185.669	5164.119	5166.408	12106	0	240
2026.02.26	14:00:00	5166.328	5176.156	5139.633	5164.844	24734	0	240
2026.02.26	15:00:00	5164.765	5192.771	5130.383	5185.288	29467	0	240
2026.02.26	16:00:00	5185.762	5187.221	5172.608	5179.746	14748	0	240
2026.02.26	17:00:00	5179.819	5190.298	5161.739	5167.102	12186	0	240
2026.02.26	18:00:00	5167.026	5185.840	5160.433	5180.518	12336	0	240
2026.02.26	19:00:00	5180.596	5194.022	5179.511	5187.123	7734	0	240
2026.02.26	20:00:00	5187.041	5200.917	5186.837	5196.162	7647	0	240
2026.02.26	21:00:00	5196.619	5200.422	5182.788	5185.057	4986	0	240
2026.02.26	23:00:00	5187.973	5189.206	5175.363	5184.468	5341	0	240
2026.02.27	00:00:00	5184.437	5194.961	5169.950	5174.647	8901	0	240
2026.02.27	01:00:00	5174.742	5194.512	5166.600	5193.836	11751	0	240
2026.02.27	02:00:00	5193.912	5199.773	5173.356	5183.362	10391	0	240
2026.02.27	03:00:00	5183.525	5190.407	5180.945	5184.125	6590	0	240
2026.02.27	04:00:00	5184.028	5188.857	5180.622	5181.760	4386	0	240
2026.02.27	05:00:00	5181.732	5200.672	5181.196	5197.878	6533	0	240
2026.02.27	06:00:00	5197.806	5199.162	5185.002	5185.763	7801	0	240
2026.02.27	07:00:00	5185.685	5189.789	5175.480	5176.152	8302	0	240
2026.02.27	08:00:00	5176.230	5182.169	5174.139	5178.864	6605	0	240
2026.02.27	09:00:00	5178.978	5182.653	5172.305	5175.737	6388	0	240
2026.02.27	10:00:00	5175.812	5180.741	5168.352	5177.681	6658	0	240
2026.02.27	11:00:00	5177.344	5185.354	5172.637	5185.354	4977	0	240
2026.02.27	12:00:00	5185.429	5190.610	5182.863	5187.490	6812	0	240
2026.02.27	13:00:00	5187.768	5240.574	5186.876	5223.255	21638	0	240
2026.02.27	14:00:00	5223.181	5236.124	5213.575	5223.819	21424	0	240
2026.02.27	15:00:00	5223.895	5246.542	5214.633	5239.416	18646	0	240
2026.02.27	16:00:00	5239.496	5257.681	5221.866	5229.163	18964	0	360
2026.02.27	17:00:00	5229.242	5236.971	5220.629	5234.400	13444	0	240
2026.02.27	18:00:00	5234.475	5247.035	5222.694	5245.048	10927	0	240
2026.02.27	19:00:00	5245.033	5252.302	5240.246	5250.137	8139	0	240
2026.02.27	20:00:00	5250.212	5265.572	5248.519	5263.449	8682	0	240
2026.02.27	21:00:00	5263.187	5281.384	5257.109	5279.159	6882	0	360
2026.03.01	23:00:00	5319.152	5393.261	5314.569	5387.054	16670	0	360
2026.03.02	00:00:00	5386.554	5388.177	5340.538	5347.200	23792	0	360
2026.03.02	01:00:00	5347.530	5347.530	5303.022	5325.026	39603	0	360
2026.03.02	02:00:00	5324.947	5351.962	5316.832	5346.113	16922	0	360
2026.03.02	03:00:00	5346.607	5366.868	5344.484	5366.264	10448	0	360
2026.03.02	04:00:00	5366.257	5367.105	5345.135	5356.086	8973	0	360
2026.03.02	05:00:00	5356.139	5366.382	5340.466	5365.922	10170	0	360
2026.03.02	06:00:00	5365.844	5389.872	5363.555	5387.579	11860	0	360
2026.03.02	07:00:00	5387.499	5419.131	5384.708	5407.701	15337	0	360
2026.03.02	08:00:00	5407.622	5416.489	5390.943	5393.814	13842	0	360
2026.03.02	09:00:00	5394.105	5402.858	5385.621	5391.785	11239	0	360
2026.03.02	10:00:00	5392.266	5400.956	5378.879	5389.016	11561	0	360
2026.03.02	11:00:00	5389.095	5399.813	5374.929	5385.060	10330	0	360
2026.03.02	12:00:00	5385.145	5398.811	5378.821	5396.773	10557	0	360
2026.03.02	13:00:00	5396.852	5416.561	5381.687	5394.083	22761	0	360
2026.03.02	14:00:00	5393.999	5395.295	5306.233	5333.758	53836	0	360
2026.03.02	15:00:00	5332.900	5348.896	5308.042	5316.110	36009	0	360
2026.03.02	16:00:00	5316.025	5316.025	5260.137	5290.289	44536	0	360
2026.03.02	17:00:00	5290.382	5320.816	5286.665	5306.361	21105	0	360
2026.03.02	18:00:00	5306.561	5316.613	5289.288	5315.258	13820	0	360
2026.03.02	19:00:00	5315.273	5334.073	5313.709	5330.573	10139	0	360
2026.03.02	20:00:00	5330.662	5346.222	5328.215	5332.558	18204	0	360
2026.03.02	21:00:00	5332.571	5340.493	5321.599	5322.016	7238	0	360
2026.03.02	23:00:00	5332.709	5347.077	5329.125	5345.667	5521	0	360
2026.03.03	00:00:00	5345.672	5362.095	5337.157	5350.363	9108	0	360
2026.03.03	01:00:00	5350.441	5379.859	5337.664	5339.264	19294	0	360
2026.03.03	02:00:00	5339.356	5368.202	5332.434	5367.068	16823	0	360
2026.03.03	03:00:00	5367.172	5373.604	5358.788	5367.112	8337	0	360
2026.03.03	04:00:00	5367.203	5375.608	5359.179	5361.303	7932	0	360
2026.03.03	05:00:00	5361.220	5366.905	5304.818	5318.862	18586	0	360
2026.03.03	06:00:00	5318.961	5323.050	5278.988	5310.285	24546	0	360
2026.03.03	07:00:00	5310.490	5331.124	5305.844	5327.440	12552	0	360
2026.03.03	08:00:00	5327.337	5335.637	5290.057	5295.605	15172	0	360
2026.03.03	09:00:00	5295.401	5303.602	5225.856	5274.660	31059	0	360
2026.03.03	10:00:00	5274.577	5288.205	5237.838	5248.514	23251	0	360
2026.03.03	11:00:00	5248.342	5263.849	5073.054	5144.675	77746	0	360
2026.03.03	12:00:00	5144.766	5226.692	5137.965	5224.319	36073	0	360
2026.03.03	13:00:00	5224.431	5224.431	5127.064	5156.391	52940	0	240
2026.03.03	14:00:00	5156.294	5175.692	5015.676	5038.278	78948	0	240
2026.03.03	15:00:00	5038.368	5096.953	4995.830	5095.315	74253	0	240
2026.03.03	16:00:00	5095.229	5134.818	5090.294	5106.492	45819	0	240
2026.03.03	17:00:00	5106.956	5109.727	5065.045	5078.910	35520	0	240
2026.03.03	18:00:00	5078.806	5138.371	5078.696	5136.138	27131	0	240
2026.03.03	19:00:00	5136.106	5149.217	5099.018	5112.975	26152	0	240
2026.03.03	20:00:00	5113.208	5130.529	5085.880	5097.176	24005	0	240
2026.03.03	21:00:00	5097.257	5110.198	5083.023	5090.405	14888	0	240
2026.03.03	23:00:00	5110.820	5129.753	5084.529	5125.035	9755	0	360
2026.03.04	00:00:00	5125.067	5140.465	5105.564	5138.269	14164	0	240
2026.03.04	01:00:00	5138.347	5178.624	5138.256	5174.615	28158	0	240
2026.03.04	02:00:00	5174.535	5190.977	5153.652	5155.918	18446	0	240
2026.03.04	03:00:00	5156.426	5177.252	5140.807	5174.587	16057	0	240
2026.03.04	04:00:00	5174.467	5180.806	5151.990	5156.756	11401	0	240
2026.03.04	05:00:00	5156.843	5168.099	5152.184	5159.658	14203	0	240
2026.03.04	06:00:00	5159.960	5160.851	5121.224	5160.612	18872	0	240
2026.03.04	07:00:00	5160.313	5176.108	5158.280	5168.239	11831	0	240
2026.03.04	08:00:00	5168.332	5182.212	5147.162	5167.365	14479	0	240
2026.03.04	09:00:00	5167.563	5185.120	5159.374	5182.180	12085	0	240
2026.03.04	10:00:00	5182.457	5202.465	5179.217	5189.951	13964	0	240
2026.03.04	11:00:00	5189.874	5200.796	5187.335	5192.171	8365	0	240
2026.03.04	12:00:00	5191.867	5206.031	5156.185	5170.927	18308	0	240
2026.03.04	13:00:00	5170.991	5196.168	5167.555	5167.986	18581	0	240
2026.03.04	14:00:00	5168.133	5185.044	5138.439	5147.033	38733	0	240
2026.03.04	15:00:00	5147.252	5167.122	5130.834	5151.456	37125	0	360
2026.03.04	16:00:00	5151.572	5162.527	5138.111	5149.692	21144	0	240
2026.03.04	17:00:00	5149.574	5153.024	5120.040	5140.758	16870	0	240
2026.03.04	18:00:00	5141.031	5143.419	5108.599	5133.934	16738	0	240
2026.03.04	19:00:00	5134.113	5139.490	5123.339	5137.784	10532	0	240
2026.03.04	20:00:00	5137.709	5146.915	5123.593	5134.895	35648	0	240
2026.03.04	21:00:00	5134.815	5143.774	5129.407	5139.255	5494	0	240
2026.03.04	23:00:00	5149.146	5165.997	5145.071	5164.941	4982	0	240
2026.03.05	00:00:00	5164.866	5179.755	5159.489	5172.247	6999	0	240
2026.03.05	01:00:00	5172.229	5186.648	5167.041	5172.762	15321	0	240
2026.03.05	02:00:00	5172.293	5192.471	5171.588	5192.178	10917	0	240
2026.03.05	03:00:00	5191.902	5195.043	5178.228	5180.399	6977	0	240
2026.03.05	04:00:00	5180.262	5186.793	5166.045	5171.459	5861	0	240
2026.03.05	05:00:00	5171.541	5176.795	5148.206	5148.707	8403	0	240
2026.03.05	06:00:00	5148.786	5168.640	5120.576	5167.395	16834	0	240
2026.03.05	07:00:00	5167.303	5172.791	5158.641	5162.014	10641	0	240
2026.03.05	08:00:00	5162.179	5170.244	5137.448	5165.646	12085	0	240
2026.03.05	09:00:00	5165.372	5180.430	5153.001	5160.791	13751	0	240
2026.03.05	10:00:00	5161.094	5167.465	5146.110	5164.470	8459	0	240
2026.03.05	11:00:00	5164.630	5167.939	5156.768	5163.448	6603	0	240
2026.03.05	12:00:00	5163.459	5171.633	5160.715	5162.698	7097	0	240
2026.03.05	13:00:00	5162.780	5164.056	5081.271	5117.923	30874	0	240
2026.03.05	14:00:00	5117.844	5129.814	5090.555	5102.340	35172	0	240
2026.03.05	15:00:00	5102.245	5119.929	5059.692	5102.463	41311	0	240
2026.03.05	16:00:00	5102.444	5104.446	5053.901	5077.434	25933	0	240
2026.03.05	17:00:00	5077.634	5089.414	5054.806	5063.030	23311	0	240
2026.03.05	18:00:00	5062.690	5085.512	5050.660	5069.478	19964	0	240
2026.03.05	19:00:00	5069.558	5081.276	5055.517	5065.775	16816	0	240
2026.03.05	20:00:00	5065.626	5094.487	5061.593	5076.759	19927	0	240
2026.03.05	21:00:00	5076.610	5085.195	5071.989	5083.348	5682	0	240
2026.03.05	23:00:00	5090.387	5101.895	5081.848	5086.323	5424	0	360
2026.03.06	00:00:00	5086.144	5092.420	5074.056	5084.528	8912	0	360
2026.03.06	01:00:00	5084.228	5144.025	5065.970	5134.868	18367	0	240
2026.03.06	02:00:00	5134.791	5138.386	5121.972	5126.426	10052	0	360
2026.03.06	03:00:00	5126.143	5141.449	5124.507	5130.883	6648	0	360
2026.03.06	04:00:00	5131.201	5136.229	5126.211	5127.725	4548	0	360
2026.03.06	05:00:00	5127.645	5130.014	5113.994	5117.391	7902	0	360
2026.03.06	06:00:00	5117.088	5122.886	5109.161	5115.559	7358	0	360
2026.03.06	07:00:00	5115.493	5120.686	5105.609	5119.349	7565	0	360
2026.03.06	08:00:00	5119.427	5123.246	5096.077	5108.295	8355	0	360
2026.03.06	09:00:00	5108.347	5109.490	5083.331	5085.486	9827	0	240
2026.03.06	10:00:00	5085.745	5093.075	5075.500	5090.846	9586	0	360
2026.03.06	11:00:00	5090.985	5099.666	5062.355	5076.696	10837	0	240
2026.03.06	12:00:00	5076.803	5096.744	5075.890	5083.299	10402	0	240
2026.03.06	13:00:00	5083.218	5130.716	5065.206	5084.831	33987	0	240
2026.03.06	14:00:00	5084.740	5131.974	5080.722	5129.932	37997	0	360
2026.03.06	15:00:00	5130.008	5171.783	5127.674	5141.994	36889	0	360
2026.03.06	16:00:00	5141.912	5153.132	5125.778	5139.989	20047	0	360
2026.03.06	17:00:00	5140.071	5152.448	5128.759	5140.485	15299	0	360
2026.03.06	18:00:00	5140.417	5167.833	5138.662	5160.874	11496	0	360
2026.03.06	19:00:00	5161.196	5174.683	5156.451	5159.862	9733	0	360
2026.03.06	20:00:00	5159.939	5162.550	5149.535	5153.578	10788	0	360
2026.03.06	21:00:00	5153.492	5176.703	5151.039	5174.204	5841	0	360
2026.03.08	22:00:00	5178.932	5180.331	5103.439	5130.250	21981	0	360
2026.03.08	23:00:00	5130.024	5135.666	5044.114	5075.404	19916	0	240
2026.03.09	00:00:00	5076.087	5080.918	5028.263	5049.824	28497	0	360
2026.03.09	01:00:00	5049.739	5087.740	5014.417	5070.232	38457	0	360
2026.03.09	02:00:00	5070.344	5099.392	5055.442	5094.956	20996	0	360
2026.03.09	03:00:00	5094.828	5102.494	5081.648	5091.172	12318	0	360
2026.03.09	04:00:00	5091.067	5097.163	5085.164	5089.925	7358	0	360
2026.03.09	05:00:00	5090.127	5140.529	5080.782	5124.423	18375	0	360
2026.03.09	06:00:00	5124.348	5133.743	5096.981	5097.790	16688	0	360
2026.03.09	07:00:00	5097.879	5107.486	5088.387	5098.826	12913	0	360
2026.03.09	08:00:00	5098.745	5110.742	5086.917	5096.663	14168	0	360
2026.03.09	09:00:00	5096.642	5132.560	5094.798	5104.974	14256	0	360
2026.03.09	10:00:00	5105.049	5111.131	5083.643	5087.320	11982	0	360
2026.03.09	11:00:00	5087.418	5097.181	5079.249	5088.106	11140	0	360
2026.03.09	12:00:00	5088.189	5111.905	5087.976	5095.031	9876	0	240
2026.03.09	13:00:00	5095.115	5111.331	5067.199	5074.180	26587	0	360
2026.03.09	14:00:00	5074.098	5116.250	5060.369	5094.015	30596	0	240
2026.03.09	15:00:00	5093.939	5103.371	5079.533	5099.361	16314	0	360
2026.03.09	16:00:00	5099.605	5110.528	5094.453	5104.567	10335	0	240
2026.03.09	17:00:00	5104.659	5106.857	5088.903	5096.126	9815	0	240
2026.03.09	18:00:00	5096.199	5126.504	5092.410	5122.975	8253	0	240
2026.03.09	19:00:00	5123.124	5144.016	5118.629	5141.092	16962	0	360
2026.03.09	20:00:00	5141.169	5148.061	5134.014	5137.505	6897	0	360
2026.03.09	22:00:00	5148.175	5152.947	5117.614	5152.806	8316	0	360
2026.03.09	23:00:00	5152.853	5156.005	5135.813	5139.380	7013	0	360
2026.03.10	00:00:00	5139.670	5141.459	5124.528	5130.745	10092	0	360
2026.03.10	01:00:00	5130.778	5186.116	5124.662	5183.994	18870	0	360
2026.03.10	02:00:00	5184.072	5187.169	5163.938	5166.073	10696	0	360
2026.03.10	03:00:00	5166.150	5173.198	5155.477	5157.744	7970	0	360
2026.03.10	04:00:00	5157.462	5166.252	5154.385	5163.713	5433	0	360
2026.03.10	05:00:00	5163.514	5178.962	5163.514	5177.710	6428	0	360
2026.03.10	06:00:00	5178.163	5181.088	5172.023	5174.920	6761	0	360
2026.03.10	07:00:00	5175.009	5181.359	5158.449	5180.697	8528	0	360
2026.03.10	08:00:00	5180.781	5195.183	5174.734	5183.522	9554	0	360
2026.03.10	09:00:00	5183.602	5189.264	5180.324	5182.294	6565	0	360
2026.03.10	10:00:00	5182.596	5184.113	5156.568	5176.981	9583	0	360
2026.03.10	11:00:00	5177.056	5191.855	5171.628	5174.886	10203	0	360
2026.03.10	12:00:00	5175.115	5189.377	5162.559	5186.713	10319	0	360
2026.03.10	13:00:00	5186.673	5228.778	5185.918	5205.651	21874	0	360
2026.03.10	14:00:00	5205.735	5214.227	5185.031	5206.633	16331	0	360
2026.03.10	15:00:00	5206.772	5238.489	5203.029	5228.735	11657	0	360
2026.03.10	16:00:00	5228.820	5235.633	5222.735	5227.469	8119	0	360
2026.03.10	17:00:00	5227.391	5235.223	5223.541	5227.812	10043	0	360
2026.03.10	18:00:00	5227.895	5228.220	5160.051	5191.840	27508	0	360
2026.03.10	19:00:00	5191.918	5207.717	5179.476	5198.931	15189	0	360
2026.03.10	20:00:00	5198.634	5199.219	5191.637	5192.777	4804	0	360
2026.03.10	22:00:00	5191.583	5198.073	5182.745	5189.344	7620	0	360
2026.03.10	23:00:00	5189.243	5197.342	5187.522	5196.830	4405	0	360
2026.03.11	00:00:00	5196.904	5219.383	5186.588	5215.215	8302	0	360
2026.03.11	01:00:00	5215.516	5223.158	5208.307	5208.662	10337	0	360
2026.03.11	02:00:00	5208.747	5220.610	5193.927	5217.091	8943	0	360
2026.03.11	03:00:00	5217.007	5220.399	5199.187	5203.406	5914	0	360
2026.03.11	04:00:00	5203.033	5208.700	5199.313	5204.579	4397	0	360
2026.03.11	05:00:00	5204.436	5208.076	5190.205	5199.813	7162	0	360
2026.03.11	06:00:00	5199.324	5210.822	5191.469	5197.850	7178	0	360
2026.03.11	07:00:00	5197.685	5202.084	5184.344	5195.486	8568	0	360
2026.03.11	08:00:00	5195.382	5198.462	5175.061	5187.729	8946	0	360
2026.03.11	09:00:00	5187.652	5197.046	5179.554	5187.788	7513	0	360
2026.03.11	10:00:00	5187.865	5195.314	5177.179	5185.802	7333	0	360
2026.03.11	11:00:00	5185.881	5193.523	5175.047	5180.962	8642	0	360
2026.03.11	12:00:00	5181.253	5196.641	5166.559	5167.649	14853	0	360
2026.03.11	13:00:00	5167.194	5182.910	5148.884	5176.631	19807	0	360
2026.03.11	14:00:00	5176.554	5196.529	5174.185	5183.306	18284	0	360
2026.03.11	15:00:00	5183.388	5185.652	5163.684	5166.002	13952	0	360
2026.03.11	16:00:00	5166.304	5178.075	5163.316	5175.780	9526	0	360
2026.03.11	17:00:00	5175.341	5180.905	5154.005	5169.575	9703	0	360
2026.03.11	18:00:00	5169.500	5178.307	5169.005	5172.557	7815	0	360
2026.03.11	19:00:00	5172.541	5183.167	5168.809	5182.949	5332	0	360
2026.03.11	20:00:00	5182.864	5183.507	5174.949	5177.193	3165	0	360
2026.03.11	22:00:00	5181.010	5182.421	5129.683	5139.087	6616	0	360
2026.03.11	23:00:00	5139.094	5157.824	5132.868	5134.279	7360	0	360
2026.03.12	00:00:00	5134.137	5161.563	5125.354	5152.957	10255	0	360
2026.03.12	01:00:00	5152.900	5172.996	5151.481	5168.361	12016	0	360
2026.03.12	02:00:00	5168.702	5175.209	5145.819	5150.690	9533	0	360
2026.03.12	03:00:00	5150.763	5155.304	5147.372	5152.906	6646	0	360
2026.03.12	04:00:00	5152.988	5153.878	5140.387	5142.383	4801	0	360
2026.03.12	05:00:00	5142.727	5157.478	5137.003	5154.604	6941	0	360
2026.03.12	06:00:00	5154.607	5170.223	5147.329	5165.924	6753	0	360
2026.03.12	07:00:00	5166.378	5185.430	5164.515	5181.772	6291	0	360
2026.03.12	08:00:00	5181.880	5189.733	5175.622	5177.812	6935	0	360
2026.03.12	09:00:00	5178.046	5190.252	5174.374	5187.970	6633	0	360
2026.03.12	10:00:00	5188.270	5191.747	5175.988	5182.099	6427	0	360
2026.03.12	11:00:00	5182.012	5183.879	5172.526	5178.754	5928	0	360
2026.03.12	12:00:00	5178.843	5185.787	5163.331	5181.544	9951	0	360
2026.03.12	13:00:00	5181.162	5186.094	5145.856	5151.327	21614	0	360
2026.03.12	14:00:00	5151.250	5163.330	5138.224	5143.034	17674	0	360
2026.03.12	15:00:00	5142.937	5144.974	5109.488	5132.488	20129	0	360
2026.03.12	16:00:00	5132.037	5137.909	5121.067	5123.342	12447	0	360
2026.03.12	17:00:00	5123.191	5129.403	5102.399	5105.439	12320	0	360
2026.03.12	18:00:00	5105.361	5112.549	5090.720	5094.465	10523	0	240
2026.03.12	19:00:00	5094.382	5096.852	5079.027	5084.853	11228	0	240
2026.03.12	20:00:00	5084.777	5090.587	5054.730	5079.926	10633	0	240
2026.03.12	22:00:00	5077.985	5096.221	5072.866	5096.072	5795	0	360
2026.03.12	23:00:00	5095.716	5101.248	5089.167	5098.220	5632	0	240
2026.03.13	00:00:00	5098.146	5115.104	5097.158	5113.403	5746	0	360
2026.03.13	01:00:00	5113.627	5124.261	5108.859	5124.173	9339	0	240
2026.03.13	02:00:00	5124.247	5128.349	5110.446	5111.721	7008	0	360
2026.03.13	03:00:00	5112.062	5116.660	5105.996	5115.283	5620	0	240
2026.03.13	04:00:00	5115.656	5117.927	5102.592	5104.296	4632	0	240
2026.03.13	05:00:00	5104.155	5110.919	5098.177	5103.091	7061	0	240
2026.03.13	06:00:00	5103.002	5107.896	5085.656	5088.149	10134	0	240
2026.03.13	07:00:00	5088.031	5093.877	5071.708	5084.869	9273	0	240
2026.03.13	08:00:00	5085.174	5088.036	5061.230	5087.096	10731	0	240
2026.03.13	09:00:00	5087.180	5096.977	5083.242	5089.706	7671	0	240
2026.03.13	10:00:00	5089.404	5098.249	5079.746	5094.610	7606	0	240
2026.03.13	11:00:00	5095.088	5107.786	5086.048	5107.345	7845	0	240
2026.03.13	12:00:00	5107.254	5121.939	5104.195	5118.409	11934	0	360
2026.03.13	13:00:00	5118.110	5121.304	5096.248	5101.479	15066	0	360
2026.03.13	14:00:00	5101.697	5107.918	5035.216	5041.787	23672	0	240
2026.03.13	15:00:00	5041.498	5071.367	5031.552	5034.871	26114	0	240
2026.03.13	16:00:00	5034.775	5053.132	5018.769	5046.097	21012	0	240
2026.03.13	17:00:00	5046.023	5063.983	5043.305	5046.508	12495	0	240
2026.03.13	18:00:00	5046.489	5051.509	5036.273	5046.329	9954	0	240
2026.03.13	19:00:00	5046.623	5050.000	5009.504	5016.515	12771	0	240
2026.03.13	20:00:00	5016.598	5025.470	5012.084	5021.082	8090	0	240
2026.03.15	22:00:00	5016.992	5030.545	5000.684	5024.765	8985	0	240
2026.03.15	23:00:00	5024.689	5026.211	4966.709	4997.513	15365	0	160
2026.03.16	00:00:00	4997.440	5031.161	4996.500	5025.849	14147	0	240
2026.03.16	01:00:00	5025.932	5026.699	4982.495	5015.887	24395	0	240
2026.03.16	02:00:00	5015.755	5018.860	4997.789	5003.714	11343	0	160
2026.03.16	03:00:00	5003.714	5020.859	4998.274	5019.076	7648	0	240
2026.03.16	04:00:00	5019.148	5026.052	5012.215	5012.926	5286	0	240
2026.03.16	05:00:00	5012.829	5020.050	5003.253	5017.425	7119	0	240
2026.03.16	06:00:00	5017.508	5036.070	5005.500	5011.891	10529	0	240
2026.03.16	07:00:00	5012.351	5016.298	4991.653	4995.203	10956	0	240
2026.03.16	08:00:00	4995.292	5003.256	4984.742	4991.227	12530	0	160
2026.03.16	09:00:00	4990.887	4991.441	4972.193	4975.405	11207	0	160
2026.03.16	10:00:00	4975.482	4999.620	4969.990	4998.610	10034	0	160
2026.03.16	11:00:00	4998.686	5022.751	4992.081	4997.086	9179	0	160
2026.03.16	12:00:00	4997.162	5025.697	4994.221	5019.971	10788	0	160
2026.03.16	13:00:00	5019.933	5034.784	5013.675	5029.757	16234	0	240
2026.03.16	14:00:00	5029.473	5038.124	4987.969	4995.684	18193	0	240
2026.03.16	15:00:00	4995.578	5005.655	4983.913	4986.892	13218	0	160
2026.03.16	16:00:00	4986.942	4998.498	4973.891	4990.599	11779	0	160
2026.03.16	17:00:00	4990.679	5003.681	4983.791	4991.231	9885	0	160
2026.03.16	18:00:00	4991.301	5017.792	4989.883	5012.787	7928	0	160
2026.03.16	19:00:00	5012.553	5020.178	5008.166	5012.697	8008	0	200
2026.03.16	20:00:00	5012.625	5021.669	5004.620	5006.368	4776	0	280
2026.03.16	22:00:00	5007.590	5015.878	4998.620	5002.443	5113	0	200
2026.03.16	23:00:00	5002.072	5015.541	5002.072	5012.755	3881	0	200
2026.03.17	00:00:00	5012.920	5014.109	4998.009	5003.187	7787	0	280
2026.03.17	01:00:00	5002.982	5027.925	4994.421	5027.569	10474	0	280
2026.03.17	02:00:00	5027.589	5029.756	5019.741	5022.884	6219	0	200
2026.03.17	03:00:00	5022.812	5033.554	5020.762	5027.671	5291	0	280
2026.03.17	04:00:00	5027.372	5041.996	5026.236	5037.965	5293	0	280
2026.03.17	05:00:00	5038.025	5044.531	5020.229	5020.852	8093	0	280
2026.03.17	06:00:00	5020.924	5022.797	5005.089	5010.190	10860	0	280
2026.03.17	07:00:00	5010.114	5027.992	5008.812	5021.088	6881	0	280
2026.03.17	08:00:00	5021.046	5029.557	5018.230	5024.555	7578	0	280
2026.03.17	09:00:00	5024.384	5025.671	5009.851	5010.634	7278	0	280
2026.03.17	10:00:00	5010.554	5016.412	4991.577	5000.379	9303	0	280
2026.03.17	11:00:00	5000.300	5011.552	4996.572	5003.122	6111	0	200
2026.03.17	12:00:00	5003.134	5023.710	4999.294	5011.512	7921	0	200
2026.03.17	13:00:00	5011.877	5031.549	5005.134	5016.379	14805	0	280
2026.03.17	14:00:00	5016.400	5020.511	5002.717	5007.756	13286	0	280
2026.03.17	15:00:00	5007.682	5017.452	4973.324	4997.795	16595	0	200
2026.03.17	16:00:00	4998.066	5005.784	4991.503	5001.791	9765	0	200
2026.03.17	17:00:00	5001.706	5008.563	4996.408	5002.358	7136	0	200
2026.03.17	18:00:00	5002.430	5009.125	4999.825	5003.904	6029	0	200
2026.03.17	19:00:00	5003.831	5005.579	4996.246	5000.185	6129	0	200
2026.03.17	20:00:00	5000.402	5006.507	4999.731	5003.071	14020	0	200
2026.03.17	22:00:00	5004.017	5005.004	4993.182	4999.951	3177	0	280
2026.03.17	23:00:00	4999.715	5003.508	4998.688	5002.757	2697	0	280
2026.03.18	00:00:00	5002.810	5012.415	5000.149	5004.366	6140	0	280
2026.03.18	01:00:00	5004.439	5016.069	4991.048	4998.662	9358	0	200
2026.03.18	02:00:00	4998.741	5006.927	4990.459	4991.697	6812	0	280
2026.03.18	03:00:00	4991.920	4997.500	4986.261	4991.405	5784	0	200
2026.03.18	04:00:00	4991.387	4993.480	4981.601	4986.891	4937	0	200
2026.03.18	05:00:00	4987.097	5002.422	4984.546	4997.472	6855	0	280
2026.03.18	06:00:00	4997.362	5016.368	4996.332	5009.490	6648	0	280
2026.03.18	07:00:00	5009.572	5015.062	4990.223	4995.066	6223	0	200
2026.03.18	08:00:00	4994.692	4996.690	4977.068	4987.713	7816	0	200
2026.03.18	09:00:00	4987.337	4995.348	4984.692	4991.958	5406	0	200
2026.03.18	10:00:00	4991.927	4991.927	4958.761	4967.927	9626	0	280
2026.03.18	11:00:00	4967.890	4973.765	4924.833	4930.048	19373	0	200
2026.03.18	12:00:00	4930.424	4932.416	4870.625	4881.414	31787	0	200
2026.03.18	13:00:00	4881.553	4885.497	4833.982	4877.831	41033	0	200
2026.03.18	14:00:00	4877.966	4894.592	4856.524	4869.665	23389	0	200
2026.03.18	15:00:00	4869.589	4880.062	4861.224	4862.550	14330	0	200
2026.03.18	16:00:00	4862.624	4890.318	4860.792	4886.782	11874	0	200
2026.03.18	17:00:00	4886.695	4899.016	4883.907	4890.685	10734	0	200
2026.03.18	18:00:00	4890.774	4899.339	4852.195	4853.092	22167	0	200
2026.03.18	19:00:00	4852.797	4865.125	4837.979	4843.003	20059	0	200
2026.03.18	20:00:00	4842.930	4848.334	4806.684	4818.484	13159	0	200
2026.03.18	22:00:00	4828.122	4838.822	4804.143	4834.270	10842	0	200
2026.03.18	23:00:00	4834.300	4842.531	4828.082	4836.818	6840	0	200
2026.03.19	00:00:00	4836.662	4848.898	4835.387	4841.059	9832	0	200
2026.03.19	01:00:00	4841.212	4866.913	4832.663	4850.032	15664	0	200
2026.03.19	02:00:00	4850.103	4862.230	4841.783	4858.558	9786	0	200
2026.03.19	03:00:00	4858.558	4865.819	4850.739	4850.971	6757	0	200
2026.03.19	04:00:00	4850.946	4853.779	4845.702	4849.796	4982	0	200
2026.03.19	05:00:00	4849.930	4853.729	4826.994	4827.624	9532	0	200
2026.03.19	06:00:00	4827.553	4842.049	4747.279	4763.934	26909	0	200
2026.03.19	07:00:00	4763.855	4784.207	4727.011	4727.770	20539	0	200
2026.03.19	08:00:00	4728.053	4740.330	4686.753	4709.164	34834	0	200
2026.03.19	09:00:00	4709.091	4725.979	4687.830	4698.932	33293	0	200
2026.03.19	10:00:00	4698.747	4719.896	4666.379	4678.886	26726	0	200
2026.03.19	11:00:00	4678.863	4699.637	4650.592	4652.246	23889	0	280
2026.03.19	12:00:00	4651.888	4653.957	4531.080	4574.624	52625	0	280
2026.03.19	13:00:00	4574.550	4621.160	4502.516	4621.160	89769	0	280
2026.03.19	14:00:00	4620.558	4649.185	4580.884	4601.793	60636	0	280
2026.03.19	15:00:00	4601.872	4638.779	4566.098	4596.542	48831	0	280
2026.03.19	16:00:00	4596.617	4626.770	4576.659	4584.686	39396	0	280
2026.03.19	17:00:00	4584.757	4629.884	4573.690	4616.209	29649	0	280
2026.03.19	18:00:00	4616.124	4623.141	4595.964	4622.854	19140	0	280
2026.03.19	19:00:00	4622.752	4663.410	4622.752	4644.043	41200	0	280
2026.03.19	20:00:00	4643.671	4662.043	4642.593	4657.545	10049	0	280
2026.03.19	22:00:00	4657.690	4677.039	4636.176	4636.176	7464	0	280
2026.03.19	23:00:00	4636.540	4647.949	4634.238	4643.724	6188	0	280
2026.03.20	00:00:00	4643.652	4665.035	4642.060	4648.787	11227	0	280
2026.03.20	01:00:00	4648.415	4699.436	4639.272	4677.266	25489	0	280
2026.03.20	02:00:00	4677.194	4703.714	4670.209	4698.073	14518	0	280
2026.03.20	03:00:00	4698.035	4735.823	4693.067	4725.577	13953	0	280
2026.03.20	04:00:00	4725.676	4727.626	4715.519	4721.424	7280	0	280
2026.03.20	05:00:00	4721.514	4723.722	4685.682	4688.618	14366	0	280
2026.03.20	06:00:00	4688.536	4700.917	4661.238	4669.072	19013	0	280
2026.03.20	07:00:00	4668.991	4707.988	4668.065	4706.154	11028	0	280
2026.03.20	08:00:00	4706.235	4734.767	4684.762	4693.748	15430	0	280
2026.03.20	09:00:00	4693.825	4700.483	4659.809	4667.517	14079	0	280
2026.03.20	10:00:00	4667.401	4670.216	4638.140	4645.208	19385	0	280
2026.03.20	11:00:00	4645.409	4674.308	4636.897	4671.654	15420	0	280
2026.03.20	12:00:00	4671.837	4695.641	4661.933	4678.339	20306	0	280
2026.03.20	13:00:00	4678.124	4679.675	4612.680	4616.298	79857	0	280
2026.03.20	14:00:00	4616.242	4622.528	4547.742	4564.263	111500	0	280
2026.03.20	15:00:00	4564.213	4580.165	4540.423	4553.146	80383	0	260
2026.03.20	16:00:00	4553.331	4613.743	4551.626	4583.445	59083	0	280
2026.03.20	17:00:00	4583.389	4600.885	4554.008	4573.547	61114	0	280
2026.03.20	18:00:00	4573.596	4578.518	4477.064	4499.581	63067	0	260
2026.03.20	19:00:00	4499.637	4516.761	4485.187	4501.446	78214	0	260
2026.03.20	20:00:00	4501.674	4514.590	4493.380	4497.486	25599	0	260
2026.03.22	22:00:00	4477.889	4536.177	4449.391	4497.949	23927	0	280
2026.03.22	23:00:00	4497.979	4510.844	4452.446	4464.714	27038	0	280
2026.03.23	00:00:00	4464.544	4473.236	4319.458	4354.380	110050	0	260
2026.03.23	01:00:00	4354.307	4454.223	4329.704	4387.669	128067	0	260
2026.03.23	02:00:00	4387.408	4422.089	4354.742	4360.431	81571	0	260
2026.03.23	03:00:00	4360.483	4378.057	4334.813	4353.009	52065	0	260
2026.03.23	04:00:00	4352.965	4381.611	4349.944	4367.242	32100	0	260
2026.03.23	05:00:00	4367.216	4379.970	4302.201	4310.127	58346	0	260
2026.03.23	06:00:00	4310.314	4310.500	4162.913	4220.114	134267	0	260
2026.03.23	07:00:00	4220.182	4232.875	4098.363	4204.160	174690	0	260
2026.03.23	08:00:00	4204.208	4270.644	4202.896	4250.903	118171	0	260
2026.03.23	09:00:00	4250.952	4308.365	4223.397	4253.229	83518	0	260
2026.03.23	10:00:00	4253.292	4281.951	4240.837	4269.105	65194	0	260
2026.03.23	11:00:00	4269.149	4463.475	4269.001	4379.171	190912	0	280
2026.03.23	12:00:00	4378.796	4492.771	4336.634	4478.260	154082	0	350
2026.03.23	13:00:00	4478.313	4485.594	4401.331	4454.246	177365	0	372
2026.03.23	14:00:00	4454.171	4512.901	4453.245	4461.954	130725	0	364
2026.03.23	15:00:00	4461.601	4486.934	4350.894	4363.507	124980	0	364
2026.03.23	16:00:00	4363.454	4391.743	4352.384	4375.198	124315	0	364
2026.03.23	17:00:00	4375.270	4439.033	4370.673	4426.157	70706	0	364
2026.03.23	18:00:00	4425.981	4467.134	4402.073	4449.117	61938	0	364
2026.03.23	19:00:00	4449.057	4450.703	4392.691	4397.713	57181	0	364
2026.03.23	20:00:00	4397.652	4413.228	4382.734	4406.572	16400	0	364
2026.03.23	22:00:00	4419.637	4431.432	4361.223	4426.584	20757	0	364
2026.03.23	23:00:00	4426.516	4447.959	4421.779	4441.255	15911	0	364
2026.03.24	00:00:00	4441.187	4446.647	4330.916	4364.487	61530	0	364
2026.03.24	01:00:00	4364.430	4374.097	4307.736	4322.166	93408	0	364
2026.03.24	02:00:00	4322.373	4379.386	4305.545	4366.221	67516	0	364
2026.03.24	03:00:00	4366.313	4368.438	4334.859	4347.283	40025	0	364
2026.03.24	04:00:00	4346.874	4357.288	4326.531	4333.393	25405	0	364
2026.03.24	05:00:00	4333.150	4374.117	4319.415	4346.990	56666	0	336
2026.03.24	06:00:00	4347.050	4405.153	4342.611	4401.909	62954	0	336
2026.03.24	07:00:00	4402.262	4432.507	4399.362	4416.973	48590	0	364
2026.03.24	08:00:00	4416.926	4420.991	4391.231	4411.720	45307	0	364
2026.03.24	09:00:00	4411.738	4430.924	4395.694	4426.555	29327	0	364
2026.03.24	10:00:00	4426.605	4441.814	4414.442	4438.408	26974	0	364
2026.03.24	11:00:00	4438.472	4442.191	4375.307	4407.594	59662	0	364
2026.03.24	12:00:00	4407.691	4427.561	4361.994	4378.791	61066	0	364
2026.03.24	13:00:00	4378.723	4390.035	4351.305	4381.611	101340	0	364
2026.03.24	14:00:00	4381.681	4433.981	4380.493	4415.703	91514	0	364
2026.03.24	15:00:00	4415.758	4430.950	4396.082	4411.674	68107	0	364
2026.03.24	16:00:00	4411.755	4427.681	4402.307	4421.370	40219	0	364
2026.03.24	17:00:00	4421.417	4426.349	4372.123	4388.670	69533	0	364
2026.03.24	18:00:00	4388.328	4423.669	4383.650	4389.651	46375	0	364
2026.03.24	19:00:00	4389.299	4411.367	4388.396	4400.072	25432	0	364
2026.03.24	20:00:00	4400.500	4484.124	4397.173	4476.783	48126	0	364
2026.03.24	22:00:00	4479.705	4485.623	4455.850	4484.289	16300	0	364
2026.03.24	23:00:00	4484.719	4551.475	4472.661	4546.816	22488	0	364
2026.03.25	00:00:00	4546.886	4572.008	4537.293	4563.318	34408	0	364
2026.03.25	01:00:00	4563.258	4601.185	4552.086	4595.033	40373	0	364
2026.03.25	02:00:00	4594.969	4602.565	4579.619	4583.615	26617	0	364
2026.03.25	03:00:00	4583.459	4586.320	4567.480	4570.211	17906	0	364
2026.03.25	04:00:00	4570.216	4574.746	4565.518	4572.276	10030	0	364
2026.03.25	05:00:00	4572.703	4573.507	4549.163	4555.402	20486	0	364
2026.03.25	06:00:00	4555.762	4557.020	4533.134	4545.459	22461	0	364
2026.03.25	07:00:00	4545.171	4563.329	4536.868	4539.387	21361	0	280
2026.03.25	08:00:00	4539.497	4567.802	4535.631	4556.255	33635	0	280
2026.03.25	09:00:00	4556.202	4567.618	4527.478	4552.048	27624	0	280
2026.03.25	10:00:00	4551.780	4562.543	4550.940	4558.950	20991	0	280
2026.03.25	11:00:00	4558.893	4585.722	4555.994	4578.730	23112	0	280
2026.03.25	12:00:00	4578.648	4583.829	4522.074	4544.144	51072	0	280
2026.03.25	13:00:00	4543.884	4576.542	4540.716	4544.810	70970	0	280
2026.03.25	14:00:00	4544.734	4579.431	4532.887	4567.270	57660	0	280
2026.03.25	15:00:00	4567.232	4569.162	4524.942	4559.134	50687	0	280
2026.03.25	16:00:00	4559.077	4565.043	4545.145	4555.455	38556	0	280
2026.03.25	17:00:00	4555.408	4564.042	4542.588	4550.666	30502	0	280
2026.03.25	18:00:00	4550.595	4569.052	4530.605	4538.338	34653	0	280
2026.03.25	19:00:00	4538.375	4539.655	4486.800	4530.665	46182	0	280
2026.03.25	20:00:00	4530.598	4542.126	4494.533	4505.842	20179	0	280
2026.03.25	22:00:00	4517.896	4534.736	4505.503	4517.642	16259	0	280
2026.03.25	23:00:00	4517.719	4518.199	4488.835	4498.110	15796	0	280
2026.03.26	00:00:00	4498.428	4539.358	4498.072	4535.810	28731	0	280
2026.03.26	01:00:00	4535.763	4544.588	4522.314	4535.449	35130	0	280
2026.03.26	02:00:00	4535.656	4535.938	4505.631	4508.952	23786	0	280
2026.03.26	03:00:00	4508.737	4518.919	4499.988	4516.453	18469	0	280
2026.03.26	04:00:00	4516.507	4524.126	4511.523	4520.435	10459	0	280
2026.03.26	05:00:00	4520.593	4522.414	4438.829	4438.930	38291	0	280
2026.03.26	06:00:00	4439.136	4459.415	4415.737	4456.231	54655	0	280
2026.03.26	07:00:00	4456.322	4463.915	4438.803	4452.774	36404	0	280
2026.03.26	08:00:00	4452.451	4459.270	4412.306	4427.837	52094	0	280
2026.03.26	09:00:00	4427.787	4437.149	4414.356	4423.552	39414	0	280
2026.03.26	10:00:00	4423.524	4448.115	4416.982	4443.262	33591	0	280
2026.03.26	11:00:00	4443.333	4456.844	4418.892	4423.196	32217	0	280
2026.03.26	12:00:00	4423.241	4445.855	4416.203	4429.226	39346	0	280
2026.03.26	13:00:00	4429.190	4460.407	4420.169	4452.588	75161	0	280
2026.03.26	14:00:00	4452.640	4479.559	4437.220	4464.976	83862	0	280
2026.03.26	15:00:00	4464.866	4469.211	4433.742	4438.125	57570	0	280
2026.03.26	16:00:00	4438.078	4442.871	4366.720	4389.396	72820	0	280
2026.03.26	17:00:00	4389.370	4402.666	4377.379	4381.280	49774	0	280
2026.03.26	18:00:00	4381.230	4397.912	4367.606	4394.372	35737	0	280
2026.03.26	19:00:00	4394.329	4399.294	4359.015	4364.060	41598	0	280
2026.03.26	20:00:00	4363.994	4420.758	4350.951	4380.965	73395	0	280
2026.03.26	22:00:00	4382.101	4415.223	4380.835	4411.341	12880	0	280
2026.03.26	23:00:00	4411.215	4414.342	4389.975	4404.918	11126	0	280
2026.03.27	00:00:00	4404.965	4411.168	4375.194	4378.352	24211	0	280
2026.03.27	01:00:00	4378.382	4420.829	4377.059	4417.207	29727	0	280
2026.03.27	02:00:00	4417.253	4440.687	4416.934	4431.974	24497	0	280
2026.03.27	03:00:00	4431.950	4446.189	4421.095	4437.399	19131	0	280
2026.03.27	04:00:00	4437.486	4449.501	4431.385	4446.172	10543	0	280
2026.03.27	05:00:00	4446.141	4475.345	4440.323	4454.632	25363	0	280
2026.03.27	06:00:00	4454.581	4473.061	4451.653	4459.575	25336	0	280
2026.03.27	07:00:00	4459.753	4463.006	4442.654	4447.606	18963	0	280
2026.03.27	08:00:00	4447.536	4450.895	4423.701	4424.278	23416	0	280
2026.03.27	09:00:00	4424.232	4438.381	4420.699	4428.924	19972	0	280
2026.03.27	10:00:00	4428.946	4433.009	4410.485	4414.966	19027	0	280
2026.03.27	11:00:00	4414.724	4426.413	4404.216	4419.825	21091	0	280
2026.03.27	12:00:00	4419.878	4445.377	4412.631	4437.751	24780	0	280
2026.03.27	13:00:00	4437.808	4443.817	4413.383	4431.567	33469	0	280
2026.03.27	14:00:00	4431.621	4514.917	4430.656	4509.624	43899	0	280
2026.03.27	15:00:00	4509.858	4555.484	4501.673	4524.016	52025	0	280
2026.03.27	16:00:00	4524.079	4533.870	4505.597	4515.938	26461	0	280
2026.03.27	17:00:00	4516.003	4522.031	4486.229	4486.626	24745	0	280
2026.03.27	18:00:00	4486.683	4528.691	4486.683	4516.928	23023	0	280
2026.03.27	19:00:00	4516.868	4526.153	4500.604	4514.506	20867	0	280
2026.03.27	20:00:00	4514.564	4520.327	4490.756	4495.434	11821	0	280
2026.03.29	22:00:00	4511.584	4513.780	4480.348	4484.703	17952	0	280
2026.03.29	23:00:00	4484.646	4492.706	4443.756	4448.587	16838	0	280
2026.03.30	00:00:00	4448.673	4466.907	4418.380	4432.308	37843	0	280
2026.03.30	01:00:00	4432.072	4475.640	4431.577	4469.465	37280	0	280
2026.03.30	02:00:00	4469.402	4499.289	4458.736	4480.992	21650	0	280
2026.03.30	03:00:00	4481.227	4517.647	4478.687	4496.170	17781	0	280
2026.03.30	04:00:00	4495.893	4498.819	4486.128	4496.908	10248	0	280
2026.03.30	05:00:00	4496.965	4528.384	4496.667	4522.268	16199	0	280
2026.03.30	06:00:00	4522.432	4550.609	4516.857	4532.582	21046	0	280
2026.03.30	07:00:00	4532.521	4534.966	4515.680	4527.145	17385	0	280
2026.03.30	08:00:00	4527.091	4540.602	4525.037	4537.998	12774	0	280
2026.03.30	09:00:00	4538.356	4540.667	4523.734	4532.430	13684	0	280
2026.03.30	10:00:00	4532.202	4540.063	4527.517	4532.469	10633	0	280
2026.03.30	11:00:00	4532.525	4580.742	4525.415	4559.390	26766	0	280
2026.03.30	12:00:00	4559.451	4578.085	4545.262	4569.399	19013	0	280
2026.03.30	13:00:00	4569.512	4578.572	4516.489	4523.371	40696	0	280
2026.03.30	14:00:00	4523.311	4541.267	4512.126	4538.688	40778	0	280
2026.03.30	15:00:00	4538.902	4556.729	4524.684	4548.422	25119	0	280
2026.03.30	16:00:00	4548.366	4549.720	4531.451	4539.732	17043	0	280
2026.03.30	17:00:00	4539.967	4542.211	4511.163	4514.888	21054	0	280
2026.03.30	18:00:00	4514.824	4523.161	4498.277	4498.770	15662	0	280
2026.03.30	19:00:00	4499.003	4518.400	4492.927	4513.642	23645	0	280
2026.03.30	20:00:00	4513.569	4516.539	4500.727	4511.261	7380	0	280
2026.03.30	22:00:00	4513.942	4523.813	4502.120	4510.978	6592	0	280
2026.03.30	23:00:00	4510.912	4521.368	4492.365	4513.578	9902	0	280
2026.03.31	00:00:00	4513.509	4548.298	4482.569	4547.633	32666	0	280
2026.03.31	01:00:00	4547.903	4619.543	4531.967	4604.781	41488	0	280
2026.03.31	02:00:00	4604.844	4607.109	4565.413	4568.332	24464	0	280
2026.03.31	03:00:00	4568.263	4577.007	4550.311	4556.948	16248	0	280
2026.03.31	04:00:00	4556.953	4569.622	4556.953	4564.930	10446	0	280
2026.03.31	05:00:00	4564.633	4581.834	4547.711	4568.684	16495	0	280
2026.03.31	06:00:00	4568.942	4569.126	4553.243	4557.340	15775	0	280
2026.03.31	07:00:00	4557.402	4565.861	4543.183	4564.328	14210	0	280
2026.03.31	08:00:00	4564.564	4575.052	4560.623	4568.658	13601	0	280
2026.03.31	09:00:00	4568.714	4572.278	4550.108	4555.420	12957	0	280
2026.03.31	10:00:00	4555.359	4561.793	4529.242	4547.035	13728	0	280
2026.03.31	11:00:00	4546.897	4593.103	4540.916	4582.123	28903	0	280
2026.03.31	12:00:00	4582.304	4597.676	4569.076	4574.907	23541	0	280
2026.03.31	13:00:00	4574.962	4609.579	4567.825	4607.489	25543	0	280
2026.03.31	14:00:00	4607.362	4630.245	4594.745	4598.906	39720	0	280
2026.03.31	15:00:00	4598.986	4625.348	4598.986	4609.607	23360	0	280
2026.03.31	16:00:00	4609.549	4651.673	4606.857	4638.271	42983	0	280
2026.03.31	17:00:00	4638.335	4667.388	4636.401	4654.749	36669	0	280
2026.03.31	18:00:00	4654.684	4671.125	4653.537	4667.482	18638	0	280
2026.03.31	19:00:00	4667.608	4685.691	4661.563	4682.797	20104	0	280
2026.03.31	20:00:00	4682.735	4687.353	4664.644	4668.238	9656	0	280
2026.03.31	22:00:00	4681.631	4696.364	4661.759	4680.953	13509	0	280
2026.03.31	23:00:00	4681.045	4700.082	4671.742	4696.441	8455	0	280
2026.04.01	00:00:00	4696.383	4722.519	4693.382	4711.008	18550	0	280
2026.04.01	01:00:00	4711.065	4724.264	4681.237	4692.565	26332	0	280
2026.04.01	02:00:00	4692.634	4700.592	4678.199	4684.705	14805	0	280
2026.04.01	03:00:00	4684.639	4694.312	4679.731	4681.929	9827	0	280
2026.04.01	04:00:00	4682.136	4682.166	4667.179	4676.506	7848	0	280
2026.04.01	05:00:00	4676.269	4703.481	4674.728	4684.366	11852	0	280
2026.04.01	06:00:00	4684.431	4733.102	4682.342	4730.483	17610	0	280
2026.04.01	07:00:00	4730.540	4747.592	4709.634	4712.845	19377	0	280
2026.04.01	08:00:00	4713.071	4740.440	4710.422	4728.640	16745	0	280
2026.04.01	09:00:00	4728.698	4730.143	4712.999	4723.222	12696	0	280
2026.04.01	10:00:00	4723.015	4738.795	4715.274	4731.178	10909	0	280
2026.04.01	11:00:00	4731.260	4762.958	4728.145	4752.138	13771	0	280
2026.04.01	12:00:00	4752.071	4753.745	4724.100	4724.530	30335	0	280
2026.04.01	13:00:00	4724.844	4749.397	4715.902	4738.131	35287	0	280
2026.04.01	14:00:00	4738.340	4768.964	4724.040	4760.873	35491	0	280
2026.04.01	15:00:00	4760.930	4788.354	4758.140	4786.609	21197	0	280
2026.04.01	16:00:00	4786.772	4790.813	4774.090	4787.111	13514	0	280
2026.04.01	17:00:00	4787.347	4792.942	4773.480	4774.473	12346	0	280
2026.04.01	18:00:00	4774.496	4775.260	4741.916	4753.262	24525	0	280
2026.04.01	19:00:00	4753.321	4778.141	4750.926	4766.200	18706	0	280
2026.04.01	20:00:00	4765.770	4771.287	4753.935	4756.874	7273	0	280
2026.04.01	22:00:00	4758.737	4782.836	4756.310	4776.600	4996	0	280
2026.04.01	23:00:00	4776.657	4800.345	4773.730	4784.170	8154	0	280
2026.04.02	00:00:00	4784.241	4798.750	4774.842	4784.714	15706	0	280
2026.04.02	01:00:00	4784.478	4786.552	4650.201	4696.456	88290	0	280
2026.04.02	02:00:00	4696.390	4703.740	4655.014	4686.944	40355	0	280
2026.04.02	03:00:00	4687.012	4699.373	4675.583	4676.320	16232	0	280
2026.04.02	04:00:00	4676.091	4681.521	4657.021	4672.441	14479	0	280
2026.04.02	05:00:00	4672.501	4680.542	4585.914	4594.005	36259	0	280
2026.04.02	06:00:00	4594.370	4608.355	4553.765	4599.057	47189	0	280
2026.04.02	07:00:00	4598.997	4651.242	4597.098	4642.815	21153	0	280
2026.04.02	08:00:00	4642.808	4648.915	4617.021	4620.936	19231	0	280
2026.04.02	09:00:00	4620.643	4632.035	4612.957	4621.887	15294	0	280
2026.04.02	10:00:00	4621.948	4635.320	4603.908	4620.668	16168	0	280
2026.04.02	11:00:00	4620.417	4630.659	4592.669	4599.848	19005	0	280
2026.04.02	12:00:00	4599.897	4630.244	4594.436	4602.034	24706	0	280
2026.04.02	13:00:00	4602.098	4651.391	4580.302	4645.933	63773	0	280
2026.04.02	14:00:00	4645.991	4699.823	4631.507	4681.513	77120	0	280
2026.04.02	15:00:00	4681.667	4684.181	4652.536	4660.862	41704	0	280
2026.04.02	16:00:00	4660.924	4670.785	4642.698	4658.932	26825	0	280
2026.04.02	17:00:00	4658.870	4668.446	4645.615	4648.800	20646	0	280
2026.04.02	18:00:00	4648.863	4672.182	4647.353	4668.620	14456	0	280
2026.04.02	19:00:00	4668.486	4681.802	4661.454	4672.105	16400	0	280
2026.04.02	20:00:00	4672.166	4677.009	4664.359	4675.333	7697	0	280
2026.04.05	22:00:00	4662.923	4662.923	4608.316	4645.425	19893	0	280
2026.04.05	23:00:00	4645.521	4651.400	4605.069	4610.674	12346	0	280
2026.04.06	00:00:00	4610.706	4629.491	4600.515	4622.342	20363	0	280
2026.04.06	01:00:00	4622.034	4643.253	4620.574	4625.773	14319	0	280
2026.04.06	02:00:00	4626.125	4671.818	4623.593	4648.162	18416	0	280
2026.04.06	03:00:00	4648.098	4648.209	4625.175	4640.424	13206	0	280
2026.04.06	04:00:00	4640.401	4660.049	4639.886	4658.904	7660	0	280
2026.04.06	05:00:00	4658.910	4678.938	4651.369	4652.784	10813	0	280
2026.04.06	06:00:00	4652.791	4667.858	4643.383	4665.849	12537	0	280
2026.04.06	07:00:00	4665.791	4688.674	4644.942	4684.876	13751	0	280
2026.04.06	08:00:00	4684.807	4698.268	4680.371	4695.562	14007	0	280
2026.04.06	09:00:00	4695.630	4706.725	4690.709	4693.684	11921	0	280
2026.04.06	10:00:00	4693.477	4697.565	4684.652	4689.920	11783	0	280
2026.04.06	11:00:00	4689.988	4696.890	4676.961	4677.896	10391	0	280
2026.04.06	12:00:00	4677.956	4686.837	4659.478	4675.950	12738	0	280
2026.04.06	13:00:00	4675.692	4681.748	4659.629	4679.732	28607	0	280
2026.04.06	14:00:00	4680.182	4697.730	4660.127	4682.923	33359	0	280
2026.04.06	15:00:00	4682.997	4684.023	4651.953	4668.211	21578	0	280
2026.04.06	16:00:00	4668.280	4672.593	4657.631	4660.499	13371	0	280
2026.04.06	17:00:00	4660.566	4661.154	4645.666	4653.739	15740	0	280
2026.04.06	18:00:00	4653.796	4666.668	4648.607	4658.181	12041	0	280
2026.04.06	19:00:00	4658.186	4659.412	4645.406	4655.213	8672	0	280
2026.04.06	20:00:00	4655.274	4658.363	4649.038	4649.944	4417	0	280
2026.04.06	22:00:00	4661.087	4667.879	4656.796	4658.292	5431	0	280
2026.04.06	23:00:00	4658.493	4661.165	4651.622	4658.917	4247	0	280
2026.04.07	00:00:00	4658.976	4661.449	4649.013	4655.016	10131	0	280
2026.04.07	01:00:00	4654.699	4664.285	4616.245	4626.659	41897	0	280
2026.04.07	02:00:00	4626.729	4654.089	4619.655	4650.358	16990	0	280
2026.04.07	03:00:00	4650.302	4654.055	4639.467	4649.560	9852	0	280
2026.04.07	04:00:00	4649.496	4664.272	4645.453	4659.688	8410	0	280
2026.04.07	05:00:00	4659.754	4661.471	4622.773	4642.832	16990	0	280
2026.04.07	06:00:00	4643.220	4656.423	4637.634	4653.249	16351	0	280
2026.04.07	07:00:00	4653.176	4657.144	4636.637	4645.863	12754	0	280
2026.04.07	08:00:00	4646.180	4690.803	4644.153	4682.952	26751	0	280
2026.04.07	09:00:00	4682.930	4694.641	4658.733	4670.728	17573	0	280
2026.04.07	10:00:00	4670.786	4680.494	4649.080	4652.199	25202	0	280
2026.04.07	11:00:00	4652.129	4664.232	4628.606	4659.817	18571	0	280
2026.04.07	12:00:00	4659.883	4670.834	4646.720	4651.420	20637	0	280
2026.04.07	13:00:00	4651.772	4663.247	4635.388	4644.395	29767	0	280
2026.04.07	14:00:00	4644.101	4661.317	4607.261	4633.413	40907	0	280
2026.04.07	15:00:00	4633.347	4659.422	4624.823	4655.676	27995	0	280
2026.04.07	16:00:00	4655.388	4668.458	4652.441	4657.141	21502	0	280
2026.04.07	17:00:00	4657.203	4686.485	4653.819	4676.072	18563	0	280
2026.04.07	18:00:00	4675.997	4686.376	4657.357	4662.339	13936	0	280
2026.04.07	19:00:00	4662.400	4718.759	4660.669	4700.628	68436	0	280
2026.04.07	20:00:00	4700.691	4717.108	4697.157	4706.301	16487	0	280
2026.04.07	22:00:00	4740.729	4819.929	4713.782	4818.138	28944	0	360
2026.04.07	23:00:00	4818.198	4836.407	4801.896	4833.182	28405	0	280
2026.04.08	00:00:00	4833.604	4857.230	4808.629	4817.717	35521	0	280
2026.04.08	01:00:00	4817.655	4825.306	4787.975	4810.288	33688	0	280
2026.04.08	02:00:00	4810.208	4825.191	4798.391	4803.736	13616	0	280
2026.04.08	03:00:00	4803.795	4806.041	4794.938	4797.653	10506	0	280
2026.04.08	04:00:00	4797.672	4806.718	4789.984	4803.430	9427	0	280
2026.04.08	05:00:00	4803.370	4843.868	4800.265	4828.026	13442	0	280
2026.04.08	06:00:00	4827.239	4839.775	4820.090	4820.090	17362	0	280
2026.04.08	07:00:00	4820.031	4821.170	4805.068	4813.470	14761	0	280
2026.04.08	08:00:00	4813.538	4819.941	4790.146	4793.863	14271	0	280
2026.04.08	09:00:00	4794.002	4806.683	4776.137	4783.373	12955	0	280
2026.04.08	10:00:00	4783.314	4796.234	4770.899	4782.767	10705	0	280
2026.04.08	11:00:00	4782.682	4802.884	4777.764	4798.397	16072	0	280
2026.04.08	12:00:00	4798.481	4807.169	4768.354	4799.692	24646	0	280
2026.04.08	13:00:00	4799.625	4806.720	4767.760	4777.792	31597	0	280
2026.04.08	14:00:00	4777.853	4792.036	4732.144	4736.485	40267	0	280
2026.04.08	15:00:00	4736.255	4763.252	4734.208	4756.456	23212	0	280
2026.04.08	16:00:00	4756.630	4765.675	4745.160	4760.680	14197	0	280
2026.04.08	17:00:00	4760.612	4764.483	4731.543	4734.199	16808	0	280
2026.04.08	18:00:00	4734.136	4744.484	4703.402	4705.453	27102	0	280
2026.04.08	19:00:00	4705.264	4731.908	4699.471	4730.446	21160	0	280
2026.04.08	20:00:00	4730.521	4732.307	4716.963	4719.672	6388	0	280
2026.04.08	22:00:00	4729.081	4732.631	4704.545	4717.841	8500	0	280
2026.04.08	23:00:00	4717.763	4720.047	4705.260	4715.527	7019	0	280
2026.04.09	00:00:00	4715.597	4719.081	4698.435	4706.636	14468	0	280
2026.04.09	01:00:00	4706.578	4728.014	4699.504	4727.119	22607	0	280
2026.04.09	02:00:00	4727.183	4732.976	4717.481	4719.219	10629	0	280
2026.04.09	03:00:00	4719.158	4720.314	4705.104	4711.464	10268	0	280
2026.04.09	04:00:00	4711.575	4725.531	4709.677	4720.947	6723	0	280
2026.04.09	05:00:00	4721.007	4726.671	4705.689	4713.369	12237	0	280
2026.04.09	06:00:00	4713.354	4725.450	4703.355	4712.653	14201	0	280
2026.04.09	07:00:00	4712.590	4731.296	4705.654	4724.185	16886	0	280
2026.04.09	08:00:00	4724.244	4733.207	4719.845	4726.270	10454	0	280
2026.04.09	09:00:00	4726.212	4733.403	4723.000	4729.079	8785	0	280
2026.04.09	10:00:00	4729.055	4746.665	4723.393	4741.292	10040	0	280
2026.04.09	11:00:00	4740.942	4757.551	4738.365	4756.369	9109	0	280
2026.04.09	12:00:00	4756.433	4759.897	4734.861	4745.704	14684	0	280
2026.04.09	13:00:00	4745.979	4777.255	4738.562	4764.475	24080	0	280
2026.04.09	14:00:00	4764.533	4776.167	4746.985	4768.228	21491	0	280
2026.04.09	15:00:00	4768.287	4798.039	4761.119	4792.972	22823	0	280
2026.04.09	16:00:00	4792.866	4801.078	4784.307	4788.674	14663	0	280
2026.04.09	17:00:00	4788.734	4801.259	4786.681	4797.519	10841	0	280
2026.04.09	18:00:00	4797.550	4798.212	4767.593	4772.256	16672	0	280
2026.04.09	19:00:00	4772.190	4782.683	4766.826	4768.886	24546	0	280
2026.04.09	20:00:00	4768.944	4773.449	4760.719	4765.039	5986	0	280
2026.04.09	22:00:00	4779.021	4779.455	4758.624	4764.035	6227	0	280
2026.04.09	23:00:00	4764.068	4764.271	4757.026	4763.598	4779	0	280
2026.04.10	00:00:00	4763.661	4763.668	4750.670	4762.876	10933	0	280
2026.04.10	01:00:00	4762.794	4777.177	4757.890	4764.649	14847	0	280
2026.04.10	02:00:00	4764.711	4765.406	4737.837	4752.907	12872	0	280
2026.04.10	03:00:00	4752.843	4769.568	4752.749	4766.328	8258	0	280
2026.04.10	04:00:00	4766.389	4770.881	4758.026	4758.700	5490	0	280
2026.04.10	05:00:00	4758.690	4769.247	4757.295	4766.126	8580	0	280
2026.04.10	06:00:00	4765.925	4765.925	4742.795	4746.581	11536	0	280
2026.04.10	07:00:00	4746.230	4757.456	4741.217	4749.804	8506	0	280
2026.04.10	08:00:00	4749.863	4753.290	4730.580	4740.566	10877	0	280
2026.04.10	09:00:00	4740.639	4760.899	4740.490	4751.380	11857	0	280
2026.04.10	10:00:00	4751.441	4760.681	4742.132	4757.307	7453	0	280
2026.04.10	11:00:00	4756.945	4768.970	4753.188	4768.063	7599	0	280
2026.04.10	12:00:00	4768.280	4782.306	4759.935	4771.948	16150	0	160
2026.04.10	13:00:00	4771.879	4780.361	4764.888	4775.074	22104	0	280
2026.04.10	14:00:00	4775.338	4795.181	4767.208	4774.898	22332	0	280
2026.04.10	15:00:00	4774.970	4787.344	4754.903	4761.964	19535	0	280
2026.04.10	16:00:00	4762.279	4765.980	4747.358	4763.819	15902	0	280
2026.04.10	17:00:00	4763.702	4768.679	4757.951	4760.409	10571	0	280
2026.04.10	18:00:00	4760.474	4773.294	4750.793	4765.066	9775	0	280
2026.04.10	19:00:00	4765.134	4770.526	4758.227	4759.713	8053	0	280
2026.04.10	20:00:00	4759.661	4760.076	4740.834	4749.455	7180	0	280
2026.04.12	22:00:00	4670.232	4685.131	4643.986	4658.851	14277	0	280
2026.04.12	23:00:00	4658.852	4671.866	4644.409	4671.251	9674	0	280
2026.04.13	00:00:00	4671.349	4698.666	4664.588	4695.662	14722	0	280
2026.04.13	01:00:00	4695.309	4728.131	4693.568	4721.132	24702	0	280
2026.04.13	02:00:00	4721.133	4728.025	4711.327	4720.586	12628	0	280
2026.04.13	03:00:00	4720.540	4723.954	4712.172	4718.065	7692	0	280
2026.04.13	04:00:00	4718.269	4725.039	4708.334	4723.220	7306	0	280
2026.04.13	05:00:00	4722.979	4730.766	4716.311	4729.539	9849	0	280
2026.04.13	06:00:00	4729.286	4732.760	4720.807	4725.437	11475	0	280
2026.04.13	07:00:00	4725.499	4740.070	4724.708	4733.802	11914	0	280
2026.04.13	08:00:00	4733.816	4738.652	4719.951	4723.525	10527	0	280
2026.04.13	09:00:00	4723.493	4728.664	4710.524	4714.776	10652	0	280
2026.04.13	10:00:00	4714.835	4723.934	4708.068	4721.993	8136	0	280
2026.04.13	11:00:00	4721.927	4729.120	4703.353	4706.842	12678	0	280
2026.04.13	12:00:00	4706.698	4725.171	4703.583	4723.347	14878	0	280
2026.04.13	13:00:00	4723.568	4744.785	4721.125	4730.651	29389	0	280
2026.04.13	14:00:00	4730.433	4731.419	4708.587	4719.179	24255	0	280
2026.04.13	15:00:00	4718.903	4719.761	4700.186	4714.413	18557	0	280
2026.04.13	16:00:00	4714.288	4746.286	4709.405	4733.091	24364	0	280
2026.04.13	17:00:00	4733.117	4749.934	4725.614	4730.032	13577	0	280
2026.04.13	18:00:00	4730.089	4740.706	4722.973	4738.262	9250	0	280
2026.04.13	19:00:00	4738.189	4747.493	4730.684	4741.283	8784	0	280
2026.04.13	20:00:00	4741.096	4744.140	4738.174	4741.100	4281	0	280
2026.04.13	22:00:00	4750.803	4759.614	4745.643	4757.829	5308	0	280
2026.04.13	23:00:00	4757.766	4765.979	4754.415	4757.323	5353	0	280
2026.04.14	00:00:00	4757.699	4775.809	4751.449	4769.651	11356	0	280
2026.04.14	01:00:00	4769.888	4777.005	4761.690	4764.591	15001	0	280
2026.04.14	02:00:00	4764.728	4777.353	4762.214	4774.928	8909	0	280
2026.04.14	03:00:00	4774.962	4775.629	4765.632	4768.253	6194	0	280
2026.04.14	04:00:00	4768.317	4776.917	4766.842	4774.231	4401	0	280
2026.04.14	05:00:00	4774.005	4774.333	4757.965	4760.172	9318	0	280
2026.04.14	06:00:00	4760.162	4783.165	4760.014	4781.951	9833	0	280
2026.04.14	07:00:00	4782.023	4796.374	4767.923	4777.057	15324	0	280
2026.04.14	08:00:00	4776.984	4789.893	4773.976	4786.584	9905	0	280
2026.04.14	09:00:00	4786.699	4789.126	4771.366	4778.362	9161	0	280
2026.04.14	10:00:00	4778.420	4788.094	4751.685	4768.552	10363	0	280
2026.04.14	11:00:00	4768.487	4783.045	4766.694	4775.049	9732	0	280
2026.04.14	12:00:00	4775.106	4777.535	4762.112	4771.488	14474	0	280
2026.04.14	13:00:00	4771.375	4803.445	4770.945	4794.430	21380	0	280
2026.04.14	14:00:00	4794.493	4818.066	4792.764	4803.974	20102	0	280
2026.04.14	15:00:00	4803.743	4816.137	4790.951	4807.939	15144	0	280
2026.04.14	16:00:00	4808.256	4820.503	4804.890	4810.245	10743	0	280
2026.04.14	17:00:00	4810.247	4841.515	4809.293	4835.191	11946	0	280
2026.04.14	18:00:00	4835.131	4843.424	4830.843	4835.553	8424	0	280
2026.04.14	19:00:00	4835.625	4846.254	4835.625	4844.587	7832	0	280
2026.04.14	20:00:00	4844.657	4846.003	4839.461	4840.739	3978	0	280
2026.04.14	22:00:00	4839.629	4850.676	4833.279	4835.156	5690	0	280
2026.04.14	23:00:00	4835.076	4844.053	4833.610	4836.889	6091	0	280
2026.04.15	00:00:00	4836.946	4839.704	4827.148	4835.625	8386	0	280
2026.04.15	01:00:00	4835.578	4871.422	4828.023	4847.234	20168	0	280
2026.04.15	02:00:00	4846.867	4853.292	4820.373	4824.012	14809	0	280
2026.04.15	03:00:00	4823.902	4829.638	4816.719	4824.099	8683	0	280
2026.04.15	04:00:00	4824.125	4827.841	4820.493	4825.076	5239	0	280
2026.04.15	05:00:00	4824.760	4830.507	4812.471	4819.773	12605	0	280
2026.04.15	06:00:00	4819.855	4825.015	4810.878	4811.811	10267	0	280
2026.04.15	07:00:00	4811.634	4817.106	4803.836	4810.975	12328	0	280
2026.04.15	08:00:00	4810.912	4820.946	4804.376	4818.171	10152	0	280
2026.04.15	09:00:00	4818.110	4819.230	4786.049	4798.255	14685	0	280
2026.04.15	10:00:00	4798.191	4805.185	4789.982	4799.858	13018	0	280
2026.04.15	11:00:00	4799.918	4815.090	4795.585	4812.722	10036	0	280
2026.04.15	12:00:00	4812.655	4816.274	4807.007	4811.751	10438	0	280
2026.04.15	13:00:00	4811.688	4830.038	4808.429	4828.629	18780	0	280
2026.04.15	14:00:00	4828.542	4830.688	4813.401	4815.636	14409	0	280
2026.04.15	15:00:00	4815.705	4816.284	4786.692	4801.800	17943	0	280
2026.04.15	16:00:00	4801.630	4812.802	4800.007	4803.692	11768	0	280
2026.04.15	17:00:00	4804.040	4808.692	4790.690	4792.598	10380	0	280
2026.04.15	18:00:00	4792.385	4802.146	4789.933	4799.897	9660	0	280
2026.04.15	19:00:00	4799.565	4803.401	4794.349	4795.951	7236	0	280
2026.04.15	20:00:00	4796.010	4796.808	4787.612	4791.166	4412	0	280
2026.04.15	22:00:00	4797.162	4811.997	4791.120	4807.696	4735	0	280
2026.04.15	23:00:00	4807.675	4826.607	4807.617	4823.572	4564	0	280
2026.04.16	00:00:00	4823.205	4837.601	4820.235	4833.196	8382	0	280
2026.04.16	01:00:00	4832.852	4836.371	4811.096	4818.061	11484	0	280
2026.04.16	02:00:00	4817.842	4825.014	4812.494	4819.499	8704	0	280
2026.04.16	03:00:00	4819.732	4826.969	4818.934	4824.174	6034	0	280
2026.04.16	04:00:00	4824.174	4833.548	4822.872	4832.780	4715	0	280
2026.04.16	05:00:00	4832.838	4838.438	4821.229	4821.392	8508	0	280
2026.04.16	06:00:00	4821.463	4830.313	4814.098	4826.134	11637	0	280
2026.04.16	07:00:00	4826.192	4830.906	4816.961	4821.228	10955	0	280
2026.04.16	08:00:00	4821.220	4821.767	4806.397	4813.603	10231	0	280
2026.04.16	09:00:00	4813.578	4817.874	4806.781	4812.597	8312	0	280
2026.04.16	10:00:00	4812.840	4817.391	4804.978	4817.010	7384	0	280
2026.04.16	11:00:00	4817.076	4822.537	4815.410	4822.252	7224	0	280
2026.04.16	12:00:00	4822.149	4823.109	4811.351	4816.337	9628	0	280
2026.04.16	13:00:00	4816.410	4824.000	4784.549	4794.686	22643	0	280
2026.04.16	14:00:00	4794.602	4805.229	4772.851	4788.806	29370	0	280
2026.04.16	15:00:00	4788.509	4812.932	4788.184	4806.743	18758	0	280
2026.04.16	16:00:00	4806.678	4810.262	4785.123	4792.162	14351	0	280
2026.04.16	17:00:00	4792.222	4795.390	4781.359	4788.984	12150	0	280
2026.04.16	18:00:00	4788.925	4794.092	4785.606	4789.327	9361	0	280
2026.04.16	19:00:00	4789.313	4798.636	4789.313	4793.737	7527	0	280
2026.04.16	20:00:00	4793.669	4793.929	4786.201	4790.146	3901	0	280
2026.04.16	22:00:00	4794.579	4797.829	4791.114	4795.375	4552	0	280
2026.04.16	23:00:00	4795.317	4797.849	4791.575	4791.651	4217	0	280
2026.04.17	00:00:00	4791.559	4801.312	4785.725	4794.940	7187	0	280
2026.04.17	01:00:00	4795.002	4795.764	4767.519	4789.223	16113	0	280
2026.04.17	02:00:00	4789.219	4794.791	4784.395	4784.685	7430	0	280
2026.04.17	03:00:00	4784.742	4798.378	4784.691	4793.418	7030	0	280
2026.04.17	04:00:00	4793.393	4804.589	4792.417	4802.809	4730	0	280
2026.04.17	05:00:00	4802.820	4806.378	4793.676	4794.313	8696	0	280
2026.04.17	06:00:00	4794.433	4795.298	4779.107	4785.071	9661	0	280
2026.04.17	07:00:00	4785.142	4794.829	4778.621	4784.474	8153	0	280
2026.04.17	08:00:00	4784.460	4796.656	4780.853	4795.744	7764	0	280
2026.04.17	09:00:00	4795.685	4801.041	4789.943	4790.490	7002	0	280
2026.04.17	10:00:00	4790.548	4793.980	4782.155	4787.203	6637	0	280
2026.04.17	11:00:00	4787.263	4811.769	4783.276	4799.214	8249	0	280
2026.04.17	12:00:00	4799.279	4847.737	4797.535	4846.533	23876	0	280
2026.04.17	13:00:00	4846.090	4889.866	4834.674	4879.969	47876	0	280
2026.04.17	14:00:00	4880.029	4885.522	4860.606	4873.242	24301	0	280
2026.04.17	15:00:00	4873.309	4880.291	4854.669	4867.541	21468	0	280
2026.04.17	16:00:00	4867.472	4873.515	4863.729	4866.755	10138	0	280
2026.04.17	17:00:00	4866.828	4869.709	4853.681	4862.611	14224	0	280
2026.04.17	18:00:00	4862.401	4868.183	4855.746	4858.352	9211	0	280
2026.04.17	19:00:00	4858.410	4861.340	4852.678	4854.611	9078	0	280
2026.04.17	20:00:00	4854.670	4855.221	4830.727	4833.011	10037	0	280
2026.04.19	22:00:00	4774.618	4795.369	4770.992	4779.369	11872	0	360
2026.04.19	23:00:00	4779.388	4779.503	4736.736	4755.324	12557	0	360
2026.04.20	00:00:00	4755.237	4774.324	4744.932	4772.266	16552	0	280
2026.04.20	01:00:00	4772.204	4814.437	4771.086	4807.955	20180	0	280
2026.04.20	02:00:00	4807.815	4809.098	4793.020	4797.403	10233	0	280
2026.04.20	03:00:00	4797.052	4798.327	4788.768	4791.005	7932	0	280
2026.04.20	04:00:00	4791.068	4795.859	4786.958	4788.781	6406	0	280
2026.04.20	05:00:00	4788.613	4795.815	4779.467	4790.677	12133	0	280
2026.04.20	06:00:00	4790.591	4795.478	4783.716	4795.267	12315	0	280
2026.04.20	07:00:00	4795.326	4805.565	4786.870	4789.568	12659	0	280
2026.04.20	08:00:00	4789.740	4796.086	4785.877	4795.932	8763	0	280
2026.04.20	09:00:00	4795.870	4797.970	4783.279	4791.358	8459	0	280
2026.04.20	10:00:00	4791.783	4801.067	4789.896	4795.658	6643	0	280
2026.04.20	11:00:00	4795.718	4810.918	4786.559	4810.295	9387	0	280
2026.04.20	12:00:00	4810.237	4822.201	4798.901	4803.483	13757	0	280
2026.04.20	13:00:00	4803.542	4826.499	4799.684	4817.933	21497	0	280
2026.04.20	14:00:00	4817.997	4827.671	4792.309	4805.124	24873	0	280
2026.04.20	15:00:00	4805.062	4809.544	4792.567	4799.503	19554	0	280
2026.04.20	16:00:00	4799.916	4806.316	4792.696	4805.319	9729	0	280
2026.04.20	17:00:00	4805.399	4812.298	4803.742	4806.870	8326	0	280
2026.04.20	18:00:00	4806.928	4816.661	4806.928	4813.922	7041	0	280
2026.04.20	19:00:00	4814.138	4821.439	4810.293	4814.035	6022	0	280
2026.04.20	20:00:00	4814.096	4822.032	4812.109	4820.814	3886	0	280
2026.04.20	22:00:00	4827.606	4833.152	4820.905	4827.759	6898	0	280
2026.04.20	23:00:00	4827.498	4831.957	4819.800	4821.556	4393	0	280
2026.04.21	00:00:00	4821.618	4830.530	4816.728	4824.024	9872	0	280
2026.04.21	01:00:00	4823.720	4824.489	4805.573	4810.008	11132	0	280
2026.04.21	02:00:00	4810.297	4810.474	4802.291	4806.961	7606	0	280
2026.04.21	03:00:00	4807.029	4807.784	4792.433	4797.283	7630	0	280
2026.04.21	04:00:00	4797.047	4797.869	4788.598	4788.898	6010	0	280
2026.04.21	05:00:00	4788.958	4796.775	4782.955	4784.205	10138	0	280
2026.04.21	06:00:00	4784.220	4790.702	4774.398	4778.955	11840	0	280
2026.04.21	07:00:00	4778.897	4792.674	4772.647	4786.103	9231	0	280
2026.04.21	08:00:00	4786.170	4792.792	4774.515	4786.257	9246	0	280
2026.04.21	09:00:00	4786.191	4789.746	4781.043	4783.815	7546	0	280
2026.04.21	10:00:00	4783.874	4790.400	4780.739	4789.508	5959	0	280
2026.04.21	11:00:00	4789.593	4798.050	4775.128	4794.718	9953	0	280
2026.04.21	12:00:00	4794.560	4796.986	4766.711	4778.602	14947	0	280
2026.04.21	13:00:00	4778.537	4794.148	4760.531	4779.200	24153	0	280
2026.04.21	14:00:00	4779.141	4782.711	4723.305	4738.713	35259	0	280
2026.04.21	15:00:00	4738.807	4757.548	4727.810	4741.401	33272	0	280
2026.04.21	16:00:00	4741.459	4746.723	4707.912	4711.152	20571	0	280
2026.04.21	17:00:00	4711.192	4722.284	4696.825	4710.794	28132	0	280
2026.04.21	18:00:00	4710.737	4714.626	4692.205	4709.045	17740	0	280
2026.04.21	19:00:00	4709.102	4715.090	4668.140	4679.122	31316	0	280
2026.04.21	20:00:00	4679.216	4719.379	4668.722	4718.807	21810	0	280
2026.04.21	22:00:00	4719.794	4729.469	4715.431	4719.310	6204	0	280
2026.04.21	23:00:00	4719.334	4740.423	4718.184	4737.824	6224	0	280
2026.04.22	00:00:00	4738.112	4747.507	4738.112	4739.681	9156	0	280
2026.04.22	01:00:00	4739.625	4754.751	4735.857	4752.269	12640	0	280
2026.04.22	02:00:00	4752.001	4758.887	4750.102	4755.602	7167	0	280
2026.04.22	03:00:00	4755.536	4765.088	4753.013	4758.263	6557	0	280
2026.04.22	04:00:00	4758.310	4759.767	4752.365	4754.410	5803	0	280
2026.04.22	05:00:00	4754.442	4772.196	4752.039	4767.491	10564	0	280
2026.04.22	06:00:00	4767.401	4767.884	4758.744	4767.457	6706	0	280
2026.04.22	07:00:00	4767.397	4772.377	4759.446	4760.654	7765	0	280
2026.04.22	08:00:00	4760.661	4762.361	4751.758	4757.126	7670	0	280
2026.04.22	09:00:00	4757.059	4762.497	4752.188	4755.016	7296	0	280
2026.04.22	10:00:00	4755.387	4760.030	4745.709	4759.140	7483	0	280
2026.04.22	11:00:00	4758.953	4760.852	4747.651	4750.568	7987	0	280
2026.04.22	12:00:00	4750.342	4760.191	4742.753	4744.339	11639	0	280
2026.04.22	13:00:00	4744.151	4760.870	4736.311	4752.740	21823	0	280
2026.04.22	14:00:00	4752.650	4757.254	4730.001	4735.760	18606	0	280
2026.04.22	15:00:00	4735.818	4740.268	4724.910	4727.751	13924	0	280
2026.04.22	16:00:00	4727.836	4735.001	4723.734	4728.534	9915	0	280
2026.04.22	17:00:00	4728.477	4739.334	4728.391	4737.258	9060	0	280
2026.04.22	18:00:00	4737.314	4749.719	4729.736	4741.585	7217	0	280
2026.04.22	19:00:00	4741.885	4745.408	4736.825	4739.997	8050	0	280
2026.04.22	20:00:00	4740.227	4740.528	4734.553	4739.500	4485	0	280
2026.04.22	22:00:00	4744.802	4745.712	4725.810	4726.068	4379	0	280
2026.04.22	23:00:00	4726.131	4729.826	4723.360	4727.960	4484	0	280
2026.04.23	00:00:00	4728.026	4753.821	4693.986	4747.984	28432	0	280
2026.04.23	01:00:00	4748.188	4749.988	4722.569	4723.200	16376	0	280
2026.04.23	02:00:00	4723.444	4724.749	4698.037	4698.876	19934	0	280
2026.04.23	03:00:00	4698.961	4708.727	4697.879	4703.918	13770	0	280
2026.04.23	04:00:00	4703.721	4707.029	4698.592	4704.507	6618	0	280
2026.04.23	05:00:00	4704.208	4715.347	4692.117	4713.264	12071	0	280
2026.04.23	06:00:00	4713.631	4721.374	4708.672	4713.004	10840	0	280
2026.04.23	07:00:00	4712.945	4720.404	4703.103	4718.937	11391	0	280
2026.04.23	08:00:00	4719.007	4725.019	4701.469	4703.459	9294	0	280
2026.04.23	09:00:00	4703.402	4703.778	4694.749	4697.384	10362	0	280
2026.04.23	10:00:00	4697.318	4701.621	4684.149	4696.362	11051	0	280
2026.04.23	11:00:00	4696.418	4720.860	4695.534	4720.423	10629	0	280
2026.04.23	12:00:00	4720.486	4743.215	4719.577	4740.055	19471	0	280
2026.04.23	13:00:00	4739.963	4741.268	4723.706	4724.536	18481	0	280
2026.04.23	14:00:00	4724.475	4736.705	4716.862	4733.708	21008	0	280
2026.04.23	15:00:00	4733.770	4741.063	4716.296	4720.260	15870	0	280
2026.04.23	16:00:00	4720.474	4736.972	4715.496	4732.726	11100	0	280
2026.04.23	17:00:00	4732.757	4734.389	4664.010	4709.115	50813	0	280
2026.04.23	18:00:00	4709.172	4722.163	4699.164	4701.213	24509	0	280
2026.04.23	19:00:00	4701.153	4704.491	4689.189	4696.081	16421	0	280
2026.04.23	20:00:00	4695.804	4698.198	4686.383	4692.968	6891	0	280
2026.04.23	22:00:00	4699.581	4700.028	4689.915	4693.083	4739	0	280
2026.04.23	23:00:00	4693.096	4700.620	4686.543	4695.231	5658	0	280
2026.04.24	00:00:00	4695.277	4707.875	4690.823	4704.464	12983	0	280
2026.04.24	01:00:00	4704.403	4711.180	4690.030	4699.317	15831	0	280
2026.04.24	02:00:00	4699.231	4700.608	4672.936	4676.807	13339	0	280
2026.04.24	03:00:00	4676.572	4678.272	4668.587	4672.223	9877	0	280
2026.04.24	04:00:00	4672.116	4676.677	4657.581	4674.259	9417	0	280
2026.04.24	05:00:00	4674.326	4687.437	4669.512	4686.200	9432	0	280
2026.04.24	06:00:00	4686.257	4688.160	4666.696	4671.969	9410	0	280
2026.04.24	07:00:00	4671.934	4695.253	4670.822	4694.271	7824	0	280
2026.04.24	08:00:00	4694.344	4697.415	4685.261	4690.635	8563	0	280
2026.04.24	09:00:00	4690.993	4696.679	4679.210	4681.918	9419	0	280
2026.04.24	10:00:00	4682.085	4686.168	4674.638	4677.913	7540	0	280
2026.04.24	11:00:00	4677.857	4717.411	4677.755	4706.679	23138	0	280
2026.04.24	12:00:00	4706.756	4711.768	4690.270	4700.848	14020	0	280
2026.04.24	13:00:00	4700.814	4717.579	4689.474	4711.984	20007	0	280
2026.04.24	14:00:00	4711.549	4740.348	4706.814	4726.395	24303	0	280
2026.04.24	15:00:00	4726.458	4733.336	4714.444	4726.933	20442	0	280
2026.04.24	16:00:00	4727.004	4729.768	4718.936	4726.512	12036	0	280
2026.04.24	17:00:00	4726.568	4730.068	4718.851	4723.412	10522	0	280
2026.04.24	18:00:00	4723.482	4724.878	4716.808	4722.521	6901	0	280
2026.04.24	19:00:00	4722.579	4726.075	4713.497	4716.670	7133	0	280
2026.04.24	20:00:00	4716.607	4717.467	4705.234	4708.466	5610	0	280
2026.04.26	22:00:00	4696.125	4699.884	4679.969	4684.718	6630	0	280
2026.04.26	23:00:00	4684.636	4684.742	4674.849	4680.075	5356	0	280
2026.04.27	00:00:00	4680.139	4698.187	4672.027	4697.623	9485	0	280
2026.04.27	01:00:00	4697.688	4709.834	4690.961	4702.490	16848	0	280
2026.04.27	02:00:00	4702.622	4723.526	4696.148	4718.337	11038	0	280
2026.04.27	03:00:00	4718.255	4729.391	4714.542	4723.973	8462	0	280
2026.04.27	04:00:00	4723.916	4730.145	4722.694	4724.786	5628	0	280
2026.04.27	05:00:00	4724.803	4725.313	4708.647	4710.147	8098	0	280
2026.04.27	06:00:00	4710.087	4715.617	4709.036	4712.779	8661	0	280
2026.04.27	07:00:00	4712.724	4718.261	4710.105	4713.427	8285	0	280
2026.04.27	08:00:00	4713.195	4714.652	4705.289	4706.908	7807	0	280
2026.04.27	09:00:00	4706.792	4708.170	4699.061	4703.455	6643	0	280
2026.04.27	10:00:00	4703.516	4711.056	4699.408	4708.884	5428	0	280
2026.04.27	11:00:00	4708.939	4708.982	4699.931	4704.642	6655	0	280
2026.04.27	12:00:00	4704.756	4712.573	4696.858	4699.289	10933	0	280
2026.04.27	13:00:00	4699.349	4703.298	4688.930	4695.951	17238	0	280
2026.04.27	14:00:00	4696.013	4696.772	4676.355	4677.852	18721	0	280
2026.04.27	15:00:00	4678.203	4682.596	4666.949	4670.152	15857	0	280
2026.04.27	16:00:00	4670.124	4679.288	4667.123	4676.478	8624	0	280
2026.04.27	17:00:00	4676.535	4686.253	4668.054	4682.322	9776	0	280
2026.04.27	18:00:00	4682.260	4685.544	4678.785	4680.837	6096	0	280
2026.04.27	19:00:00	4680.781	4682.733	4676.594	4680.485	6065	0	280
2026.04.27	20:00:00	4680.546	4681.248	4677.299	4680.054	3207	0	280
2026.04.27	22:00:00	4684.202	4691.112	4682.043	4687.726	4098	0	280
2026.04.27	23:00:00	4687.939	4695.106	4687.125	4692.056	3625	0	280
2026.04.28	00:00:00	4692.118	4701.445	4690.424	4690.561	6940	0	280
2026.04.28	01:00:00	4690.462	4691.303	4669.266	4670.795	11473	0	280
2026.04.28	02:00:00	4670.853	4679.573	4666.316	4669.244	9682	0	280
2026.04.28	03:00:00	4669.007	4675.862	4668.380	4670.964	6667	0	280
2026.04.28	04:00:00	4670.907	4671.336	4666.582	4667.568	4974	0	280
2026.04.28	05:00:00	4667.408	4668.049	4623.804	4632.356	18623	0	280
2026.04.28	06:00:00	4632.278	4643.099	4623.172	4629.040	14151	0	280
2026.04.28	07:00:00	4628.944	4639.261	4620.574	4633.007	12801	0	280
2026.04.28	08:00:00	4633.245	4635.326	4614.607	4629.748	14012	0	280
2026.04.28	09:00:00	4629.590	4630.087	4604.516	4604.937	12124	0	280
2026.04.28	10:00:00	4604.856	4616.285	4603.173	4603.399	8786	0	280
2026.04.28	11:00:00	4603.387	4608.560	4555.299	4562.466	21983	0	280
2026.04.28	12:00:00	4562.702	4600.152	4554.647	4593.824	24597	0	280
2026.04.28	13:00:00	4593.470	4594.653	4570.678	4580.513	30216	0	280
2026.04.28	14:00:00	4580.152	4580.768	4557.134	4574.305	30717	0	280
2026.04.28	15:00:00	4574.249	4586.424	4566.902	4586.215	21608	0	280
2026.04.28	16:00:00	4586.431	4594.964	4577.980	4592.093	13725	0	280
2026.04.28	17:00:00	4592.442	4601.565	4586.970	4594.810	11370	0	280
2026.04.28	18:00:00	4594.866	4600.691	4592.169	4594.403	7992	0	280
2026.04.28	19:00:00	4594.461	4599.907	4593.479	4595.752	7410	0	280
2026.04.28	20:00:00	4595.696	4598.554	4591.063	4596.512	4263	0	280
2026.04.28	22:00:00	4598.249	4599.638	4592.604	4593.931	3093	0	280
2026.04.28	23:00:00	4593.920	4596.092	4587.856	4595.783	3982	0	280
2026.04.29	00:00:00	4595.847	4610.195	4594.831	4600.048	10028	0	280
2026.04.29	01:00:00	4599.985	4600.470	4575.793	4584.590	19424	0	280
2026.04.29	02:00:00	4584.635	4604.111	4584.635	4593.490	11237	0	280
2026.04.29	03:00:00	4593.552	4603.347	4592.083	4595.214	7194	0	280
2026.04.29	04:00:00	4595.274	4605.725	4595.131	4604.641	5638	0	280
2026.04.29	05:00:00	4604.827	4607.760	4590.498	4591.158	8053	0	280
2026.04.29	06:00:00	4590.802	4598.481	4580.623	4584.361	10798	0	280
2026.04.29	07:00:00	4584.280	4588.646	4567.131	4567.971	12647	0	280
2026.04.29	08:00:00	4568.064	4576.548	4557.193	4573.273	13073	0	280
2026.04.29	09:00:00	4573.334	4580.967	4551.411	4555.596	11993	0	280
2026.04.29	10:00:00	4555.521	4576.428	4554.819	4569.678	9026	0	280
2026.04.29	11:00:00	4569.742	4571.948	4559.214	4561.761	9709	0	280
2026.04.29	12:00:00	4561.405	4568.942	4541.417	4544.682	12931	0	280
2026.04.29	13:00:00	4545.031	4553.279	4510.087	4521.873	25623	0	280
2026.04.29	14:00:00	4521.927	4542.779	4517.704	4539.129	21895	0	280
2026.04.29	15:00:00	4539.073	4558.771	4536.222	4547.873	22426	0	280
2026.04.29	16:00:00	4547.815	4564.994	4543.218	4545.288	15390	0	280
2026.04.29	17:00:00	4545.462	4554.463	4541.398	4547.154	13554	0	280
2026.04.29	18:00:00	4547.333	4552.639	4517.921	4537.838	33704	0	280
2026.04.29	19:00:00	4537.916	4550.566	4533.125	4547.053	17060	0	280
2026.04.29	20:00:00	4546.998	4553.613	4541.376	4543.688	13504	0	280
2026.04.29	22:00:00	4542.801	4552.689	4539.166	4552.223	4892	0	280
2026.04.29	23:00:00	4551.920	4562.107	4549.412	4561.724	4738	0	280
2026.04.30	00:00:00	4561.628	4574.197	4556.285	4569.670	13560	0	280
2026.04.30	01:00:00	4569.613	4582.572	4564.484	4579.071	14305	0	280
2026.04.30	02:00:00	4579.118	4581.907	4559.614	4564.693	12773	0	280
2026.04.30	03:00:00	4564.638	4568.902	4555.507	4556.038	8573	0	280
2026.04.30	04:00:00	4555.896	4557.005	4540.773	4542.193	9750	0	280
2026.04.30	05:00:00	4542.128	4569.721	4541.897	4562.698	10172	0	280
2026.04.30	06:00:00	4562.727	4591.600	4560.135	4589.276	13321	0	280
2026.04.30	07:00:00	4589.465	4605.514	4584.672	4598.219	10807	0	280
2026.04.30	08:00:00	4598.278	4629.737	4597.207	4616.335	18079	0	280
2026.04.30	09:00:00	4616.497	4631.836	4614.253	4624.969	14931	0	280
2026.04.30	10:00:00	4625.037	4647.042	4623.620	4639.633	15422	0	280
2026.04.30	11:00:00	4639.640	4645.878	4626.491	4629.945	17149	0	280
2026.04.30	12:00:00	4630.005	4639.954	4624.661	4639.588	14678	0	280
2026.04.30	13:00:00	4639.411	4646.143	4610.401	4610.694	25561	0	280
2026.04.30	14:00:00	4610.808	4626.149	4609.092	4619.810	36629	0	280
2026.04.30	15:00:00	4619.640	4625.546	4611.138	4615.277	17447	0	280
2026.04.30	16:00:00	4615.443	4617.828	4605.138	4607.447	11694	0	280
2026.04.30	17:00:00	4607.334	4621.738	4607.334	4616.631	11692	0	280
2026.04.30	18:00:00	4616.778	4625.284	4616.706	4622.542	8332	0	280
2026.04.30	19:00:00	4622.448	4627.510	4614.466	4617.032	8501	0	280
2026.04.30	20:00:00	4617.091	4622.063	4615.472	4620.680	5692	0	280
2026.04.30	22:00:00	4627.631	4632.700	4625.076	4630.440	4317	0	280
2026.04.30	23:00:00	4630.506	4634.027	4626.332	4626.348	4252	0	280
2026.05.01	00:00:00	4626.433	4630.956	4618.456	4619.755	9693	0	280
2026.05.01	01:00:00	4619.837	4622.039	4613.734	4620.996	7575	0	280
2026.05.01	02:00:00	4620.912	4636.098	4616.368	4619.171	7916	0	280
2026.05.01	03:00:00	4619.114	4631.922	4617.547	4626.779	6552	0	280
2026.05.01	04:00:00	4626.846	4628.892	4609.013	4609.245	7261	0	280
2026.05.01	05:00:00	4609.302	4616.079	4602.803	4605.024	6868	0	280
2026.05.01	06:00:00	4605.027	4607.913	4590.681	4594.615	9552	0	280
2026.05.01	07:00:00	4594.548	4597.846	4575.944	4578.304	9691	0	280
2026.05.01	08:00:00	4578.359	4582.668	4564.928	4568.949	9121	0	280
2026.05.01	09:00:00	4569.007	4572.934	4559.766	4562.510	7808	0	280
2026.05.01	10:00:00	4562.517	4576.018	4561.319	4566.721	6063	0	280
2026.05.01	11:00:00	4566.779	4579.546	4562.472	4578.796	7828	0	280
2026.05.01	12:00:00	4578.718	4607.859	4574.714	4591.184	15508	0	280
2026.05.01	13:00:00	4590.915	4628.963	4586.342	4625.505	19392	0	280
2026.05.01	14:00:00	4625.033	4660.285	4625.033	4632.151	29237	0	280
2026.05.01	15:00:00	4631.924	4648.166	4618.904	4643.336	19132	0	280
2026.05.01	16:00:00	4642.971	4650.160	4633.913	4639.048	14702	0	280
2026.05.01	17:00:00	4638.985	4642.809	4626.622	4629.639	9933	0	280
2026.05.01	18:00:00	4629.706	4630.705	4613.746	4624.102	9768	0	280
2026.05.01	19:00:00	4624.183	4627.788	4608.820	4610.653	8378	0	280
2026.05.01	20:00:00	4610.540	4617.123	4606.892	4613.309	5962	0	280
2026.05.03	22:00:00	4626.129	4629.420	4612.447	4618.983	5949	0	280
2026.05.03	23:00:00	4618.970	4620.839	4611.113	4613.712	5910	0	280
2026.05.04	00:00:00	4613.951	4616.574	4601.764	4613.164	12141	0	280
2026.05.04	01:00:00	4613.109	4614.133	4592.464	4612.896	11106	0	280
2026.05.04	02:00:00	4612.839	4618.624	4591.029	4605.992	10792	0	280
2026.05.04	03:00:00	4605.935	4617.236	4598.422	4614.890	10784	0	280
2026.05.04	04:00:00	4614.949	4615.514	4605.204	4606.094	7579	0	280
2026.05.04	05:00:00	4606.179	4613.129	4592.294	4598.916	12612	0	280
2026.05.04	06:00:00	4599.149	4600.664	4583.448	4588.779	12549	0	280
2026.05.04	07:00:00	4588.621	4593.357	4577.850	4579.077	10195	0	280
2026.05.04	08:00:00	4579.095	4581.508	4573.638	4577.125	10058	0	280
2026.05.04	09:00:00	4577.057	4584.522	4572.048	4575.545	6966	0	280
2026.05.04	10:00:00	4575.496	4575.930	4525.694	4562.432	32159	0	280
2026.05.04	11:00:00	4562.431	4570.907	4551.501	4560.242	19361	0	280
2026.05.04	12:00:00	4560.319	4579.409	4559.084	4568.425	18278	0	280
2026.05.04	13:00:00	4568.192	4575.722	4555.637	4564.185	29867	0	280
2026.05.04	14:00:00	4564.109	4583.376	4553.521	4561.545	27714	0	280
2026.05.04	15:00:00	4561.602	4566.199	4512.042	4521.435	48209	0	280
2026.05.04	16:00:00	4521.374	4527.023	4500.581	4510.622	31818	0	280
2026.05.04	17:00:00	4510.560	4531.719	4510.560	4522.225	15801	0	280
2026.05.04	18:00:00	4522.281	4525.402	4509.735	4516.114	9876	0	280
2026.05.04	19:00:00	4516.046	4527.207	4511.290	4517.812	11783	0	280
2026.05.04	20:00:00	4517.683	4523.449	4511.578	4523.449	4698	0	280
2026.05.04	22:00:00	4522.483	4524.251	4515.446	4517.338	3314	0	280
2026.05.04	23:00:00	4517.260	4521.625	4516.259	4518.762	3493	0	280
2026.05.05	00:00:00	4519.109	4530.203	4513.429	4529.918	9447	0	280
2026.05.05	01:00:00	4529.829	4542.055	4525.236	4540.777	9706	0	280
2026.05.05	02:00:00	4540.838	4546.847	4534.568	4539.125	6893	0	280
2026.05.05	03:00:00	4538.928	4542.731	4532.278	4534.635	5440	0	280
2026.05.05	04:00:00	4534.598	4536.731	4527.964	4533.547	5812	0	280
2026.05.05	05:00:00	4533.485	4551.909	4531.222	4545.523	9461	0	280
2026.05.05	06:00:00	4545.590	4552.211	4533.856	4548.177	10051	0	280
2026.05.05	07:00:00	4548.235	4558.421	4543.274	4545.594	9167	0	280
2026.05.05	08:00:00	4545.543	4559.739	4545.303	4558.275	9203	0	280
2026.05.05	09:00:00	4558.342	4560.628	4550.936	4556.065	8492	0	280
2026.05.05	10:00:00	4556.123	4556.927	4540.044	4543.588	7435	0	280
2026.05.05	11:00:00	4543.518	4564.951	4539.679	4562.781	9203	0	280
2026.05.05	12:00:00	4562.515	4574.742	4554.254	4564.367	12246	0	280
2026.05.05	13:00:00	4564.512	4584.943	4564.383	4579.524	14976	0	280
2026.05.05	14:00:00	4579.619	4586.674	4565.794	4582.437	17167	0	280
2026.05.05	15:00:00	4582.574	4583.947	4568.264	4568.654	10434	0	280
2026.05.05	16:00:00	4568.599	4569.101	4553.611	4560.990	9415	0	280
2026.05.05	17:00:00	4561.005	4562.830	4553.157	4559.659	7683	0	280
2026.05.05	18:00:00	4559.716	4565.770	4557.397	4561.172	5336	0	280
2026.05.05	19:00:00	4560.933	4561.562	4551.605	4554.765	5525	0	280
2026.05.05	20:00:00	4554.727	4559.903	4553.857	4556.337	3723	0	280
2026.05.05	22:00:00	4554.889	4577.132	4546.187	4573.137	6724	0	280
2026.05.05	23:00:00	4573.193	4595.817	4569.460	4593.808	9171	0	280
2026.05.06	00:00:00	4593.736	4620.061	4588.304	4618.643	12865	0	280
2026.05.06	01:00:00	4618.581	4628.636	4609.326	4625.934	15244	0	280
2026.05.06	02:00:00	4625.878	4641.874	4625.182	4640.756	9376	0	280
2026.05.06	03:00:00	4640.402	4652.172	4638.379	4643.913	8854	0	280
2026.05.06	04:00:00	4643.840	4653.668	4643.387	4648.789	8173	0	280
2026.05.06	05:00:00	4649.146	4663.847	4644.434	4662.717	9281	0	280
2026.05.06	06:00:00	4662.781	4669.712	4657.002	4669.066	9910	0	280
2026.05.06	07:00:00	4669.123	4681.818	4657.488	4681.676	9938	0	280
2026.05.06	08:00:00	4681.336	4702.706	4671.478	4699.791	15209	0	280
2026.05.06	09:00:00	4699.850	4708.511	4688.657	4701.607	16719	0	280
2026.05.06	10:00:00	4701.675	4723.074	4695.218	4717.778	14655	0	280
2026.05.06	11:00:00	4717.705	4721.290	4690.663	4692.024	15403	0	280
2026.05.06	12:00:00	4692.146	4693.167	4660.036	4683.384	20337	0	280
2026.05.06	13:00:00	4683.027	4707.830	4668.542	4702.394	25157	0	280
2026.05.06	14:00:00	4702.190	4717.441	4697.311	4702.850	19936	0	280
2026.05.06	15:00:00	4702.793	4705.866	4687.503	4687.938	12695	0	280
2026.05.06	16:00:00	4687.872	4691.964	4679.322	4683.096	11141	0	280
2026.05.06	17:00:00	4682.867	4688.041	4678.728	4683.863	9045	0	280
2026.05.06	18:00:00	4683.911	4690.607	4681.786	4686.144	6456	0	280
2026.05.06	19:00:00	4686.213	4700.132	4685.960	4692.322	6967	0	280
2026.05.06	20:00:00	4692.256	4699.472	4685.013	4690.826	5017	0	280
2026.05.06	22:00:00	4693.119	4699.765	4689.231	4695.053	4418	0	280
2026.05.06	23:00:00	4694.991	4699.636	4690.031	4698.852	4469	0	280
2026.05.07	00:00:00	4699.014	4701.268	4685.426	4688.497	12192	0	280
2026.05.07	01:00:00	4688.557	4721.390	4685.116	4714.932	15222	0	280
2026.05.07	02:00:00	4714.895	4718.540	4699.700	4707.057	10714	0	280
2026.05.07	03:00:00	4707.286	4710.023	4698.864	4699.260	6737	0	280
2026.05.07	04:00:00	4699.198	4700.956	4692.163	4696.234	7571	0	280
2026.05.07	05:00:00	4696.509	4706.526	4694.701	4701.201	7725	0	280
2026.05.07	06:00:00	4701.258	4750.280	4701.217	4739.214	14189	0	280
2026.05.07	07:00:00	4739.274	4750.729	4731.387	4743.217	15400	0	280
2026.05.07	08:00:00	4743.294	4753.464	4730.816	4731.198	12224	0	280
2026.05.07	09:00:00	4731.346	4739.444	4721.544	4729.082	9957	0	280
2026.05.07	10:00:00	4728.714	4739.723	4726.494	4735.762	8408	0	280
2026.05.07	11:00:00	4735.835	4743.690	4727.069	4742.543	9377	0	280
2026.05.07	12:00:00	4742.788	4752.789	4733.207	4749.848	13044	0	280
2026.05.07	13:00:00	4749.928	4758.111	4730.992	4746.118	20540	0	280
2026.05.07	14:00:00	4746.191	4763.403	4740.881	4762.477	17094	0	280
2026.05.07	15:00:00	4762.539	4764.839	4726.066	4728.963	18855	0	280
2026.05.07	16:00:00	4729.023	4729.858	4704.268	4714.794	21467	0	280
2026.05.07	17:00:00	4714.852	4719.513	4687.331	4711.242	27631	0	280
2026.05.07	18:00:00	4711.314	4716.017	4695.500	4709.551	18376	0	280
2026.05.07	19:00:00	4709.619	4712.977	4697.591	4703.112	15233	0	280
2026.05.07	20:00:00	4703.174	4719.302	4686.284	4688.502	12365	0	280
2026.05.07	22:00:00	4688.865	4699.244	4681.725	4685.989	7919	0	280
2026.05.07	23:00:00	4685.853	4705.586	4684.460	4704.071	5188	0	280
2026.05.08	00:00:00	4704.003	4709.380	4693.871	4701.181	11705	0	280
2026.05.08	01:00:00	4701.109	4725.555	4700.285	4722.665	14782	0	280
2026.05.08	02:00:00	4722.722	4732.835	4706.756	4713.391	13100	0	280
2026.05.08	03:00:00	4713.334	4731.081	4710.887	4719.718	9152	0	280
2026.05.08	04:00:00	4719.776	4723.059	4708.738	4711.048	7587	0	280
2026.05.08	05:00:00	4711.204	4731.433	4709.461	4727.676	9506	0	280
2026.05.08	06:00:00	4727.280	4734.661	4712.735	4725.456	13301	0	280
2026.05.08	07:00:00	4725.548	4726.495	4697.069	4708.054	15750	0	280
2026.05.08	08:00:00	4708.056	4723.536	4706.596	4715.907	10086	0	280
2026.05.08	09:00:00	4715.496	4722.892	4707.353	4711.719	9304	0	280
2026.05.08	10:00:00	4711.662	4728.046	4711.040	4719.558	8143	0	280
2026.05.08	11:00:00	4719.629	4727.267	4713.616	4717.783	8424	0	280
2026.05.08	12:00:00	4717.734	4732.072	4702.579	4724.147	18154	0	280
2026.05.08	13:00:00	4724.462	4747.858	4716.322	4747.858	21605	0	280
2026.05.08	14:00:00	4748.007	4749.632	4713.150	4716.016	22043	0	280
2026.05.08	15:00:00	4715.733	4720.985	4701.760	4707.165	18094	0	280
2026.05.08	16:00:00	4707.051	4720.335	4705.538	4712.221	9327	0	280
2026.05.08	17:00:00	4712.158	4722.810	4712.156	4720.652	7290	0	280
2026.05.08	18:00:00	4720.647	4729.061	4719.867	4722.047	7330	0	280
2026.05.08	19:00:00	4721.961	4726.816	4720.991	4723.796	5862	0	280
2026.05.08	20:00:00	4723.865	4724.418	4714.336	4715.438	4524	0	280
2026.05.10	22:00:00	4691.978	4696.345	4678.844	4692.022	7583	0	280
2026.05.10	23:00:00	4691.956	4698.563	4688.828	4691.700	5627	0	280
2026.05.11	00:00:00	4691.639	4693.433	4669.916	4683.556	16236	0	280
2026.05.11	01:00:00	4683.624	4705.455	4674.364	4685.829	24216	0	280
2026.05.11	02:00:00	4685.755	4700.293	4676.705	4681.533	14635	0	280
2026.05.11	03:00:00	4681.455	4690.500	4674.773	4678.832	9619	0	280
2026.05.11	04:00:00	4678.538	4679.911	4668.285	4672.170	8188	0	280
2026.05.11	05:00:00	4672.141	4680.870	4648.113	4652.411	13242	0	280
2026.05.11	06:00:00	4652.469	4680.517	4649.240	4678.200	13363	0	280
2026.05.11	07:00:00	4678.274	4680.376	4664.224	4667.698	9749	0	280
2026.05.11	08:00:00	4667.786	4678.620	4664.065	4667.628	9714	0	280
2026.05.11	09:00:00	4667.687	4669.880	4650.292	4656.794	9370	0	280
2026.05.11	10:00:00	4656.715	4667.195	4656.153	4663.735	7867	0	280
2026.05.11	11:00:00	4663.798	4677.327	4663.798	4674.334	8183	0	280
2026.05.11	12:00:00	4674.641	4701.177	4667.363	4699.678	17866	0	280
2026.05.11	13:00:00	4699.740	4748.628	4698.420	4736.385	25673	0	280
2026.05.11	14:00:00	4736.326	4738.677	4714.993	4725.671	19061	0	280
2026.05.11	15:00:00	4725.606	4738.212	4722.727	4731.836	11831	0	280
2026.05.11	16:00:00	4732.278	4733.584	4707.710	4716.292	11769	0	280
2026.05.11	17:00:00	4716.216	4724.573	4715.802	4723.467	7367	0	280
2026.05.11	18:00:00	4723.528	4729.434	4720.712	4725.055	6258	0	280
2026.05.11	19:00:00	4725.122	4736.416	4722.268	4733.362	6363	0	280
2026.05.11	20:00:00	4733.289	4738.587	4729.680	4735.189	4211	0	280
2026.05.11	22:00:00	4739.492	4755.134	4737.465	4750.715	5023	0	280
2026.05.11	23:00:00	4750.931	4770.079	4745.885	4767.605	6736	0	280
2026.05.12	00:00:00	4767.229	4773.670	4748.417	4749.036	14512	0	280
2026.05.12	01:00:00	4749.411	4755.434	4720.047	4727.206	21943	0	280
2026.05.12	02:00:00	4727.139	4733.825	4722.037	4730.235	13404	0	280
2026.05.12	03:00:00	4729.860	4733.207	4717.934	4720.311	8969	0	280
2026.05.12	04:00:00	4720.289	4730.338	4711.074	4714.242	8133	0	280
2026.05.12	05:00:00	4714.148	4722.160	4708.696	4714.426	12448	0	280
2026.05.12	06:00:00	4714.156	4714.413	4694.217	4696.880	14540	0	280
2026.05.12	07:00:00	4696.806	4703.649	4686.501	4699.941	11312	0	280
2026.05.12	08:00:00	4699.878	4706.601	4696.835	4703.559	9014	0	280
2026.05.12	09:00:00	4703.501	4705.273	4694.215	4699.288	8968	0	280
2026.05.12	10:00:00	4699.384	4708.495	4685.122	4694.504	9901	0	280
2026.05.12	11:00:00	4694.278	4709.385	4686.955	4706.748	10297	0	280
2026.05.12	12:00:00	4706.816	4711.693	4689.413	4705.532	16025	0	280
2026.05.12	13:00:00	4705.478	4709.008	4676.796	4679.429	23947	0	280
2026.05.12	14:00:00	4679.363	4695.099	4669.141	4672.974	21849	0	280
2026.05.12	15:00:00	4673.002	4676.068	4638.000	4666.186	23072	0	280
2026.05.12	16:00:00	4665.950	4675.141	4664.019	4670.950	10504	0	280
2026.05.12	17:00:00	4671.008	4682.390	4671.008	4678.943	9082	0	280
2026.05.12	18:00:00	4679.000	4698.254	4676.103	4696.120	9647	0	280
2026.05.12	19:00:00	4696.197	4715.890	4696.197	4715.644	7261	0	280
2026.05.12	20:00:00	4715.737	4719.491	4712.111	4715.175	4690	0	280
2026.05.12	22:00:00	4716.940	4722.252	4711.543	4717.119	4979	0	280
2026.05.12	23:00:00	4717.070	4723.787	4715.233	4716.708	6425	0	280
2026.05.13	00:00:00	4716.951	4727.063	4713.688	4714.665	11741	0	280
2026.05.13	01:00:00	4714.522	4717.015	4701.025	4702.599	14472	0	280
2026.05.13	02:00:00	4702.235	4707.428	4687.654	4691.971	10392	0	280
2026.05.13	03:00:00	4691.717	4705.932	4688.954	4695.913	7793	0	280
2026.05.13	04:00:00	4695.765	4703.468	4695.390	4699.526	6239	0	280
2026.05.13	05:00:00	4699.593	4707.337	4693.452	4704.018	9838	0	280
2026.05.13	06:00:00	4704.178	4715.210	4699.064	4701.688	10207	0	280
2026.05.13	07:00:00	4701.752	4708.891	4696.801	4702.959	8987	0	280
2026.05.13	08:00:00	4702.899	4704.341	4694.458	4700.557	8085	0	280
2026.05.13	09:00:00	4700.496	4701.880	4685.868	4700.708	8542	0	280
2026.05.13	10:00:00	4700.772	4710.533	4693.678	4693.908	8515	0	280
2026.05.13	11:00:00	4694.273	4705.409	4691.386	4697.220	8431	0	280
2026.05.13	12:00:00	4697.267	4701.484	4675.873	4683.861	16469	0	280
2026.05.13	13:00:00	4683.800	4694.733	4669.375	4679.450	17996	0	280
2026.05.13	14:00:00	4679.509	4691.024	4672.746	4679.905	15392	0	280
2026.05.13	15:00:00	4679.963	4700.199	4678.739	4695.314	11170	0	280
2026.05.13	16:00:00	4695.398	4710.009	4694.789	4695.746	10065	0	280
2026.05.13	17:00:00	4695.802	4701.362	4684.502	4685.654	8274	0	280
2026.05.13	18:00:00	4685.722	4693.984	4677.414	4684.771	7719	0	280
2026.05.13	19:00:00	4684.828	4690.564	4683.202	4688.076	6106	0	280
2026.05.13	20:00:00	4688.179	4693.576	4685.827	4688.835	3760	0	280
2026.05.13	22:00:00	4691.695	4700.677	4688.909	4700.229	3782	0	280
2026.05.13	23:00:00	4700.165	4702.295	4693.074	4696.703	3904	0	280
2026.05.14	00:00:00	4696.362	4706.864	4689.478	4705.146	9736	0	280
2026.05.14	01:00:00	4705.067	4706.999	4683.329	4688.563	20051	0	280
2026.05.14	02:00:00	4688.626	4699.717	4679.924	4686.469	12243	0	280
2026.05.14	03:00:00	4686.556	4693.190	4673.861	4674.818	11308	0	280
2026.05.14	04:00:00	4674.904	4712.830	4667.920	4702.542	11395	0	280
2026.05.14	05:00:00	4702.613	4704.202	4689.068	4689.916	11238	0	280
2026.05.14	06:00:00	4689.884	4702.331	4685.941	4700.067	10359	0	280
2026.05.14	07:00:00	4699.980	4718.899	4690.505	4693.231	13177	0	280
2026.05.14	08:00:00	4693.294	4706.496	4691.904	4693.407	10327	0	280
2026.05.14	09:00:00	4693.478	4702.411	4688.379	4699.610	9490	0	280
2026.05.14	10:00:00	4699.389	4705.210	4691.067	4696.739	9012	0	280
2026.05.14	11:00:00	4696.806	4704.807	4689.164	4694.403	8942	0	280
2026.05.14	12:00:00	4694.081	4709.999	4692.214	4704.912	12590	0	280
2026.05.14	13:00:00	4704.650	4707.829	4666.487	4679.724	25542	0	280
2026.05.14	14:00:00	4679.663	4700.967	4677.569	4679.652	18166	0	280
2026.05.14	15:00:00	4679.596	4689.376	4676.772	4685.998	10999	0	280
2026.05.14	16:00:00	4685.643	4686.987	4670.205	4678.650	9412	0	280
2026.05.14	17:00:00	4678.707	4683.102	4676.282	4678.342	7760	0	280
2026.05.14	18:00:00	4678.399	4678.565	4666.921	4671.433	7621	0	280
2026.05.14	19:00:00	4671.491	4671.899	4653.009	4654.345	7888	0	280
2026.05.14	20:00:00	4654.126	4657.358	4644.205	4651.360	5362	0	280
2026.05.14	22:00:00	4651.777	4662.753	4646.893	4662.218	4776	0	280
2026.05.14	23:00:00	4662.516	4665.346	4646.600	4652.342	7072	0	280
2026.05.15	00:00:00	4652.418	4658.214	4613.272	4629.982	22086	0	280
2026.05.15	01:00:00	4629.922	4631.443	4607.047	4613.930	31473	0	280
2026.05.15	02:00:00	4613.888	4623.194	4609.182	4618.244	16387	0	280
2026.05.15	03:00:00	4618.150	4622.105	4607.348	4615.302	10129	0	280
2026.05.15	04:00:00	4615.351	4621.759	4604.286	4605.799	9274	0	280
2026.05.15	05:00:00	4606.027	4606.605	4556.592	4558.876	27379	0	280
2026.05.15	06:00:00	4558.436	4580.612	4556.183	4569.577	22809	0	280
2026.05.15	07:00:00	4569.637	4588.605	4566.002	4570.632	16676	0	280
2026.05.15	08:00:00	4570.622	4572.022	4549.845	4554.521	18561	0	280
2026.05.15	09:00:00	4554.435	4563.876	4531.736	4545.880	19268	0	280
2026.05.15	10:00:00	4545.806	4572.570	4543.965	4566.240	18871	0	280
2026.05.15	11:00:00	4566.172	4570.078	4549.859	4552.103	14337	0	280
2026.05.15	12:00:00	4552.072	4558.877	4543.575	4545.780	16656	0	280
2026.05.15	13:00:00	4545.983	4557.724	4511.187	4533.564	33661	0	280
2026.05.15	14:00:00	4533.506	4566.453	4525.488	4562.789	31707	0	280
2026.05.15	15:00:00	4562.857	4563.685	4533.708	4539.793	19800	0	280
2026.05.15	16:00:00	4539.848	4548.059	4529.330	4544.221	12138	0	280
2026.05.15	17:00:00	4544.163	4564.449	4543.264	4559.599	11282	0	280
2026.05.15	18:00:00	4559.663	4563.100	4552.192	4559.277	8134	0	280
2026.05.15	19:00:00	4559.157	4560.279	4545.001	4545.956	7768	0	280
2026.05.15	20:00:00	4545.892	4546.461	4532.966	4539.780	7448	0	280
2026.05.17	22:00:00	4538.378	4554.829	4538.084	4546.297	8519	0	280
2026.05.17	23:00:00	4546.309	4548.080	4531.807	4537.205	10823	0	280
2026.05.18	00:00:00	4536.979	4542.493	4480.279	4515.724	36400	0	280
2026.05.18	01:00:00	4515.784	4535.660	4489.250	4525.444	42169	0	280
2026.05.18	02:00:00	4525.481	4543.014	4522.069	4533.535	19016	0	280
2026.05.18	03:00:00	4533.594	4547.989	4525.126	4541.049	17260	0	280
2026.05.18	04:00:00	4541.280	4549.991	4530.170	4540.426	14704	0	280
2026.05.18	05:00:00	4540.564	4552.181	4530.007	4531.075	18435	0	280
2026.05.18	06:00:00	4530.905	4547.991	4529.671	4546.556	17423	0	280
2026.05.18	07:00:00	4546.625	4560.059	4538.455	4546.084	16256	0	280
2026.05.18	08:00:00	4546.029	4556.957	4542.294	4549.767	10994	0	280
2026.05.18	09:00:00	4549.996	4552.013	4540.037	4543.134	9894	0	280
2026.05.18	10:00:00	4542.815	4547.787	4532.043	4540.064	10197	0	280
2026.05.18	11:00:00	4540.276	4567.048	4529.725	4550.705	23051	0	280
2026.05.18	12:00:00	4550.771	4574.933	4545.114	4571.105	21509	0	280
2026.05.18	13:00:00	4571.186	4584.359	4561.625	4575.757	27200	0	280
2026.05.18	14:00:00	4575.685	4575.685	4537.696	4546.322	29371	0	280
2026.05.18	15:00:00	4546.413	4547.912	4531.523	4543.467	21983	0	280
2026.05.18	16:00:00	4543.752	4554.449	4533.978	4550.239	14149	0	280
2026.05.18	17:00:00	4550.181	4558.298	4545.407	4546.850	9156	0	280
2026.05.18	18:00:00	4547.101	4547.874	4534.130	4535.844	8841	0	280
2026.05.18	19:00:00	4535.660	4565.024	4535.157	4558.443	21984	0	280
2026.05.18	20:00:00	4558.500	4566.777	4557.672	4566.314	5292	0	280
2026.05.18	22:00:00	4570.385	4578.161	4567.328	4573.696	4250	0	280
2026.05.18	23:00:00	4573.930	4588.991	4573.623	4581.876	5567	0	280
2026.05.19	00:00:00	4581.940	4589.387	4561.099	4563.403	15885	0	280
2026.05.19	01:00:00	4563.321	4572.270	4553.901	4563.693	18822	0	280
2026.05.19	02:00:00	4563.577	4563.730	4545.909	4546.952	14894	0	280
2026.05.19	03:00:00	4547.142	4554.907	4543.495	4545.050	10370	0	280
2026.05.19	04:00:00	4544.978	4545.837	4538.009	4542.411	9131	0	280
2026.05.19	05:00:00	4542.483	4546.518	4530.671	4540.928	15148	0	280
2026.05.19	06:00:00	4540.755	4553.718	4533.403	4547.902	14163	0	280
2026.05.19	07:00:00	4547.957	4559.275	4541.229	4556.962	13319	0	280
2026.05.19	08:00:00	4557.035	4559.165	4536.226	4542.872	11280	0	280
2026.05.19	09:00:00	4542.593	4546.944	4535.954	4541.871	11397	0	280
2026.05.19	10:00:00	4541.850	4544.785	4525.457	4544.785	12945	0	280
2026.05.19	11:00:00	4544.427	4547.918	4529.817	4530.799	11961	0	280
2026.05.19	12:00:00	4530.854	4547.051	4527.218	4537.194	13321	0	280
2026.05.19	13:00:00	4537.248	4537.401	4464.470	4503.471	48064	0	280
2026.05.19	14:00:00	4503.617	4514.274	4484.300	4493.930	37417	0	280
2026.05.19	15:00:00	4493.875	4509.146	4489.571	4508.243	19659	0	280
2026.05.19	16:00:00	4508.600	4512.505	4495.975	4507.832	10478	0	280
2026.05.19	17:00:00	4507.763	4511.009	4498.931	4500.953	8906	0	280
2026.05.19	18:00:00	4501.024	4503.791	4490.104	4493.731	8522	0	280
2026.05.19	19:00:00	4493.677	4497.730	4481.085	4483.512	8251	0	280
2026.05.19	20:00:00	4483.398	4488.156	4480.822	4482.016	4841	0	280
2026.05.19	22:00:00	4481.914	4485.936	4477.354	4484.174	4925	0	280
2026.05.19	23:00:00	4484.098	4496.187	4480.053	4489.466	6503	0	280
2026.05.20	00:00:00	4489.410	4509.035	4479.556	4500.804	21918	0	280
2026.05.20	01:00:00	4500.866	4506.141	4456.064	4481.213	30524	0	280
2026.05.20	02:00:00	4481.310	4487.039	4458.515	4465.174	21541	0	280
2026.05.20	03:00:00	4465.107	4467.477	4453.413	4463.556	15912	0	280
2026.05.20	04:00:00	4463.501	4470.577	4456.495	4462.099	11262	0	280
2026.05.20	05:00:00	4461.990	4478.971	4461.619	4472.546	14586	0	280
2026.05.20	06:00:00	4472.439	4478.527	4461.276	4474.131	17326	0	280
2026.05.20	07:00:00	4474.077	4485.964	4472.035	4478.487	13723	0	280
2026.05.20	08:00:00	4478.443	4490.354	4476.554	4484.151	14803	0	280
2026.05.20	09:00:00	4484.176	4491.234	4472.527	4485.023	10013	0	280
2026.05.20	10:00:00	4484.963	4497.197	4484.521	4494.526	8725	0	280
2026.05.20	11:00:00	4494.424	4501.200	4490.747	4498.932	9240	0	280
2026.05.20	12:00:00	4498.910	4505.445	4493.017	4496.038	11366	0	280
2026.05.20	13:00:00	4496.274	4506.171	4481.922	4483.202	22094	0	280
2026.05.20	14:00:00	4483.259	4537.232	4466.963	4531.075	46989	0	280
2026.05.20	15:00:00	4531.011	4553.080	4523.178	4529.191	31301	0	280
2026.05.20	16:00:00	4529.251	4535.652	4523.929	4534.312	12212	0	280
2026.05.20	17:00:00	4534.367	4538.373	4529.697	4531.126	9832	0	280
2026.05.20	18:00:00	4531.228	4545.134	4529.348	4542.453	7826	0	280
2026.05.20	19:00:00	4542.509	4550.429	4541.486	4545.865	7039	0	280
2026.05.20	20:00:00	4545.810	4550.410	4542.086	4543.926	6288	0	280
2026.05.20	22:00:00	4547.708	4547.708	4535.245	4540.242	6021	0	280
2026.05.20	23:00:00	4540.209	4546.948	4534.749	4546.335	5185	0	280
2026.05.21	00:00:00	4546.386	4553.474	4537.077	4545.303	13446	0	280
2026.05.21	01:00:00	4545.358	4570.961	4539.759	4561.155	18687	0	280
2026.05.21	02:00:00	4561.215	4564.727	4531.327	4533.101	14530	0	280
2026.05.21	03:00:00	4533.207	4540.099	4527.066	4528.079	8974	0	280
2026.05.21	04:00:00	4528.317	4540.687	4527.347	4538.253	6753	0	280
2026.05.21	05:00:00	4538.606	4540.411	4518.164	4527.890	12750	0	280
2026.05.21	06:00:00	4527.995	4539.874	4518.734	4521.592	14357	0	280
2026.05.21	07:00:00	4521.303	4524.288	4511.602	4519.756	11255	0	280
2026.05.21	08:00:00	4519.875	4536.880	4518.349	4532.294	14304	0	280
2026.05.21	09:00:00	4532.163	4543.030	4528.069	4530.770	11095	0	280
2026.05.21	10:00:00	4530.417	4535.352	4504.730	4511.733	24425	0	280
2026.05.21	11:00:00	4511.812	4521.365	4507.915	4513.932	12947	0	280
2026.05.21	12:00:00	4514.012	4519.089	4501.986	4504.137	17184	0	280
2026.05.21	13:00:00	4503.864	4521.122	4488.395	4513.055	30944	0	280
2026.05.21	14:00:00	4513.250	4515.434	4497.981	4508.625	25047	0	280
2026.05.21	15:00:00	4508.545	4515.722	4496.574	4511.694	19276	0	280
2026.05.21	16:00:00	4512.045	4520.691	4511.807	4519.301	11898	0	280
2026.05.21	17:00:00	4519.369	4559.333	4514.007	4551.550	28094	0	280
2026.05.21	18:00:00	4551.486	4556.144	4527.387	4531.719	21007	0	280
2026.05.21	19:00:00	4531.778	4543.861	4529.573	4542.919	11916	0	280
2026.05.21	20:00:00	4543.005	4544.913	4539.766	4542.719	4422	0	280
2026.05.21	22:00:00	4543.200	4546.004	4539.668	4543.474	3780	0	280
2026.05.21	23:00:00	4543.124	4545.214	4532.425	4535.313	4577	0	280
2026.05.22	00:00:00	4535.552	4540.970	4525.574	4526.916	10391	0	280
2026.05.22	01:00:00	4526.617	4536.459	4520.864	4526.164	16306	0	280
2026.05.22	02:00:00	4526.342	4529.492	4518.558	4522.840	9905	0	280
2026.05.22	03:00:00	4522.897	4529.846	4519.128	4529.318	7674	0	280
2026.05.22	04:00:00	4529.375	4533.051	4525.469	4527.359	6029	0	280
2026.05.22	05:00:00	4527.297	4534.312	4507.212	4511.170	11021	0	280
2026.05.22	06:00:00	4511.292	4529.052	4510.091	4526.711	13285	0	280
2026.05.22	07:00:00	4526.604	4527.469	4516.061	4521.774	9497	0	280
2026.05.22	08:00:00	4521.848	4531.211	4517.104	4521.765	10990	0	280
2026.05.22	09:00:00	4521.997	4536.097	4514.850	4532.341	9642	0	280
2026.05.22	10:00:00	4532.397	4536.865	4510.073	4514.496	10376	0	280
2026.05.22	11:00:00	4514.724	4525.103	4511.390	4520.733	8443	0	280
2026.05.22	12:00:00	4520.654	4535.894	4514.912	4528.069	16236	0	280
2026.05.22	13:00:00	4528.292	4534.305	4510.192	4513.619	22168	0	280
2026.05.22	14:00:00	4513.670	4513.965	4491.552	4500.644	24277	0	280
2026.05.22	15:00:00	4500.783	4522.356	4500.135	4520.170	12355	0	280
2026.05.22	16:00:00	4519.820	4526.883	4512.207	4514.753	9242	0	280
2026.05.22	17:00:00	4514.815	4527.949	4513.259	4519.296	12079	0	280
2026.05.22	18:00:00	4519.351	4520.233	4511.525	4515.160	7178	0	280
2026.05.22	19:00:00	4515.038	4515.669	4504.171	4508.362	8745	0	280
2026.05.22	20:00:00	4508.168	4510.296	4504.350	4507.776	5243	0	280
2026.05.24	22:00:00	4545.401	4565.547	4543.344	4564.852	9434	0	280
2026.05.24	23:00:00	4565.090	4580.002	4565.010	4567.197	6370	0	280
2026.05.25	00:00:00	4567.140	4579.788	4566.065	4569.437	11243	0	280
2026.05.25	01:00:00	4569.495	4576.401	4560.066	4562.931	16075	0	280
2026.05.25	02:00:00	4562.582	4570.286	4558.699	4561.164	10005	0	280
2026.05.25	03:00:00	4561.514	4564.500	4556.487	4559.879	7980	0	280
2026.05.25	04:00:00	4559.806	4566.058	4559.295	4564.702	5972	0	280
2026.05.25	05:00:00	4564.647	4566.184	4551.909	4553.633	7739	0	280
2026.05.25	06:00:00	4553.577	4563.374	4550.334	4562.306	8276	0	280
2026.05.25	07:00:00	4562.362	4565.198	4552.363	4564.594	9872	0	280
2026.05.25	08:00:00	4564.594	4565.072	4553.193	4556.245	6296	0	280
2026.05.25	09:00:00	4555.939	4569.007	4554.841	4567.454	5771	0	280
2026.05.25	10:00:00	4567.517	4573.723	4567.419	4568.772	5846	0	280
2026.05.25	11:00:00	4568.832	4576.975	4567.539	4569.541	5926	0	280
2026.05.25	12:00:00	4569.484	4570.031	4552.742	4567.806	10030	0	280
2026.05.25	13:00:00	4567.861	4571.380	4560.013	4563.319	8115	0	280
2026.05.25	14:00:00	4562.955	4570.595	4562.286	4566.989	6753	0	280
2026.05.25	15:00:00	4566.708	4574.727	4565.437	4570.971	7853	0	280
2026.05.25	16:00:00	4571.015	4574.409	4567.839	4573.348	4622	0	280
2026.05.25	17:00:00	4573.577	4578.145	4563.218	4565.216	5238	0	280
2026.05.25	18:00:00	4565.219	4571.282	4564.339	4570.586	2238	0	280
2026.05.25	22:00:00	4571.428	4576.575	4569.505	4574.754	4256	0	280
2026.05.25	23:00:00	4575.048	4580.318	4555.005	4559.708	6975	0	280
2026.05.26	00:00:00	4559.705	4560.256	4539.416	4549.417	14318	0	280
2026.05.26	01:00:00	4549.493	4550.198	4527.738	4536.824	16523	0	280
2026.05.26	02:00:00	4536.768	4539.571	4529.824	4532.425	7628	0	280
2026.05.26	03:00:00	4532.368	4545.350	4532.006	4542.451	6061	0	280
2026.05.26	04:00:00	4542.112	4543.122	4523.366	4525.604	6656	0	280
2026.05.26	05:00:00	4525.244	4535.029	4522.729	4527.145	8702	0	280
2026.05.26	06:00:00	4527.371	4536.306	4526.838	4531.114	9305	0	280
2026.05.26	07:00:00	4531.174	4539.014	4521.535	4538.037	12079	0	280
2026.05.26	08:00:00	4538.122	4538.783	4519.884	4523.741	9616	0	280
2026.05.26	09:00:00	4523.913	4526.506	4511.984	4522.704	10124	0	280
2026.05.26	10:00:00	4522.623	4540.654	4519.298	4534.578	11050	0	280
2026.05.26	11:00:00	4534.679	4536.216	4503.467	4507.170	15990	0	280
2026.05.26	12:00:00	4507.148	4523.815	4500.543	4520.217	16540	0	280
2026.05.26	13:00:00	4520.158	4531.308	4512.348	4514.221	19129	0	280
2026.05.26	14:00:00	4514.202	4525.083	4507.671	4515.173	14249	0	280
2026.05.26	15:00:00	4515.229	4515.651	4502.152	4506.601	14588	0	280
2026.05.26	16:00:00	4506.673	4511.414	4499.513	4505.028	8905	0	280
2026.05.26	17:00:00	4504.989	4507.592	4489.755	4491.223	8298	0	280
2026.05.26	18:00:00	4491.041	4499.555	4482.193	4499.069	7966	0	280
2026.05.26	19:00:00	4499.443	4509.795	4497.506	4508.776	6316	0	280
2026.05.26	20:00:00	4509.013	4510.877	4503.996	4507.142	3938	0	280
2026.05.26	22:00:00	4507.895	4512.480	4497.984	4511.103	8317	0	280
2026.05.26	23:00:00	4510.918	4527.887	4504.354	4519.748	6847	0	280
2026.05.27	00:00:00	4519.688	4525.746	4513.940	4515.244	9634	0	280
2026.05.27	01:00:00	4515.189	4521.127	4506.784	4507.989	11757	0	280
2026.05.27	02:00:00	4508.062	4509.458	4497.935	4505.573	8554	0	280
2026.05.27	03:00:00	4505.538	4511.867	4496.726	4497.191	6502	0	280
2026.05.27	04:00:00	4496.920	4517.123	4495.692	4510.376	7064	0	280
2026.05.27	05:00:00	4510.318	4513.738	4491.565	4497.703	14303	0	280
2026.05.27	06:00:00	4497.387	4499.205	4479.826	4485.349	14163	0	280
2026.05.27	07:00:00	4485.407	4489.020	4475.667	4482.099	10486	0	280
2026.05.27	08:00:00	4481.833	4498.618	4480.980	4497.844	8964	0	280
2026.05.27	09:00:00	4497.598	4497.598	4487.026	4490.270	7071	0	280
2026.05.27	10:00:00	4490.025	4490.811	4442.539	4445.601	18676	0	280
2026.05.27	11:00:00	4445.974	4453.190	4424.714	4428.501	17951	0	280
2026.05.27	12:00:00	4428.325	4466.526	4427.297	4438.689	27428	0	280
2026.05.27	13:00:00	4438.668	4439.167	4401.200	4427.181	39335	0	280
2026.05.27	14:00:00	4427.240	4455.517	4425.845	4434.084	26801	0	280
2026.05.27	15:00:00	4434.027	4441.362	4428.106	4436.313	13453	0	280
2026.05.27	16:00:00	4436.368	4453.203	4434.005	4450.574	8052	0	280
2026.05.27	17:00:00	4450.891	4454.439	4441.397	4450.367	8614	0	280
2026.05.27	18:00:00	4450.422	4458.433	4447.768	4454.486	5379	0	280
2026.05.27	19:00:00	4454.180	4454.888	4448.734	4451.040	5382	0	280
2026.05.27	20:00:00	4451.097	4458.906	4450.140	4456.173	3387	0	280
2026.05.27	22:00:00	4462.406	4465.135	4455.208	4457.270	4445	0	280
2026.05.27	23:00:00	4457.093	4457.516	4443.653	4447.155	5896	0	280
2026.05.28	00:00:00	4446.919	4457.937	4443.260	4456.867	11236	0	280
2026.05.28	01:00:00	4456.807	4458.918	4406.791	4409.796	20857	0	280
2026.05.28	02:00:00	4409.851	4412.600	4392.436	4394.454	15494	0	280
2026.05.28	03:00:00	4394.263	4397.927	4368.291	4374.683	17085	0	280
2026.05.28	04:00:00	4374.619	4382.165	4366.246	4372.883	13552	0	280
2026.05.28	05:00:00	4372.940	4395.745	4367.002	4388.085	14774	0	280
2026.05.28	06:00:00	4387.932	4390.594	4374.133	4383.654	11951	0	280
2026.05.28	07:00:00	4383.501	4396.474	4382.533	4387.581	10735	0	280
2026.05.28	08:00:00	4387.594	4394.994	4385.772	4387.088	9609	0	280
2026.05.28	09:00:00	4386.966	4398.924	4386.352	4393.676	9327	0	280
2026.05.28	10:00:00	4393.750	4404.217	4374.929	4382.821	11750	0	280
2026.05.28	11:00:00	4383.054	4390.544	4380.660	4387.602	10801	0	280
2026.05.28	12:00:00	4387.694	4433.931	4379.423	4431.976	16296	0	280
2026.05.28	13:00:00	4432.033	4439.136	4418.012	4430.337	24285	0	280
2026.05.28	14:00:00	4430.255	4480.604	4420.748	4469.131	46518	0	280
2026.05.28	15:00:00	4469.203	4484.964	4468.498	4482.076	16242	0	280
2026.05.28	16:00:00	4482.443	4511.090	4477.579	4511.090	13883	0	280
2026.05.28	17:00:00	4510.798	4514.680	4500.517	4508.703	8783	0	280
2026.05.28	18:00:00	4508.950	4516.547	4498.456	4501.079	8360	0	280
2026.05.28	19:00:00	4501.183	4503.860	4497.311	4498.042	6266	0	280
2026.05.28	20:00:00	4497.973	4500.719	4494.803	4496.496	4406	0	280
2026.05.28	22:00:00	4497.169	4499.273	4490.640	4491.109	3778	0	280
2026.05.28	23:00:00	4491.165	4496.969	4488.970	4494.988	5155	0	280
2026.05.29	00:00:00	4495.156	4500.701	4492.034	4496.274	10122	0	280
2026.05.29	01:00:00	4496.040	4520.813	4492.209	4506.361	15477	0	280
2026.05.29	02:00:00	4506.425	4511.150	4498.270	4501.610	9269	0	280
2026.05.29	03:00:00	4501.828	4502.119	4494.640	4501.133	8695	0	280
2026.05.29	04:00:00	4501.361	4514.776	4500.877	4514.047	7064	0	280
2026.05.29	05:00:00	4514.217	4515.909	4502.407	4515.007	8337	0	280
2026.05.29	06:00:00	4514.771	4524.083	4509.875	4523.537	12269	0	280
2026.05.29	07:00:00	4523.768	4526.196	4510.753	4524.501	10086	0	280
2026.05.29	08:00:00	4524.715	4524.715	4509.903	4514.716	8754	0	280
2026.05.29	09:00:00	4514.790	4539.763	4513.125	4531.207	10191	0	280
2026.05.29	10:00:00	4531.211	4543.432	4525.488	4538.388	8772	0	280
2026.05.29	11:00:00	4538.614	4540.538	4525.807	4538.213	9857	0	280
2026.05.29	12:00:00	4538.278	4538.546	4512.523	4522.857	13005	0	280
2026.05.29	13:00:00	4522.915	4540.844	4515.043	4536.824	17770	0	280
2026.05.29	14:00:00	4536.699	4570.499	4525.135	4564.305	31212	0	280
2026.05.29	15:00:00	4564.250	4595.203	4557.679	4571.217	30847	0	280
2026.05.29	16:00:00	4571.282	4573.474	4559.655	4566.776	12132	0	280
2026.05.29	17:00:00	4566.836	4568.637	4551.459	4553.388	8639	0	280
2026.05.29	18:00:00	4553.619	4561.565	4550.599	4553.430	8156	0	280
2026.05.29	19:00:00	4553.369	4559.964	4542.835	4545.663	7377	0	280
2026.05.29	20:00:00	4545.607	4549.016	4539.409	4540.377	5277	0	280
2026.05.31	22:00:00	4521.226	4540.225	4518.372	4535.438	7116	0	280
2026.05.31	23:00:00	4535.207	4545.754	4534.943	4539.362	6219	0	280
2026.06.01	00:00:00	4539.423	4546.173	4535.253	4540.617	10171	0	280
2026.06.01	01:00:00	4540.561	4541.171	4523.540	4525.627	13809	0	280
2026.06.01	02:00:00	4525.601	4534.708	4521.025	4521.531	9740	0	280
2026.06.01	03:00:00	4521.470	4525.300	4509.757	4516.152	9007	0	280
2026.06.01	04:00:00	4516.109	4519.489	4508.255	4514.534	6221	0	280
2026.06.01	05:00:00	4514.296	4525.206	4512.559	4518.347	8707	0	280
2026.06.01	06:00:00	4518.287	4518.840	4500.178	4501.616	11860	0	280
2026.06.01	07:00:00	4501.493	4509.996	4492.421	4503.038	10252	0	280
2026.06.01	08:00:00	4502.849	4504.255	4490.216	4497.842	10063	0	280
2026.06.01	09:00:00	4497.954	4506.315	4489.139	4496.132	9552	0	280
2026.06.01	10:00:00	4495.906	4511.028	4495.906	4503.783	7684	0	280
2026.06.01	11:00:00	4504.019	4512.963	4499.727	4505.690	7766	0	280
2026.06.01	12:00:00	4505.634	4510.538	4497.385	4502.252	12084	0	280
2026.06.01	13:00:00	4502.319	4503.917	4448.434	4450.233	41872	0	280
2026.06.01	14:00:00	4450.377	4464.922	4447.515	4458.469	20251	0	280
2026.06.01	15:00:00	4458.574	4479.840	4455.127	4474.026	15263	0	280
2026.06.01	16:00:00	4474.141	4482.261	4462.823	4479.913	9739	0	280
2026.06.01	17:00:00	4479.844	4495.463	4471.374	4487.616	12112	0	280
2026.06.01	18:00:00	4487.625	4490.182	4484.705	4486.688	5036	0	280
2026.06.01	19:00:00	4486.722	4488.333	4479.042	4481.242	5500	0	280
2026.06.01	20:00:00	4481.297	4485.978	4480.228	4484.145	3891	0	280
2026.06.01	22:00:00	4486.595	4486.944	4479.758	4485.443	3409	0	280
2026.06.01	23:00:00	4485.535	4488.352	4479.289	4484.289	4371	0	280
2026.06.02	00:00:00	4484.487	4497.155	4476.614	4481.212	11654	0	280
2026.06.02	01:00:00	4481.092	4492.437	4462.676	4474.186	21042	0	280
2026.06.02	02:00:00	4474.195	4486.579	4472.141	4485.803	11219	0	280
2026.06.02	03:00:00	4485.865	4499.462	4485.576	4499.138	9508	0	280
2026.06.02	04:00:00	4499.115	4518.393	4497.571	4517.209	7988	0	280
2026.06.02	05:00:00	4517.154	4528.420	4515.052	4517.117	10568	0	280
2026.06.02	06:00:00	4517.058	4538.480	4516.758	4535.570	10860	0	280
2026.06.02	07:00:00	4535.509	4541.609	4527.780	4535.199	8888	0	280
2026.06.02	08:00:00	4534.849	4539.301	4525.830	4526.857	8332	0	280
2026.06.02	09:00:00	4526.849	4535.811	4521.335	4529.678	8326	0	280
2026.06.02	10:00:00	4529.762	4533.817	4524.642	4532.931	6003	0	280
2026.06.02	11:00:00	4532.993	4534.686	4525.428	4527.617	6007	0	280
2026.06.02	12:00:00	4527.674	4533.885	4513.332	4514.813	10725	0	280
2026.06.02	13:00:00	4514.868	4524.891	4502.922	4502.922	17040	0	280
2026.06.02	14:00:00	4502.841	4506.921	4490.068	4503.908	14342	0	280
2026.06.02	15:00:00	4503.963	4508.606	4500.006	4502.172	10248	0	280
2026.06.02	16:00:00	4502.187	4502.960	4486.231	4491.962	8423	0	280
2026.06.02	17:00:00	4491.729	4493.202	4482.074	4484.480	7788	0	280
2026.06.02	18:00:00	4484.834	4490.948	4478.519	4487.228	6378	0	280
2026.06.02	19:00:00	4487.271	4490.241	4483.360	4487.900	5130	0	280
2026.06.02	20:00:00	4487.841	4491.038	4486.149	4488.381	3414	0	280
2026.06.02	22:00:00	4490.391	4493.117	4484.236	4485.068	5083	0	280
2026.06.02	23:00:00	4485.005	4488.570	4462.278	4474.199	11217	0	280
2026.06.03	00:00:00	4474.127	4496.745	4473.664	4486.214	9357	0	280
2026.06.03	01:00:00	4486.154	4487.793	4463.171	4475.605	16743	0	280
2026.06.03	02:00:00	4475.591	4485.221	4472.701	4481.795	9300	0	280
2026.06.03	03:00:00	4481.755	4487.783	4481.755	4484.191	6618	0	280
2026.06.03	04:00:00	4484.541	4488.243	4468.309	4469.498	6151	0	280
2026.06.03	05:00:00	4469.264	4474.127	4456.662	4457.112	10397	0	280
2026.06.03	06:00:00	4457.016	4470.854	4455.068	4462.830	12985	0	280
2026.06.03	07:00:00	4462.908	4472.248	4452.738	4453.345	11214	0	280
2026.06.03	08:00:00	4453.406	4459.085	4440.171	4444.094	11317	0	280
2026.06.03	09:00:00	4443.736	4459.049	4438.880	4443.185	10306	0	280
2026.06.03	10:00:00	4442.838	4467.189	4440.818	4458.745	14910	0	280
2026.06.03	11:00:00	4458.809	4468.031	4458.488	4462.564	8592	0	280
2026.06.03	12:00:00	4462.619	4467.297	4448.068	4460.200	13826	0	280
2026.06.03	13:00:00	4460.197	4465.992	4426.144	4445.821	23392	0	280
2026.06.03	14:00:00	4446.084	4459.573	4442.346	4456.964	20143	0	280
2026.06.03	15:00:00	4457.018	4458.391	4436.660	4441.995	15159	0	280
2026.06.03	16:00:00	4441.936	4443.822	4433.590	4441.657	9797	0	280
2026.06.03	17:00:00	4441.727	4448.417	4435.534	4439.073	7639	0	280
2026.06.03	18:00:00	4439.030	4443.006	4434.479	4441.960	5986	0	280
2026.06.03	19:00:00	4441.906	4452.189	4441.279	4443.998	6743	0	280
2026.06.03	20:00:00	4443.938	4445.247	4430.365	4434.050	5936	0	280
2026.06.03	22:00:00	4438.229	4453.022	4423.591	4448.666	7801	0	280
2026.06.03	23:00:00	4448.735	4464.836	4445.334	4457.390	8203	0	280
2026.06.04	00:00:00	4457.449	4465.180	4443.932	4448.239	14252	0	280
2026.06.04	01:00:00	4448.178	4473.652	4442.914	4465.567	18118	0	280
2026.06.04	02:00:00	4465.508	4476.711	4455.509	4474.815	12805	0	280
2026.06.04	03:00:00	4474.753	4477.330	4458.148	4463.965	8907	0	280
2026.06.04	04:00:00	4463.907	4484.061	4462.208	4481.095	8260	0	280
2026.06.04	05:00:00	4481.169	4482.486	4466.758	4469.269	9557	0	280
2026.06.04	06:00:00	4469.189	4477.129	4462.746	4467.609	10841	0	280
2026.06.04	07:00:00	4467.735	4470.800	4459.256	4461.763	9517	0	280
2026.06.04	08:00:00	4461.698	4469.435	4458.588	4463.374	10536	0	280
2026.06.04	09:00:00	4463.376	4475.577	4461.085	4470.524	10104	0	280
2026.06.04	10:00:00	4470.457	4473.950	4464.128	4473.468	8617	0	280
2026.06.04	11:00:00	4473.535	4514.667	4468.692	4511.318	16945	0	280
2026.06.04	12:00:00	4511.533	4513.836	4491.000	4504.226	15885	0	280
2026.06.04	13:00:00	4503.878	4515.517	4495.562	4495.677	21258	0	280
2026.06.04	14:00:00	4495.908	4499.994	4457.157	4465.958	24328	0	280
2026.06.04	15:00:00	4465.738	4478.961	4463.575	4477.560	12544	0	280
2026.06.04	16:00:00	4477.263	4485.225	4475.282	4482.577	9297	0	280
2026.06.04	17:00:00	4482.560	4482.741	4473.902	4477.954	6311	0	280
2026.06.04	18:00:00	4478.301	4481.169	4472.821	4477.944	5324	0	280
2026.06.04	19:00:00	4477.960	4483.230	4476.021	4480.924	5296	0	280
2026.06.04	20:00:00	4480.853	4481.630	4474.323	4475.665	3678	0	280
2026.06.04	22:00:00	4475.333	4481.362	4468.642	4469.677	5190	0	280
2026.06.04	23:00:00	4469.743	4474.129	4460.339	4461.516	6351	0	280
2026.06.05	00:00:00	4461.474	4467.039	4450.551	4459.329	13380	0	280
2026.06.05	01:00:00	4459.385	4470.070	4444.004	4446.662	21074	0	280
2026.06.05	02:00:00	4446.897	4455.047	4438.295	4440.658	14082	0	280
2026.06.05	03:00:00	4440.588	4443.751	4435.034	4442.175	9688	0	280
2026.06.05	04:00:00	4442.530	4446.344	4437.510	4445.020	7329	0	280
2026.06.05	05:00:00	4445.188	4449.970	4438.482	4439.939	11044	0	280
2026.06.05	06:00:00	4440.006	4456.245	4428.540	4452.717	13861	0	280
2026.06.05	07:00:00	4452.664	4467.201	4451.720	4460.937	10467	0	280
2026.06.05	08:00:00	4460.876	4468.366	4458.537	4462.656	8267	0	280
2026.06.05	09:00:00	4462.540	4469.420	4458.776	4464.699	10751	0	280
2026.06.05	10:00:00	4464.751	4467.839	4461.779	4466.927	5674	0	280
2026.06.05	11:00:00	4466.825	4475.313	4458.170	4470.284	8424	0	280
2026.06.05	12:00:00	4470.088	4475.911	4404.849	4406.213	25551	0	280
2026.06.05	13:00:00	4406.296	4421.188	4365.256	4365.498	42207	0	280
2026.06.05	14:00:00	4365.837	4379.317	4344.199	4369.788	40219	0	280
2026.06.05	15:00:00	4369.548	4372.641	4333.907	4335.571	22671	0	260
2026.06.05	16:00:00	4335.513	4345.028	4323.088	4344.427	19404	0	260
2026.06.05	17:00:00	4344.505	4347.257	4335.525	4341.852	15225	0	260
2026.06.05	18:00:00	4341.846	4342.108	4315.025	4322.487	17094	0	260
2026.06.05	19:00:00	4322.558	4325.172	4313.728	4318.481	18545	0	260
2026.06.05	20:00:00	4318.423	4331.011	4311.591	4328.774	11613	0	280
2026.06.07	22:00:00	4325.114	4330.699	4310.191	4317.429	14343	0	260
2026.06.07	23:00:00	4317.492	4347.047	4317.355	4343.828	10112	0	260
2026.06.08	00:00:00	4343.881	4353.304	4339.512	4342.052	14908	0	280
2026.06.08	01:00:00	4342.358	4346.017	4299.839	4325.633	38974	0	280
2026.06.08	02:00:00	4325.738	4330.692	4307.079	4310.697	20628	0	260
2026.06.08	03:00:00	4310.365	4317.367	4303.460	4316.910	12241	0	260
2026.06.08	04:00:00	4316.789	4321.851	4307.431	4312.744	11121	0	260
2026.06.08	05:00:00	4312.582	4316.202	4268.309	4291.797	24706	0	260
2026.06.08	06:00:00	4291.859	4311.438	4291.859	4299.854	19436	0	260
2026.06.08	07:00:00	4299.787	4316.779	4294.287	4294.354	17467	0	260
2026.06.08	08:00:00	4294.479	4297.212	4285.322	4288.860	15623	0	260
2026.06.08	09:00:00	4288.882	4302.034	4272.923	4294.419	16718	0	260
2026.06.08	10:00:00	4294.183	4305.800	4286.151	4301.875	15129	0	260
2026.06.08	11:00:00	4301.815	4333.406	4296.923	4331.383	20780	0	260
2026.06.08	12:00:00	4331.242	4339.407	4320.210	4332.836	17719	0	260
2026.06.08	13:00:00	4333.190	4346.776	4321.172	4326.933	29451	0	260
2026.06.08	14:00:00	4326.983	4331.438	4314.310	4330.765	26627	0	260
2026.06.08	15:00:00	4330.825	4345.839	4322.508	4341.649	18205	0	260
2026.06.08	16:00:00	4341.569	4346.261	4337.670	4340.484	11051	0	260
2026.06.08	17:00:00	4340.536	4342.528	4331.942	4339.016	10066	0	260
2026.06.08	18:00:00	4338.910	4345.844	4332.915	4334.645	7818	0	260
2026.06.08	19:00:00	4334.381	4338.141	4323.378	4326.500	8588	0	260
2026.06.08	20:00:00	4326.445	4330.078	4324.217	4329.953	4780	0	260
2026.06.08	22:00:00	4332.101	4332.460	4322.673	4327.973	4141	0	260
2026.06.08	23:00:00	4328.033	4328.870	4312.834	4317.619	5437	0	260
2026.06.09	00:00:00	4317.567	4323.916	4314.973	4319.662	12585	0	260
2026.06.09	01:00:00	4319.608	4338.809	4318.521	4336.397	16549	0	260
2026.06.09	02:00:00	4336.660	4341.039	4328.295	4336.118	11226	0	260
2026.06.09	03:00:00	4336.121	4342.446	4331.069	4336.458	10056	0	280
2026.06.09	04:00:00	4336.409	4339.286	4324.043	4332.168	7607	0	280
2026.06.09	05:00:00	4332.243	4351.513	4330.674	4343.539	12387	0	280
2026.06.09	06:00:00	4343.485	4348.846	4330.144	4330.801	12436	0	280
2026.06.09	07:00:00	4330.733	4334.654	4322.214	4326.712	12336	0	260
2026.06.09	08:00:00	4326.769	4336.866	4321.060	4326.673	10674	0	260
2026.06.09	09:00:00	4326.587	4335.963	4323.980	4331.973	8735	0	260
2026.06.09	10:00:00	4331.919	4340.914	4325.169	4339.002	8920	0	260
2026.06.09	11:00:00	4338.945	4343.902	4335.646	4339.742	7420	0	260
2026.06.09	12:00:00	4339.955	4344.254	4334.785	4341.154	9592	0	260
2026.06.09	13:00:00	4341.210	4363.463	4325.152	4329.226	23179	0	260
2026.06.09	14:00:00	4329.160	4335.801	4278.393	4300.342	42747	0	260
2026.06.09	15:00:00	4300.522	4302.215	4262.949	4272.228	38985	0	260
2026.06.09	16:00:00	4272.236	4281.097	4236.398	4252.112	53028	0	260
2026.06.09	17:00:00	4252.052	4268.150	4251.104	4262.959	26974	0	260
2026.06.09	18:00:00	4263.023	4274.273	4259.537	4270.054	14993	0	260
2026.06.09	19:00:00	4269.875	4271.564	4249.827	4258.411	15214	0	260
2026.06.09	20:00:00	4258.485	4262.177	4255.780	4260.441	4983	0	260
2026.06.09	22:00:00	4256.058	4257.280	4232.287	4236.965	8123	0	280
2026.06.09	23:00:00	4237.237	4247.386	4210.296	4222.118	12670	0	260
2026.06.10	00:00:00	4222.169	4228.412	4198.692	4217.986	25299	0	260
2026.06.10	01:00:00	4217.934	4218.965	4183.521	4188.780	32559	0	260
2026.06.10	02:00:00	4188.833	4192.383	4172.955	4174.160	21742	0	260
2026.06.10	03:00:00	4173.832	4186.470	4172.542	4184.697	13693	0	260
2026.06.10	04:00:00	4184.643	4187.362	4172.132	4174.665	10255	0	260
2026.06.10	05:00:00	4174.997	4209.142	4173.370	4205.031	18113	0	260
2026.06.10	06:00:00	4205.000	4222.052	4201.631	4203.976	17094	0	260
2026.06.10	07:00:00	4203.925	4208.053	4181.480	4186.016	15184	0	260
2026.06.10	08:00:00	4185.955	4187.412	4161.206	4169.061	21652	0	260
2026.06.10	09:00:00	4169.116	4179.419	4163.025	4168.523	16752	0	260
2026.06.10	10:00:00	4168.583	4178.683	4155.518	4174.475	14995	0	260
2026.06.10	11:00:00	4174.401	4176.114	4145.650	4147.722	31001	0	260
2026.06.10	12:00:00	4147.659	4173.670	4128.492	4146.777	40162	0	260
2026.06.10	13:00:00	4146.827	4186.372	4132.728	4179.361	46224	0	260
2026.06.10	14:00:00	4179.466	4181.019	4117.593	4124.670	37915	0	260
2026.06.10	15:00:00	4124.733	4137.095	4106.728	4128.597	47858	0	260
2026.06.10	16:00:00	4128.650	4135.245	4115.828	4122.135	24470	0	260
2026.06.10	17:00:00	4121.802	4135.030	4100.597	4111.714	21073	0	260
2026.06.10	18:00:00	4111.763	4120.523	4096.741	4101.676	15990	0	260
2026.06.10	19:00:00	4101.458	4102.161	4081.437	4082.793	17018	0	260
2026.06.10	20:00:00	4082.848	4083.124	4066.955	4070.577	9725	0	260
2026.06.10	22:00:00	4071.785	4072.040	4036.109	4046.457	14960	0	260
2026.06.10	23:00:00	4046.531	4064.807	4023.773	4047.261	22143	0	260
2026.06.11	00:00:00	4047.319	4078.228	4036.098	4075.621	46409	0	260
2026.06.11	01:00:00	4075.570	4118.287	4066.216	4102.074	42166	0	260
2026.06.11	02:00:00	4102.157	4102.808	4052.278	4067.776	30028	0	260
2026.06.11	03:00:00	4067.721	4078.455	4056.941	4072.692	22064	0	260
2026.06.11	04:00:00	4072.850	4085.919	4070.093	4082.758	14061	0	260
2026.06.11	05:00:00	4082.812	4106.369	4072.407	4094.352	21820	0	260
2026.06.11	06:00:00	4094.143	4097.546	4076.168	4094.729	20844	0	260
2026.06.11	07:00:00	4094.482	4110.681	4091.788	4104.774	17310	0	260
2026.06.11	08:00:00	4104.722	4112.711	4084.380	4084.380	17374	0	260
2026.06.11	09:00:00	4084.452	4096.584	4077.334	4091.451	12699	0	260
2026.06.11	10:00:00	4091.670	4094.629	4086.378	4089.750	10370	0	260
2026.06.11	11:00:00	4089.808	4096.086	4079.681	4080.436	15936	0	260
2026.06.11	12:00:00	4080.418	4086.970	4057.387	4081.988	34902	0	260
2026.06.11	13:00:00	4081.932	4092.660	4067.024	4083.303	45716	0	260
2026.06.11	14:00:00	4083.335	4085.416	4052.837	4073.597	45328	0	260
2026.06.11	15:00:00	4073.542	4095.412	4070.282	4088.661	33904	0	260
2026.06.11	16:00:00	4088.735	4107.559	4077.907	4080.372	21278	0	260
2026.06.11	17:00:00	4080.031	4170.122	4071.801	4152.015	62566	0	260
2026.06.11	18:00:00	4151.961	4171.732	4131.383	4161.789	36157	0	260
2026.06.11	19:00:00	4161.714	4219.968	4161.714	4208.967	35370	0	260
2026.06.11	20:00:00	4209.061	4218.695	4208.002	4211.516	10298	0	260
2026.06.11	22:00:00	4220.124	4246.422	4205.253	4243.304	9879	0	260
2026.06.11	23:00:00	4243.369	4245.907	4214.087	4219.785	12248	0	260
2026.06.12	00:00:00	4219.997	4230.603	4200.695	4208.154	23672	0	260
2026.06.12	01:00:00	4208.207	4211.015	4171.347	4186.890	28201	0	260
2026.06.12	02:00:00	4186.823	4199.998	4182.564	4191.411	16234	0	260
2026.06.12	03:00:00	4191.356	4205.037	4189.546	4197.277	14251	0	260
2026.06.12	04:00:00	4197.226	4201.097	4189.401	4190.115	9294	0	260
2026.06.12	05:00:00	4190.081	4193.109	4170.815	4173.030	17535	0	260
2026.06.12	06:00:00	4173.268	4185.640	4172.222	4184.002	14441	0	260
2026.06.12	07:00:00	4184.056	4194.252	4170.007	4194.047	16618	0	260
2026.06.12	08:00:00	4194.121	4225.884	4191.789	4219.695	25038	0	260
2026.06.12	09:00:00	4219.587	4227.914	4217.335	4221.921	15346	0	260
2026.06.12	10:00:00	4221.864	4225.440	4202.689	4210.733	13914	0	260
2026.06.12	11:00:00	4210.953	4215.364	4197.410	4207.017	12312	0	260
2026.06.12	12:00:00	4206.966	4215.469	4188.382	4191.873	17383	0	260
2026.06.12	13:00:00	4191.820	4210.201	4182.665	4186.368	35878	0	260
2026.06.12	14:00:00	4186.293	4208.615	4176.959	4204.055	37109	0	260
2026.06.12	15:00:00	4204.114	4235.558	4200.253	4211.904	29891	0	260
2026.06.12	16:00:00	4211.963	4233.055	4207.886	4216.119	22105	0	260
2026.06.12	17:00:00	4216.178	4226.454	4213.805	4221.410	12020	0	260
2026.06.12	18:00:00	4221.474	4235.286	4214.074	4215.692	10612	0	260
2026.06.12	19:00:00	4215.639	4219.274	4201.725	4210.559	10002	0	260
2026.06.12	20:00:00	4210.502	4219.296	4209.251	4218.665	4600	0	260
2026.06.14	22:00:00	4270.346	4308.995	4269.222	4285.513	13327	0	280
2026.06.14	23:00:00	4285.502	4295.252	4281.074	4293.940	6663	0	280
2026.06.15	00:00:00	4293.886	4308.175	4291.513	4292.396	12574	0	260
2026.06.15	01:00:00	4292.479	4319.622	4285.422	4316.632	23250	0	280
2026.06.15	02:00:00	4316.571	4335.532	4315.919	4329.570	12371	0	260
2026.06.15	03:00:00	4329.358	4331.221	4321.279	4325.067	8881	0	260
2026.06.15	04:00:00	4325.119	4330.233	4320.482	4328.359	6233	0	260
2026.06.15	05:00:00	4328.000	4333.080	4307.352	4310.170	10986	0	260
2026.06.15	06:00:00	4310.192	4313.516	4300.619	4308.245	12845	0	260
2026.06.15	07:00:00	4308.305	4325.376	4305.261	4322.971	10144	0	260
2026.06.15	08:00:00	4322.908	4345.535	4321.640	4334.326	11107	0	260
2026.06.15	09:00:00	4334.333	4343.403	4334.221	4336.791	9537	0	260
2026.06.15	10:00:00	4336.854	4341.641	4335.137	4337.970	7317	0	260
2026.06.15	11:00:00	4338.330	4347.567	4331.832	4335.355	9575	0	260
2026.06.15	12:00:00	4335.412	4349.451	4324.437	4348.814	11324	0	260
2026.06.15	13:00:00	4348.741	4368.776	4341.337	4355.332	19186	0	280
2026.06.15	14:00:00	4355.236	4369.303	4353.741	4356.812	17858	0	280
2026.06.15	15:00:00	4356.757	4360.744	4349.486	4356.337	12533	0	280
2026.06.15	16:00:00	4356.282	4358.787	4334.390	4339.002	10073	0	260
2026.06.15	17:00:00	4339.057	4339.284	4320.283	4324.588	10081	0	260
2026.06.15	18:00:00	4324.650	4328.102	4317.799	4325.804	7498	0	260
2026.06.15	19:00:00	4325.625	4326.829	4316.402	4320.608	7024	0	260
2026.06.15	20:00:00	4320.843	4322.117	4306.314	4308.713	4911	0	260
2026.06.15	22:00:00	4311.372	4315.414	4305.957	4311.954	4827	0	260
2026.06.15	23:00:00	4311.902	4319.157	4311.442	4315.715	4937	0	260
2026.06.16	00:00:00	4315.658	4320.656	4306.624	4319.175	10074	0	260
2026.06.16	01:00:00	4319.243	4325.886	4312.027	4313.447	14963	0	260
2026.06.16	02:00:00	4313.422	4320.690	4307.777	4318.452	8156	0	260
2026.06.16	03:00:00	4318.698	4333.222	4315.414	4330.235	7579	0	260
2026.06.16	04:00:00	4330.235	4331.898	4321.056	4322.633	6224	0	260
2026.06.16	05:00:00	4322.688	4330.945	4314.063	4315.673	9411	0	260
2026.06.16	06:00:00	4315.914	4324.368	4313.307	4323.703	9638	0	260
2026.06.16	07:00:00	4323.761	4335.493	4322.556	4334.908	8818	0	260
2026.06.16	08:00:00	4334.854	4347.965	4332.798	4346.783	8636	0	280
2026.06.16	09:00:00	4346.841	4348.401	4338.132	4345.058	7255	0	260
2026.06.16	10:00:00	4345.417	4349.002	4341.980	4348.705	5623	0	260
2026.06.16	11:00:00	4348.769	4349.466	4334.930	4340.763	8696	0	280
2026.06.16	12:00:00	4340.711	4354.979	4337.590	4354.497	10481	0	260
2026.06.16	13:00:00	4354.436	4354.856	4331.442	4331.588	17723	0	260
2026.06.16	14:00:00	4331.941	4338.801	4313.008	4323.968	20373	0	260
2026.06.16	15:00:00	4323.894	4343.543	4320.909	4335.381	14989	0	260
2026.06.16	16:00:00	4335.324	4347.069	4335.022	4340.704	11708	0	260
2026.06.16	17:00:00	4340.644	4341.250	4325.185	4340.091	10078	0	260
2026.06.16	18:00:00	4340.145	4342.913	4336.013	4338.335	6352	0	260
2026.06.16	19:00:00	4338.403	4343.010	4330.457	4334.102	6928	0	260
2026.06.16	20:00:00	4334.049	4334.958	4329.455	4331.080	3627	0	280
2026.06.16	22:00:00	4335.048	4336.148	4328.797	4335.567	3049	0	280
2026.06.16	23:00:00	4335.567	4338.267	4329.490	4331.111	3279	0	260
2026.06.17	00:00:00	4331.252	4341.641	4328.359	4336.910	8799	0	280
2026.06.17	01:00:00	4336.856	4349.742	4334.451	4341.011	12797	0	280
2026.06.17	02:00:00	4340.980	4344.701	4329.657	4331.759	8862	0	260
2026.06.17	03:00:00	4331.690	4334.038	4328.437	4332.249	6756	0	260
2026.06.17	04:00:00	4332.069	4334.087	4317.377	4326.827	6560	0	260
2026.06.17	05:00:00	4326.589	4334.370	4321.017	4326.559	8659	0	260
2026.06.17	06:00:00	4326.533	4331.734	4320.326	4331.487	9617	0	260
2026.06.17	07:00:00	4331.484	4332.798	4324.767	4325.320	7936	0	260
2026.06.17	08:00:00	4325.376	4327.665	4317.288	4324.536	9277	0	260
2026.06.17	09:00:00	4324.469	4335.855	4321.067	4329.668	7709	0	260
2026.06.17	10:00:00	4329.730	4335.272	4326.785	4331.303	6099	0	260
2026.06.17	11:00:00	4331.527	4331.845	4320.922	4323.320	7142	0	260
2026.06.17	12:00:00	4323.247	4335.515	4319.584	4333.434	9189	0	260
2026.06.17	13:00:00	4333.375	4345.290	4323.866	4339.935	14682	0	260
2026.06.17	14:00:00	4339.879	4363.808	4330.849	4344.631	24438	0	260
2026.06.17	15:00:00	4344.560	4364.912	4343.694	4363.593	14158	0	280
2026.06.17	16:00:00	4363.338	4366.525	4355.056	4359.314	7906	0	260
2026.06.17	17:00:00	4359.371	4382.399	4355.108	4379.763	13912	0	280
2026.06.17	18:00:00	4379.887	4379.887	4269.575	4285.985	113244	0	280
2026.06.17	19:00:00	4286.057	4295.674	4218.832	4235.678	85453	0	260
2026.06.17	20:00:00	4235.610	4269.726	4234.792	4257.489	18266	0	260
2026.06.17	22:00:00	4258.539	4271.401	4254.373	4266.820	6832	0	260
2026.06.17	23:00:00	4266.749	4283.946	4264.124	4277.846	8091	0	260
2026.06.18	00:00:00	4278.178	4315.391	4276.298	4308.528	18143	0	260
2026.06.18	01:00:00	4308.597	4328.471	4306.948	4317.957	20370	0	260
2026.06.18	02:00:00	4318.013	4329.955	4310.385	4310.884	12608	0	260
2026.06.18	03:00:00	4310.966	4322.481	4308.868	4319.510	9294	0	260
2026.06.18	04:00:00	4319.856	4324.009	4309.761	4315.824	7840	0	260
2026.06.18	05:00:00	4315.764	4324.892	4301.329	4307.887	12583	0	260
2026.06.18	06:00:00	4307.956	4309.975	4296.200	4306.312	14756	0	260
2026.06.18	07:00:00	4306.259	4309.371	4287.320	4288.428	11969	0	260
2026.06.18	08:00:00	4288.710	4292.956	4265.254	4266.756	13989	0	260
2026.06.18	09:00:00	4266.816	4273.252	4259.380	4268.665	12887	0	260
2026.06.18	10:00:00	4268.338	4272.827	4254.581	4255.604	11415	0	260
2026.06.18	11:00:00	4255.743	4255.817	4239.694	4241.759	14544	0	260
2026.06.18	12:00:00	4242.000	4269.147	4240.243	4246.469	20462	0	260
2026.06.18	13:00:00	4246.406	4276.706	4244.787	4256.350	26607	0	260
2026.06.18	14:00:00	4256.418	4257.926	4237.069	4252.477	28743	0	260
2026.06.18	15:00:00	4252.280	4254.885	4222.958	4226.589	21705	0	260
2026.06.18	16:00:00	4226.704	4233.351	4213.853	4219.239	17484	0	260
2026.06.18	17:00:00	4219.295	4233.063	4218.416	4230.448	11781	0	260
2026.06.18	18:00:00	4230.509	4233.193	4218.093	4218.360	9138	0	260
2026.06.18	19:00:00	4218.529	4219.159	4201.210	4216.773	14174	0	260
2026.06.18	20:00:00	4216.826	4219.695	4207.701	4208.216	5184	0	260
2026.06.18	22:00:00	4208.762	4213.152	4202.630	4207.589	4223	0	260
2026.06.18	23:00:00	4207.584	4208.401	4186.720	4188.559	7744	0	260
2026.06.19	00:00:00	4188.495	4198.179	4184.090	4190.456	12447	0	260
2026.06.19	01:00:00	4190.238	4194.530	4183.714	4184.750	9431	0	260
2026.06.19	02:00:00	4184.971	4186.315	4171.722	4176.430	9868	0	260
2026.06.19	03:00:00	4176.422	4177.082	4145.561	4153.254	11874	0	260
2026.06.19	04:00:00	4153.309	4155.196	4124.923	4125.935	14944	0	260
2026.06.19	05:00:00	4125.884	4141.678	4121.603	4139.522	13969	0	260
2026.06.19	06:00:00	4139.573	4150.571	4132.679	4147.761	14624	0	260
2026.06.19	07:00:00	4147.538	4163.250	4147.538	4158.093	12272	0	260
2026.06.19	08:00:00	4157.878	4178.635	4155.043	4168.920	12613	0	260
2026.06.19	09:00:00	4168.930	4170.969	4160.854	4162.858	9389	0	260
2026.06.19	10:00:00	4163.031	4163.137	4147.961	4149.915	10461	0	260
2026.06.19	11:00:00	4149.916	4155.044	4141.735	4152.435	10955	0	260
2026.06.19	12:00:00	4152.463	4180.000	4147.185	4178.926	16684	0	260
2026.06.19	13:00:00	4178.869	4183.065	4150.353	4151.250	18757	0	260
2026.06.19	14:00:00	4151.443	4154.474	4142.445	4149.084	13196	0	260
2026.06.19	15:00:00	4149.147	4154.124	4147.467	4150.859	8439	0	260
2026.06.19	16:00:00	4150.914	4157.900	4144.268	4155.421	7014	0	260
2026.06.21	22:00:00	4153.418	4159.660	4147.804	4156.129	7046	0	260
2026.06.21	23:00:00	4156.084	4164.776	4136.447	4140.090	10238	0	260
2026.06.22	00:00:00	4140.271	4201.100	4139.902	4200.644	21668	0	260
2026.06.22	01:00:00	4201.003	4221.249	4189.427	4191.055	34912	0	260
2026.06.22	02:00:00	4191.107	4200.179	4183.496	4188.527	16271	0	260
2026.06.22	03:00:00	4188.476	4189.954	4170.520	4171.517	11268	0	260
2026.06.22	04:00:00	4171.592	4182.210	4170.561	4181.634	7961	0	260
2026.06.22	05:00:00	4181.558	4198.494	4179.262	4193.853	13390	0	260
2026.06.22	06:00:00	4193.641	4207.386	4191.005	4197.692	13728	0	260
2026.06.22	07:00:00	4197.746	4201.809	4188.853	4190.195	10256	0	260
2026.06.22	08:00:00	4190.402	4197.867	4188.657	4197.152	10131	0	260
2026.06.22	09:00:00	4197.203	4210.277	4195.861	4208.313	10371	0	260
2026.06.22	10:00:00	4208.367	4214.271	4203.554	4204.507	7924	0	260
2026.06.22	11:00:00	4204.577	4215.312	4201.331	4207.228	10506	0	260
2026.06.22	12:00:00	4207.555	4211.752	4192.304	4193.457	11058	0	260
2026.06.22	13:00:00	4193.515	4205.851	4182.957	4199.956	24477	0	260
2026.06.22	14:00:00	4199.961	4210.829	4186.357	4198.346	24961	0	260
2026.06.22	15:00:00	4198.443	4201.399	4169.573	4182.960	18958	0	260
2026.06.22	16:00:00	4182.637	4192.902	4174.284	4189.582	11860	0	260
2026.06.22	17:00:00	4189.637	4191.537	4176.967	4183.269	9490	0	260
2026.06.22	18:00:00	4183.347	4192.843	4182.343	4191.368	7073	0	260
2026.06.22	19:00:00	4191.434	4193.419	4184.056	4190.428	7321	0	260
2026.06.22	20:00:00	4190.372	4193.708	4188.604	4192.333	3830	0	260
2026.06.22	22:00:00	4192.300	4194.629	4188.299	4189.972	3450	0	260
2026.06.22	23:00:00	4189.757	4195.394	4186.827	4187.682	4233	0	260
2026.06.23	00:00:00	4187.625	4194.722	4178.222	4193.178	14411	0	260
2026.06.23	01:00:00	4193.395	4198.671	4149.934	4161.356	24870	0	260
2026.06.23	02:00:00	4161.148	4163.401	4146.582	4147.021	15427	0	260
2026.06.23	03:00:00	4147.076	4149.623	4130.761	4143.902	14874	0	260
2026.06.23	04:00:00	4144.044	4146.999	4114.561	4118.261	10047	0	260
2026.06.23	05:00:00	4118.335	4137.534	4115.436	4121.213	21312	0	260
2026.06.23	06:00:00	4121.186	4126.848	4110.181	4114.516	21012	0	260
2026.06.23	07:00:00	4114.458	4124.598	4096.463	4098.926	16796	0	260
2026.06.23	08:00:00	4098.901	4111.132	4090.627	4105.183	16289	0	260
2026.06.23	09:00:00	4105.133	4122.152	4104.092	4122.095	11687	0	260
2026.06.23	10:00:00	4122.152	4133.314	4119.643	4119.819	12614	0	260
2026.06.23	11:00:00	4119.496	4132.095	4117.258	4123.087	14940	0	260
2026.06.23	12:00:00	4123.339	4127.337	4111.652	4113.341	15988	0	260
2026.06.23	13:00:00	4113.288	4140.512	4105.314	4135.547	29363	0	260
2026.06.23	14:00:00	4135.496	4145.096	4122.521	4130.008	29435	0	260
2026.06.23	15:00:00	4130.318	4141.440	4123.324	4138.453	18524	0	260
2026.06.23	16:00:00	4138.502	4143.938	4131.577	4134.509	10082	0	260
2026.06.23	17:00:00	4134.444	4139.855	4127.585	4128.082	11094	0	260
2026.06.23	18:00:00	4127.862	4130.815	4112.707	4117.560	8846	0	260
2026.06.23	19:00:00	4117.599	4126.110	4111.538	4111.538	11336	0	260
2026.06.23	20:00:00	4111.578	4113.001	4107.319	4109.845	5551	0	260
2026.06.23	22:00:00	4112.250	4115.077	4096.829	4104.253	7611	0	260
2026.06.23	23:00:00	4104.325	4104.405	4080.744	4099.321	10878	0	260
2026.06.24	00:00:00	4099.259	4111.984	4093.579	4097.068	22316	0	260
2026.06.24	01:00:00	4097.125	4102.313	4068.184	4088.965	37813	0	260
2026.06.24	02:00:00	4089.043	4095.935	4051.959	4061.252	22763	0	260
2026.06.24	03:00:00	4061.199	4070.744	4050.211	4062.811	19785	0	260
2026.06.24	04:00:00	4062.872	4067.342	4054.855	4064.569	13159	0	260
2026.06.24	05:00:00	4064.513	4086.185	4060.926	4075.843	16649	0	260
2026.06.24	06:00:00	4075.943	4097.628	4075.669	4086.977	20114	0	260
2026.06.24	07:00:00	4086.905	4090.903	4073.596	4074.859	12913	0	260
2026.06.24	08:00:00	4074.807	4087.764	4072.973	4076.329	13025	0	260
2026.06.24	09:00:00	4076.267	4079.093	4063.938	4064.635	11388	0	260
2026.06.24	10:00:00	4064.684	4066.926	4054.279	4055.644	12149	0	260
2026.06.24	11:00:00	4055.708	4058.470	4037.410	4046.884	43996	0	160
2026.06.24	12:00:00	4046.780	4048.899	3987.340	3987.937	85536	0	160
2026.06.24	13:00:00	3987.898	4042.164	3964.386	4038.258	164213	0	160
2026.06.24	14:00:00	4038.127	4041.203	4002.819	4007.819	54732	0	160
2026.06.24	15:00:00	4008.129	4017.025	3997.210	4002.565	60677	0	160
2026.06.24	16:00:00	4002.643	4022.297	3995.478	4006.500	48046	0	160
2026.06.24	17:00:00	4006.577	4011.331	3972.729	3972.925	26916	0	260
2026.06.24	18:00:00	3972.972	3994.350	3958.811	3981.499	28721	0	260
2026.06.24	19:00:00	3981.552	3990.864	3973.440	3987.867	18011	0	260
2026.06.24	20:00:00	3987.916	4002.884	3984.791	4001.293	12780	0	260
2026.06.24	22:00:00	4004.436	4008.846	3993.024	3996.146	6469	0	260
2026.06.24	23:00:00	3996.200	4018.606	3990.741	4012.325	8885	0	260
2026.06.25	00:00:00	4012.270	4016.485	3978.365	3991.300	23641	0	260
2026.06.25	01:00:00	3991.235	4005.970	3972.269	3976.815	39146	0	260
2026.06.25	02:00:00	3976.733	3991.149	3962.365	3982.972	27727	0	260
2026.06.25	03:00:00	3983.081	4001.165	3966.213	3995.326	24828	0	260
2026.06.25	04:00:00	3995.273	3997.620	3983.502	3996.180	13348	0	260
2026.06.25	05:00:00	3996.230	4000.186	3980.306	3986.519	20955	0	260
2026.06.25	06:00:00	3986.440	3989.212	3973.719	3977.455	19053	0	260
2026.06.25	07:00:00	3977.511	3989.784	3971.283	3987.713	15243	0	260
2026.06.25	08:00:00	3987.661	4002.111	3984.108	3989.236	18221	0	260
2026.06.25	09:00:00	3988.983	3997.586	3986.027	3988.308	12188	0	260
2026.06.25	10:00:00	3988.255	3989.278	3981.217	3984.121	8407	0	260
2026.06.25	11:00:00	3984.164	3987.816	3973.475	3980.193	12273	0	240
2026.06.25	12:00:00	3980.233	4019.436	3978.732	4012.238	37613	0	240
2026.06.25	13:00:00	4012.301	4034.014	4000.781	4002.300	56755	0	240
2026.06.25	14:00:00	4002.257	4028.745	3998.902	4012.047	39523	0	240
2026.06.25	15:00:00	4012.160	4042.736	4004.899	4040.935	30798	0	240
2026.06.25	16:00:00	4041.062	4044.094	4023.910	4028.846	18109	0	240
2026.06.25	17:00:00	4028.899	4036.690	4026.799	4034.538	12529	0	240
2026.06.25	18:00:00	4034.636	4044.334	4025.830	4034.841	13839	0	240
2026.06.25	19:00:00	4034.801	4043.879	4021.904	4026.638	11905	0	240
2026.06.25	20:00:00	4026.565	4034.872	4024.321	4026.787	6240	0	240
2026.06.25	22:00:00	4028.858	4036.624	4019.794	4026.443	7660	0	240
2026.06.25	23:00:00	4026.204	4030.446	4012.378	4014.651	7664	0	240
2026.06.26	00:00:00	4014.590	4024.495	4011.484	4020.410	17871	0	240
2026.06.26	01:00:00	4020.476	4029.684	4014.162	4020.796	22116	0	240
2026.06.26	02:00:00	4020.846	4023.360	3982.879	3990.578	18923	0	240
2026.06.26	03:00:00	3990.515	4006.686	3986.703	4004.105	14969	0	240
2026.06.26	04:00:00	4004.162	4015.410	3998.654	4011.387	12043	0	240
2026.06.26	05:00:00	4011.440	4021.635	4005.549	4008.119	15995	0	240
2026.06.26	06:00:00	4008.173	4033.286	4006.661	4031.928	20352	0	240
2026.06.26	07:00:00	4031.873	4039.694	4026.784	4030.668	11824	0	240
2026.06.26	08:00:00	4030.485	4037.924	4025.764	4031.004	10605	0	240
2026.06.26	09:00:00	4030.746	4054.265	4029.378	4047.325	13978	0	240
2026.06.26	10:00:00	4047.275	4055.074	4042.181	4054.815	10593	0	240
2026.06.26	11:00:00	4054.618	4055.830	4042.419	4045.764	10772	0	240
2026.06.26	12:00:00	4045.816	4061.629	4035.742	4058.828	14828	0	240
2026.06.26	13:00:00	4058.880	4078.048	4043.106	4073.614	36703	0	240
2026.06.26	14:00:00	4073.669	4093.103	4067.928	4080.610	27604	0	240
2026.06.26	15:00:00	4080.691	4096.054	4075.557	4090.402	19470	0	240
2026.06.26	16:00:00	4090.452	4093.558	4082.007	4085.119	12239	0	240
2026.06.26	17:00:00	4085.147	4088.212	4073.558	4074.697	10114	0	240
2026.06.26	18:00:00	4074.824	4078.885	4067.051	4067.452	7645	0	240
2026.06.26	19:00:00	4067.536	4074.566	4064.427	4071.743	8337	0	240
2026.06.26	20:00:00	4071.562	4090.403	4064.599	4088.245	8843	0	240
2026.06.28	22:00:00	4075.881	4085.307	4053.377	4066.433	9360	0	240
2026.06.28	23:00:00	4066.390	4070.645	4051.708	4062.831	8846	0	240
2026.06.29	00:00:00	4062.635	4074.335	4048.217	4069.371	23029	0	240
2026.06.29	01:00:00	4069.583	4074.673	4053.745	4061.391	26678	0	240
2026.06.29	02:00:00	4061.343	4071.948	4058.241	4066.242	19356	0	240
2026.06.29	03:00:00	4066.293	4075.713	4065.063	4068.910	12154	0	240
2026.06.29	04:00:00	4068.991	4069.053	4049.693	4052.385	8932	0	240
2026.06.29	05:00:00	4052.214	4057.281	4039.272	4054.608	17338	0	240
2026.06.29	06:00:00	4054.434	4065.049	4053.704	4062.379	13877	0	240
2026.06.29	07:00:00	4062.497	4068.645	4056.028	4061.729	10495	0	240
2026.06.29	08:00:00	4061.677	4066.724	4043.567	4046.916	11835	0	240
2026.06.29	09:00:00	4046.845	4055.175	4024.290	4031.614	14842	0	240
2026.06.29	10:00:00	4031.411	4039.655	4027.388	4036.639	11431	0	240
2026.06.29	11:00:00	4036.696	4042.374	4027.212	4039.137	10648	0	240
2026.06.29	12:00:00	4039.296	4052.611	4037.587	4043.494	13793	0	240
2026.06.29	13:00:00	4043.547	4051.815	4028.152	4032.403	21129	0	240
2026.06.29	14:00:00	4032.457	4035.592	4000.148	4025.635	31006	0	240
2026.06.29	15:00:00	4025.578	4030.461	4016.694	4027.041	14701	0	240
2026.06.29	16:00:00	4027.100	4028.767	4018.432	4023.926	8551	0	240
2026.06.29	17:00:00	4023.978	4032.002	4019.177	4021.048	8573	0	240
2026.06.29	18:00:00	4020.848	4025.180	4011.907	4013.208	5839	0	240
2026.06.29	19:00:00	4013.404	4019.690	4005.200	4015.978	7546	0	240
2026.06.29	20:00:00	4015.924	4017.887	4012.612	4016.380	3591	0	240
2026.06.29	22:00:00	4018.251	4022.243	4009.496	4014.236	5445	0	240
2026.06.29	23:00:00	4013.993	4022.486	4013.463	4015.028	5914	0	240
2026.06.30	00:00:00	4014.970	4015.302	3979.503	3986.914	18041	0	240
2026.06.30	01:00:00	3986.973	3987.145	3942.099	3969.525	43248	0	240
2026.06.30	02:00:00	3969.221	3973.423	3952.169	3962.763	22733	0	240
2026.06.30	03:00:00	3962.690	3971.253	3960.118	3969.926	14731	0	240
2026.06.30	04:00:00	3969.724	3997.933	3968.043	3985.609	12888	0	240
2026.06.30	05:00:00	3985.665	3990.780	3975.019	3978.029	15927	0	240
2026.06.30	06:00:00	3978.079	4034.280	3978.007	4029.487	28680	0	240
2026.06.30	07:00:00	4029.400	4034.855	4023.658	4032.322	12356	0	240
2026.06.30	08:00:00	4031.991	4037.753	4013.489	4015.342	12440	0	240
2026.06.30	09:00:00	4015.358	4023.926	4012.238	4023.716	9082	0	240
2026.06.30	10:00:00	4023.861	4031.262	4021.344	4029.649	7796	0	240
2026.06.30	11:00:00	4029.669	4037.388	4025.293	4033.743	10058	0	240
2026.06.30	12:00:00	4033.820	4034.406	4008.615	4009.789	14178	0	240
2026.06.30	13:00:00	4009.872	4033.452	4009.195	4029.722	24978	0	240
2026.06.30	14:00:00	4029.729	4063.437	4025.120	4037.457	29481	0	240
2026.06.30	15:00:00	4037.514	4039.468	4022.129	4029.492	17154	0	240
2026.06.30	16:00:00	4029.530	4033.897	4025.726	4026.230	8579	0	240
2026.06.30	17:00:00	4026.178	4032.178	4020.560	4030.601	9280	0	240
2026.06.30	18:00:00	4030.651	4033.937	4028.084	4028.677	5538	0	240
2026.06.30	19:00:00	4028.624	4029.548	4014.750	4016.036	7255	0	240
2026.06.30	20:00:00	4016.135	4021.062	4006.270	4007.347	5314	0	240
2026.06.30	22:00:00	4011.828	4017.977	4010.997	4013.000	5145	0	240
2026.06.30	23:00:00	4013.052	4018.272	4005.238	4005.593	5994	0	240
2026.07.01	00:00:00	4005.653	4009.858	3992.887	3996.601	11762	0	240
2026.07.01	01:00:00	3996.861	3999.871	3973.733	3977.905	23746	0	240
2026.07.01	02:00:00	3977.851	3986.189	3970.116	3979.380	13897	0	240
2026.07.01	03:00:00	3979.331	3987.088	3976.583	3980.325	8586	0	240
2026.07.01	04:00:00	3980.373	3982.884	3972.251	3976.717	7877	0	240
2026.07.01	05:00:00	3976.662	3978.948	3969.655	3974.150	12316	0	240
2026.07.01	06:00:00	3974.044	3977.524	3963.094	3971.963	14800	0	240
2026.07.01	07:00:00	3971.905	3978.559	3959.988	3976.152	14446	0	240
2026.07.01	08:00:00	3976.098	3984.353	3969.366	3974.360	10146	0	240
2026.07.01	09:00:00	3974.602	3986.096	3972.793	3984.283	8144	0	240
2026.07.01	10:00:00	3984.425	3998.819	3981.383	3998.226	8377	0	240
2026.07.01	11:00:00	3998.168	4035.604	3997.760	4030.484	16924	0	240
2026.07.01	12:00:00	4030.558	4034.000	4019.379	4022.825	17933	0	240
2026.07.01	13:00:00	4022.877	4107.975	4012.764	4089.424	49846	0	240
2026.07.01	14:00:00	4089.489	4115.736	4082.760	4093.549	33551	0	240
2026.07.01	15:00:00	4093.348	4094.694	4076.613	4081.176	18425	0	240
2026.07.01	16:00:00	4081.241	4088.558	4070.350	4070.957	12058	0	240
2026.07.01	17:00:00	4071.274	4073.522	4067.213	4068.023	10623	0	240
2026.07.01	18:00:00	4068.075	4070.837	4057.887	4062.254	8637	0	240
2026.07.01	19:00:00	4062.059	4068.442	4034.290	4038.822	10954	0	240
2026.07.01	20:00:00	4038.528	4039.846	4028.415	4031.615	7273	0	240
2026.07.01	22:00:00	4034.183	4045.279	4032.861	4044.941	5410	0	240
2026.07.01	23:00:00	4044.902	4044.948	4033.148	4035.169	5701	0	240
2026.07.02	00:00:00	4034.972	4052.751	4030.584	4052.004	14555	0	240
2026.07.02	01:00:00	4052.057	4068.514	4045.153	4050.396	21017	0	240
2026.07.02	02:00:00	4050.350	4061.020	4041.256	4057.189	13316	0	240
2026.07.02	03:00:00	4057.262	4074.220	4055.364	4070.082	11292	0	240
2026.07.02	04:00:00	4070.138	4072.985	4060.512	4060.878	7451	0	240
2026.07.02	05:00:00	4060.828	4067.733	4053.111	4065.933	14126	0	240
2026.07.02	06:00:00	4066.239	4079.750	4065.891	4073.031	15267	0	240
2026.07.02	07:00:00	4073.084	4075.474	4060.641	4064.533	12302	0	240
2026.07.02	08:00:00	4064.616	4080.213	4061.257	4076.190	12724	0	240
2026.07.02	09:00:00	4076.139	4076.997	4063.801	4065.155	9983	0	240
2026.07.02	10:00:00	4065.459	4068.799	4061.315	4066.186	8385	0	240
2026.07.02	11:00:00	4066.262	4072.379	4057.272	4065.375	10490	0	240
2026.07.02	12:00:00	4065.425	4140.696	4061.130	4117.670	39918	0	160
2026.07.02	13:00:00	4117.742	4144.132	4109.202	4136.905	43645	0	240
2026.07.02	14:00:00	4136.930	4138.302	4113.846	4128.411	31731	0	240
2026.07.02	15:00:00	4128.472	4131.512	4114.642	4128.316	20292	0	240
2026.07.02	16:00:00	4128.465	4130.288	4100.085	4118.117	18120	0	240
2026.07.02	17:00:00	4118.192	4119.943	4105.581	4106.865	14149	0	240
2026.07.02	18:00:00	4106.864	4127.095	4105.953	4122.781	11037	0	240
2026.07.02	19:00:00	4122.836	4124.515	4108.076	4121.466	10335	0	240
2026.07.02	20:00:00	4121.329	4125.127	4116.193	4124.068	4903	0	240
2026.07.02	22:00:00	4126.477	4128.176	4122.455	4124.562	3520	0	240
2026.07.02	23:00:00	4124.725	4134.121	4120.929	4126.116	7087	0	240
2026.07.03	00:00:00	4126.183	4151.075	4122.965	4147.174	18113	0	240
2026.07.03	01:00:00	4147.255	4195.506	4146.412	4182.498	29724	0	240
2026.07.03	02:00:00	4182.392	4186.861	4176.353	4183.560	12894	0	240
2026.07.03	03:00:00	4183.509	4184.594	4175.111	4175.907	8810	0	240
2026.07.03	04:00:00	4176.131	4182.737	4172.916	4178.969	6001	0	240
2026.07.03	05:00:00	4178.859	4181.987	4169.131	4171.229	9562	0	240
2026.07.03	06:00:00	4171.236	4174.418	4160.255	4173.119	12465	0	240
2026.07.03	07:00:00	4173.178	4181.780	4169.223	4177.541	9206	0	240
2026.07.03	08:00:00	4177.347	4186.643	4176.835	4180.829	8829	0	240
2026.07.03	09:00:00	4180.957	4181.864	4168.324	4172.063	8025	0	240
2026.07.03	10:00:00	4172.010	4181.282	4170.589	4177.164	5745	0	240
2026.07.03	11:00:00	4176.856	4186.290	4175.424	4180.885	6440	0	240
2026.07.03	12:00:00	4181.197	4183.398	4172.103	4176.663	7376	0	240
2026.07.03	13:00:00	4176.720	4179.391	4163.412	4164.596	11855	0	240
2026.07.03	14:00:00	4164.531	4171.126	4155.235	4169.600	9556	0	240
2026.07.03	15:00:00	4169.643	4174.313	4164.397	4164.940	6490	0	240
2026.07.03	16:00:00	4164.885	4176.440	4162.671	4174.913	5738	0	240
2026.07.05	22:00:00	4177.917	4191.688	4173.191	4188.348	8673	0	240
2026.07.05	23:00:00	4188.301	4202.273	4177.279	4182.986	9680	0	240
2026.07.06	00:00:00	4183.254	4189.022	4169.895	4179.555	20107	0	240
2026.07.06	01:00:00	4179.495	4203.185	4172.356	4186.122	25904	0	240
2026.07.06	02:00:00	4186.182	4187.936	4168.410	4173.984	18033	0	240
2026.07.06	03:00:00	4174.006	4176.402	4160.887	4165.290	11254	0	240
2026.07.06	04:00:00	4165.240	4166.717	4157.228	4159.737	7603	0	240
2026.07.06	05:00:00	4159.870	4160.909	4144.625	4148.053	13135	0	240
2026.07.06	06:00:00	4147.973	4159.635	4145.726	4150.388	11626	0	240
2026.07.06	07:00:00	4150.336	4166.441	4147.073	4164.468	10379	0	240
2026.07.06	08:00:00	4164.233	4165.991	4146.969	4150.503	8250	0	240
2026.07.06	09:00:00	4150.474	4151.258	4136.206	4143.333	9324	0	240
2026.07.06	10:00:00	4143.071	4155.896	4142.007	4154.866	8090	0	240
2026.07.06	11:00:00	4154.928	4159.653	4151.347	4155.020	10370	0	240
2026.07.06	12:00:00	4155.211	4158.536	4131.523	4139.565	15087	0	240
2026.07.06	13:00:00	4139.669	4150.384	4136.419	4140.944	20640	0	240
2026.07.06	14:00:00	4140.887	4147.165	4128.412	4138.004	18214	0	240
2026.07.06	15:00:00	4138.057	4152.084	4137.367	4148.188	11349	0	240
2026.07.06	16:00:00	4148.240	4156.332	4140.247	4154.877	8339	0	240
2026.07.06	17:00:00	4154.899	4161.552	4150.297	4161.140	8651	0	240
2026.07.06	18:00:00	4161.091	4167.628	4155.303	4164.018	6298	0	240
2026.07.06	19:00:00	4163.889	4165.555	4158.747	4163.632	5990	0	240
2026.07.06	20:00:00	4163.705	4165.048	4160.749	4164.315	3171	0	240
2026.07.06	22:00:00	4166.053	4168.555	4163.469	4164.283	3372	0	240
2026.07.06	23:00:00	4164.335	4165.776	4156.785	4157.372	4172	0	240
2026.07.07	00:00:00	4157.318	4162.802	4145.088	4146.139	12466	0	240
2026.07.07	01:00:00	4146.088	4147.994	4125.559	4141.909	19452	0	240
2026.07.07	02:00:00	4141.637	4145.253	4131.398	4136.520	11105	0	240
2026.07.07	03:00:00	4136.423	4140.160	4124.302	4131.164	9705	0	240
2026.07.07	04:00:00	4130.946	4141.324	4125.819	4126.769	8026	0	240
2026.07.07	05:00:00	4126.816	4131.224	4116.391	4124.160	14478	0	240
2026.07.07	06:00:00	4124.160	4133.091	4121.311	4130.307	11078	0	240
2026.07.07	07:00:00	4130.351	4133.646	4124.150	4124.771	8963	0	240
2026.07.07	08:00:00	4124.718	4139.202	4121.731	4126.123	10579	0	240
2026.07.07	09:00:00	4125.819	4133.806	4119.566	4131.026	9583	0	240
2026.07.07	10:00:00	4131.330	4138.974	4130.949	4135.538	7810	0	240
2026.07.07	11:00:00	4135.845	4158.503	4131.792	4156.533	10527	0	240
2026.07.07	12:00:00	4156.671	4175.153	4154.362	4172.052	17541	0	240
2026.07.07	13:00:00	4172.104	4180.456	4155.998	4158.502	25452	0	240
2026.07.07	14:00:00	4158.432	4163.527	4143.468	4154.257	21293	0	240
2026.07.07	15:00:00	4154.192	4155.735	4135.645	4138.925	13886	0	240
2026.07.07	16:00:00	4138.923	4147.320	4136.925	4144.948	9393	0	240
2026.07.07	17:00:00	4145.005	4148.277	4140.334	4144.432	8143	0	240
2026.07.07	18:00:00	4144.483	4145.328	4124.904	4127.087	11937	0	240
2026.07.07	19:00:00	4126.977	4127.866	4092.023	4114.211	23882	0	240
2026.07.07	20:00:00	4114.242	4115.878	4103.408	4106.620	6055	0	240
2026.07.07	22:00:00	4097.703	4106.356	4094.171	4098.153	5627	0	240
2026.07.07	23:00:00	4098.375	4108.010	4095.685	4098.576	7732	0	240
2026.07.08	00:00:00	4098.471	4126.899	4096.822	4111.651	20177	0	240
2026.07.08	01:00:00	4111.582	4117.979	4096.349	4111.043	28523	0	240
2026.07.08	02:00:00	4111.103	4125.024	4105.862	4114.452	15848	0	240
2026.07.08	03:00:00	4114.591	4131.212	4114.436	4123.514	12096	0	240
2026.07.08	04:00:00	4123.457	4128.932	4120.537	4125.087	10054	0	240
2026.07.08	05:00:00	4125.252	4134.080	4120.959	4127.694	14922	0	240
2026.07.08	06:00:00	4127.747	4133.657	4122.019	4123.608	12901	0	240
2026.07.08	07:00:00	4123.550	4127.163	4114.581	4121.219	11040	0	240
2026.07.08	08:00:00	4121.290	4121.398	4052.037	4056.805	47964	0	240
2026.07.08	09:00:00	4056.650	4061.026	4041.378	4043.377	25453	0	240
2026.07.08	10:00:00	4043.429	4058.485	4040.406	4053.013	16362	0	240
2026.07.08	11:00:00	4052.957	4072.589	4041.253	4061.990	23199	0	240
2026.07.08	12:00:00	4061.935	4086.373	4058.632	4071.988	26317	0	240
2026.07.08	13:00:00	4072.309	4083.153	4065.119	4070.668	37479	0	240
2026.07.08	14:00:00	4070.719	4071.597	4033.712	4040.898	33288	0	240
2026.07.08	15:00:00	4040.955	4043.873	4021.718	4034.079	24093	0	240
2026.07.08	16:00:00	4034.133	4064.520	4033.105	4063.507	20826	0	240
2026.07.08	17:00:00	4063.561	4076.518	4059.750	4065.740	15241	0	240
2026.07.08	18:00:00	4065.678	4091.543	4063.382	4084.183	17366	0	240
2026.07.08	19:00:00	4084.234	4091.459	4078.144	4080.005	13466	0	240
2026.07.08	20:00:00	4080.059	4083.607	4071.611	4077.400	7699	0	240
2026.07.08	22:00:00	4077.952	4079.920	4072.602	4076.605	5276	0	240
2026.07.08	23:00:00	4076.626	4077.849	4071.811	4076.276	4667	0	240
2026.07.09	00:00:00	4076.084	4089.993	4070.080	4073.953	14873	0	240
2026.07.09	01:00:00	4073.903	4078.911	4062.337	4072.960	19456	0	240
2026.07.09	02:00:00	4072.808	4082.773	4064.201	4065.143	12127	0	240
2026.07.09	03:00:00	4065.083	4067.525	4054.046	4064.060	10698	0	240
2026.07.09	04:00:00	4064.111	4064.652	4056.333	4064.150	7633	0	240
2026.07.09	05:00:00	4064.201	4084.329	4063.504	4081.888	14974	0	240
2026.07.09	06:00:00	4081.940	4108.151	4081.370	4108.097	19318	0	240
2026.07.09	07:00:00	4107.869	4111.262	4101.467	4107.713	11009	0	240
2026.07.09	08:00:00	4107.765	4117.701	4105.148	4108.375	10562	0	240
2026.07.09	09:00:00	4108.424	4112.487	4103.029	4106.146	8902	0	240
2026.07.09	10:00:00	4106.196	4110.053	4093.537	4098.929	8475	0	240
2026.07.09	11:00:00	4099.011	4110.646	4097.744	4108.528	9526	0	240
2026.07.09	12:00:00	4108.623	4122.734	4105.090	4107.803	15580	0	240
2026.07.09	13:00:00	4107.746	4129.648	4106.675	4121.852	22410	0	240
2026.07.09	14:00:00	4121.993	4136.316	4114.145	4127.635	19898	0	240
2026.07.09	15:00:00	4127.699	4132.773	4124.647	4126.646	11408	0	240
2026.07.09	16:00:00	4126.807	4138.057	4125.550	4127.949	9343	0	240
2026.07.09	17:00:00	4128.181	4138.194	4124.833	4135.966	9208	0	240
2026.07.09	18:00:00	4136.168	4136.178	4121.347	4124.560	6814	0	240
2026.07.09	19:00:00	4124.511	4126.998	4118.641	4122.250	6168	0	240
2026.07.09	20:00:00	4122.201	4125.490	4120.588	4123.930	3452	0	240
2026.07.09	22:00:00	4125.508	4127.656	4121.369	4121.862	3810	0	240
2026.07.09	23:00:00	4121.844	4125.189	4120.926	4123.547	3371	0	240
2026.07.10	00:00:00	4123.495	4128.322	4114.130	4126.339	9410	0	240
2026.07.10	01:00:00	4126.391	4131.080	4108.537	4116.923	15536	0	240
2026.07.10	02:00:00	4117.002	4129.226	4115.987	4127.921	9761	0	240
2026.07.10	03:00:00	4127.858	4134.804	4119.285	4120.104	8751	0	240
2026.07.10	04:00:00	4120.253	4121.195	4111.956	4115.222	6546	0	240
2026.07.10	05:00:00	4115.172	4117.203	4108.134	4116.731	10604	0	240
2026.07.10	06:00:00	4116.790	4120.217	4110.948	4111.861	9680	0	240
2026.07.10	07:00:00	4111.851	4115.344	4104.309	4108.837	8995	0	240
2026.07.10	08:00:00	4108.888	4109.535	4094.718	4097.994	8982	0	240
2026.07.10	09:00:00	4097.689	4105.456	4094.225	4104.137	7288	0	240
2026.07.10	10:00:00	4104.207	4112.652	4104.047	4104.644	6820	0	240
2026.07.10	11:00:00	4104.591	4108.234	4095.934	4102.451	7886	0	240
2026.07.10	12:00:00	4102.456	4117.611	4097.288	4100.569	14190	0	240
2026.07.10	13:00:00	4100.871	4106.797	4085.459	4099.689	18686	0	240
2026.07.10	14:00:00	4100.012	4109.061	4072.658	4092.860	29544	0	240
2026.07.10	15:00:00	4092.914	4113.451	4091.169	4112.877	14519	0	240
2026.07.10	16:00:00	4112.933	4115.509	4104.306	4104.682	8921	0	240
2026.07.10	17:00:00	4104.521	4106.949	4100.337	4100.755	7586	0	240
2026.07.10	18:00:00	4100.865	4105.765	4097.927	4101.377	6185	0	240
2026.07.10	19:00:00	4101.173	4109.178	4097.691	4108.274	5732	0	240
2026.07.10	20:00:00	4108.212	4121.141	4108.148	4119.908	4724	0	240
2026.07.12	22:00:00	4098.561	4099.253	4069.754	4076.628	10069	0	240
2026.07.12	23:00:00	4076.574	4084.801	4068.426	4084.311	8470	0	240
2026.07.13	00:00:00	4084.359	4091.138	4061.009	4073.882	18717	0	240
2026.07.13	01:00:00	4073.773	4089.964	4065.228	4072.267	27668	0	240
2026.07.13	02:00:00	4072.323	4077.569	4064.636	4068.537	17161	0	240
2026.07.13	03:00:00	4068.733	4069.587	4052.761	4060.356	12130	0	240
2026.07.13	04:00:00	4060.242	4060.323	4050.195	4058.743	8389	0	240
2026.07.13	05:00:00	4058.631	4073.248	4051.919	4053.780	16682	0	240
2026.07.13	06:00:00	4053.847	4063.646	4043.707	4055.369	15763	0	240
2026.07.13	07:00:00	4055.427	4065.116	4048.898	4064.528	11696	0	240
2026.07.13	08:00:00	4064.639	4080.834	4063.138	4074.731	13355	0	240
2026.07.13	09:00:00	4074.677	4076.631	4068.086	4068.317	8786	0	240
2026.07.13	10:00:00	4068.261	4070.562	4046.458	4060.457	11878	0	240
2026.07.13	11:00:00	4060.514	4068.605	4055.006	4056.473	12112	0	240
2026.07.13	12:00:00	4056.507	4067.601	4053.492	4067.248	13049	0	240
2026.07.13	13:00:00	4067.297	4067.656	4041.873	4043.400	23025	0	240
2026.07.13	14:00:00	4043.288	4047.071	4000.158	4015.222	44947	0	240
2026.07.13	15:00:00	4015.287	4020.452	4010.079	4015.989	16064	0	240
2026.07.13	16:00:00	4015.796	4018.099	3986.478	3993.282	21015	0	240
2026.07.13	17:00:00	3993.236	4001.950	3991.935	3993.050	14010	0	240
2026.07.13	18:00:00	3993.098	4005.196	3986.549	4001.362	11818	0	240
2026.07.13	19:00:00	4001.598	4004.562	3993.391	4001.808	9921	0	240
2026.07.13	20:00:00	4001.858	4006.290	3996.247	4002.156	6360	0	240
2026.07.13	22:00:00	4004.100	4006.279	4000.695	4000.983	3938	0	240
2026.07.13	23:00:00	4001.032	4003.249	3992.724	4000.913	6175	0	240
2026.07.14	00:00:00	4000.983	4007.323	3983.307	4004.062	25205	0	240
2026.07.14	01:00:00	4004.115	4012.233	3992.055	4010.572	23154	0	240
2026.07.14	02:00:00	4010.645	4019.154	4006.029	4012.142	13544	0	240
2026.07.14	03:00:00	4012.328	4019.076	4011.154	4016.796	9869	0	240
2026.07.14	04:00:00	4016.850	4023.469	4013.371	4020.394	7944	0	240
2026.07.14	05:00:00	4020.455	4034.183	4019.589	4031.232	10573	0	240
2026.07.14	06:00:00	4031.281	4033.336	4021.562	4024.063	9771	0	240
2026.07.14	07:00:00	4023.954	4030.031	4020.205	4020.825	10075	0	240
2026.07.14	08:00:00	4020.939	4023.766	4014.303	4016.062	10366	0	240
2026.07.14	09:00:00	4016.012	4024.573	4013.572	4021.829	9720	0	240
2026.07.14	10:00:00	4021.697	4022.976	4015.022	4021.747	8480	0	240
2026.07.14	11:00:00	4021.426	4031.987	4015.390	4031.031	11310	0	240
2026.07.14	12:00:00	4030.963	4103.230	4023.108	4076.368	34933	0	160
2026.07.14	13:00:00	4076.318	4088.677	4070.707	4076.574	32302	0	240
2026.07.14	14:00:00	4076.628	4090.554	4070.476	4084.926	30352	0	240
2026.07.14	15:00:00	4085.227	4100.434	4064.431	4066.391	25171	0	240
2026.07.14	16:00:00	4066.449	4067.193	4057.604	4061.440	13914	0	240
2026.07.14	17:00:00	4061.494	4065.164	4054.258	4062.894	10258	0	240
2026.07.14	18:00:00	4062.835	4063.018	4042.673	4053.929	10873	0	240
2026.07.14	19:00:00	4054.051	4057.374	4047.421	4055.864	9163	0	240
2026.07.14	20:00:00	4055.700	4056.467	4049.098	4052.869	4382	0	240
2026.07.14	22:00:00	4052.577	4053.583	4048.349	4048.949	4227	0	240
2026.07.14	23:00:00	4048.932	4056.252	4046.630	4053.123	4720	0	240
2026.07.15	00:00:00	4052.928	4060.725	4050.876	4059.113	10823	0	240
2026.07.15	01:00:00	4059.225	4062.030	4035.483	4037.293	16911	0	240
2026.07.15	02:00:00	4037.142	4042.244	4029.243	4035.323	11763	0	240
2026.07.15	03:00:00	4035.265	4040.450	4027.823	4031.271	9003	0	240
2026.07.15	04:00:00	4031.320	4034.992	4028.243	4033.037	6379	0	240
2026.07.15	05:00:00	4033.346	4036.595	4022.036	4034.925	11790	0	240
2026.07.15	06:00:00	4034.869	4035.611	4021.066	4031.917	11482	0	240
2026.07.15	07:00:00	4032.037	4034.379	4019.593	4024.490	10507	0	240
2026.07.15	08:00:00	4024.346	4033.077	4017.244	4031.226	10019	0	240
2026.07.15	09:00:00	4031.332	4034.247	4025.336	4030.062	9162	0	240
2026.07.15	10:00:00	4030.134	4036.158	4026.439	4028.029	8935	0	240
2026.07.15	11:00:00	4027.906	4040.395	4027.667	4038.137	8613	0	240
2026.07.15	12:00:00	4038.189	4071.540	4035.890	4067.942	17515	0	240
2026.07.15	13:00:00	4068.009	4074.262	4054.164	4061.765	21499	0	240
2026.07.15	14:00:00	4061.824	4066.019	4053.052	4060.251	18270	0	240
2026.07.15	15:00:00	4060.357	4062.900	4039.542	4046.920	17194	0	240
2026.07.15	16:00:00	4046.871	4047.820	4026.676	4033.571	18355	0	240
2026.07.15	17:00:00	4033.640	4066.172	4032.732	4061.999	15384	0	240
2026.07.15	18:00:00	4062.119	4081.502	4058.068	4059.284	13309	0	240
2026.07.15	19:00:00	4059.235	4062.905	4047.794	4056.879	11460	0	240
2026.07.15	20:00:00	4056.759	4063.286	4055.011	4060.079	4532	0	240
2026.07.15	22:00:00	4065.797	4065.797	4058.115	4059.758	4202	0	240
2026.07.15	23:00:00	4059.708	4062.164	4055.594	4057.900	4896	0	240
2026.07.16	00:00:00	4057.945	4061.388	4043.574	4044.705	10549	0	240
2026.07.16	01:00:00	4044.711	4050.604	4033.736	4038.942	17898	0	240
2026.07.16	02:00:00	4039.243	4040.185	4024.019	4031.538	12714	0	240
2026.07.16	03:00:00	4031.508	4036.969	4027.716	4036.093	8078	0	240
2026.07.16	04:00:00	4036.075	4038.019	4031.750	4033.260	5735	0	240
2026.07.16	05:00:00	4033.260	4034.098	4025.142	4027.424	12502	0	240
2026.07.16	06:00:00	4027.368	4036.678	4022.753	4030.665	12667	0	240
2026.07.16	07:00:00	4030.715	4031.718	4022.807	4030.518	9845	0	240
2026.07.16	08:00:00	4030.396	4036.705	4025.194	4035.374	8994	0	240
2026.07.16	09:00:00	4035.241	4037.931	4030.565	4031.720	7573	0	240
2026.07.16	10:00:00	4031.654	4034.809	4028.695	4029.571	6843	0	240
2026.07.16	11:00:00	4029.620	4042.447	4021.084	4038.504	13487	0	240
2026.07.16	12:00:00	4038.559	4043.354	3990.331	3992.380	26970	0	240
2026.07.16	13:00:00	3992.180	4008.529	3973.537	3990.097	36958	0	240
2026.07.16	14:00:00	3989.960	4006.691	3986.959	3997.732	23949	0	240
2026.07.16	15:00:00	3997.783	4017.112	3989.198	4007.048	19207	0	240
2026.07.16	16:00:00	4006.886	4007.811	3982.216	3992.114	17639	0	240
2026.07.16	17:00:00	3992.080	3992.982	3979.765	3984.609	12662	0	240
2026.07.16	18:00:00	3984.658	3990.484	3976.446	3980.459	10843	0	240
2026.07.16	19:00:00	3980.539	3986.129	3969.226	3979.863	10961	0	240
2026.07.16	20:00:00	3979.814	3980.277	3971.746	3976.341	5110	0	240
2026.07.16	22:00:00	3978.609	3980.517	3973.088	3978.224	4077	0	240
2026.07.16	23:00:00	3978.177	3986.446	3975.462	3985.782	5153	0	240
2026.07.17	00:00:00	3985.830	3992.017	3980.469	3991.862	13853	0	240
2026.07.17	01:00:00	3991.911	3996.197	3979.079	3983.030	19886	0	240
2026.07.17	02:00:00	3983.081	3987.258	3970.410	3979.085	14636	0	240
2026.07.17	03:00:00	3979.237	4008.965	3978.561	3991.293	14994	0	240
2026.07.17	04:00:00	3991.380	3991.777	3980.012	3981.648	9300	0	240
2026.07.17	05:00:00	3981.600	3991.523	3975.030	3985.188	16217	0	240
2026.07.17	06:00:00	3985.064	4007.239	3985.015	3999.223	16435	0	240
2026.07.17	07:00:00	3999.512	4002.593	3992.643	3992.803	11910	0	240
2026.07.17	08:00:00	3992.755	3999.998	3987.670	3994.452	13186	0	240
2026.07.17	09:00:00	3994.311	4002.621	3992.765	3997.927	10929	0	240
2026.07.17	10:00:00	3997.873	3999.144	3990.294	3990.857	8361	0	240
2026.07.17	11:00:00	3990.860	3998.931	3989.818	3993.976	9276	0	240
2026.07.17	12:00:00	3994.086	3995.665	3963.871	3966.336	16350	0	240
2026.07.17	13:00:00	3966.286	4003.824	3959.360	3996.872	37607	0	240
2026.07.17	14:00:00	3997.167	4004.589	3990.313	4001.046	27053	0	240
2026.07.17	15:00:00	4000.934	4021.243	3997.591	4018.925	23322	0	240
2026.07.17	16:00:00	4018.980	4023.877	4010.865	4015.068	15536	0	240
2026.07.17	17:00:00	4015.123	4019.281	4008.254	4009.908	9358	0	240
2026.07.17	18:00:00	4010.139	4016.143	4006.454	4011.121	8009	0	240
2026.07.17	19:00:00	4011.321	4016.573	4002.346	4015.241	8054	0	240
2026.07.17	20:00:00	4015.367	4018.808	4008.542	4017.685	5331	0	240
2026.07.19	22:00:00	4000.132	4002.918	3993.335	3995.009	7221	0	240
2026.07.19	23:00:00	3994.966	3996.151	3989.154	3995.625	6846	0	240
2026.07.20	00:00:00	3995.494	4010.307	3982.626	4008.413	18486	0	240
2026.07.20	01:00:00	4008.525	4021.090	3995.680	4001.954	24540	0	240
2026.07.20	02:00:00	4002.258	4028.865	4001.132	4021.903	16571	0	240
2026.07.20	03:00:00	4021.855	4027.871	4018.441	4024.205	11303	0	240
2026.07.20	04:00:00	4024.155	4026.663	4018.364	4018.993	7044	0	240
2026.07.20	05:00:00	4018.808	4020.965	4005.212	4008.848	11548	0	240
2026.07.20	06:00:00	4008.786	4011.867	4002.873	4004.013	11123	0	240
2026.07.20	07:00:00	4003.663	4021.715	4001.958	4017.415	12718	0	240
2026.07.20	08:00:00	4017.152	4030.840	4017.045	4019.069	10589	0	240
2026.07.20	09:00:00	4019.021	4023.411	4014.781	4021.066	8061	0	240
2026.07.20	10:00:00	4021.119	4025.791	4018.002	4024.018	7244	0	240
2026.07.20	11:00:00	4024.073	4040.765	4019.858	4025.300	18795	0	240
2026.07.20	12:00:00	4025.235	4025.307	4006.433	4008.195	18502	0	240
2026.07.20	13:00:00	4008.147	4017.296	4005.626	4005.915	19053	0	240
2026.07.20	14:00:00	4005.863	4013.658	3998.109	4005.964	17592	0	240
2026.07.20	15:00:00	4006.294	4019.669	4004.377	4011.869	13331	0	240
2026.07.20	16:00:00	4011.819	4018.486	4001.252	4009.643	10850	0	240
2026.07.20	17:00:00	4009.879	4013.108	4003.609	4005.258	7983	0	240
2026.07.20	18:00:00	4005.252	4011.796	4003.144	4007.167	7977	0	240
2026.07.20	19:00:00	4007.119	4018.143	4004.179	4006.958	9458	0	240
2026.07.20	20:00:00	4007.027	4009.536	4005.617	4008.645	4143	0	240
2026.07.20	22:00:00	4009.617	4010.753	3999.837	4000.543	5474	0	240
2026.07.20	23:00:00	4000.652	4010.651	4000.319	4009.702	6767	0	240
2026.07.21	00:00:00	4009.812	4027.253	4003.815	4024.901	16257	0	240
2026.07.21	01:00:00	4025.008	4035.930	4018.486	4023.039	18256	0	240
2026.07.21	02:00:00	4023.127	4045.473	4022.078	4037.874	13567	0	240
2026.07.21	03:00:00	4037.761	4051.732	4036.688	4046.793	10348	0	240
2026.07.21	04:00:00	4046.906	4052.050	4043.611	4049.479	6745	0	240
2026.07.21	05:00:00	4049.482	4068.018	4046.337	4061.475	11240	0	240
2026.07.21	06:00:00	4061.390	4084.270	4061.390	4078.463	11988	0	240
2026.07.21	07:00:00	4078.398	4080.343	4067.655	4071.362	8764	0	240
2026.07.21	08:00:00	4071.292	4072.527	4059.073	4062.917	8543	0	240
2026.07.21	09:00:00	4062.715	4069.879	4060.871	4066.024	7921	0	240
2026.07.21	10:00:00	4065.974	4070.152	4060.886	4063.074	9108	0	240
2026.07.21	11:00:00	4063.144	4063.752	4054.285	4056.103	7831	0	240
2026.07.21	12:00:00	4056.073	4065.802	4050.909	4053.918	13109	0	240
2026.07.21	13:00:00	4053.864	4061.859	4044.425	4052.976	20607	0	240
2026.07.21	14:00:00	4053.316	4073.967	4051.486	4068.458	17610	0	240
2026.07.21	15:00:00	4068.407	4083.588	4065.296	4074.259	12574	0	240
2026.07.21	16:00:00	4074.187	4079.238	4069.969	4071.723	7171	0	240
2026.07.21	17:00:00	4071.775	4072.855	4066.659	4068.520	6231	0	240
2026.07.21	18:00:00	4068.829	4087.379	4067.497	4082.418	7306	0	240
2026.07.21	19:00:00	4082.466	4085.636	4080.071	4084.516	6408	0	240
2026.07.21	20:00:00	4084.467	4086.427	4076.690	4077.934	4025	0	240
2026.07.21	22:00:00	4078.962	4085.170	4076.990	4080.512	4610	0	240
2026.07.21	23:00:00	4080.553	4082.893	4079.230	4080.668	3697	0	240
2026.07.22	00:00:00	4080.459	4102.724	4076.583	4097.459	15562	0	240
2026.07.22	01:00:00	4097.409	4123.881	4096.622	4121.988	21122	0	240
2026.07.22	02:00:00	4122.177	4131.001	4118.940	4130.330	12104	0	240
2026.07.22	03:00:00	4130.278	4141.681	4129.081	4130.926	9424	0	240
2026.07.22	04:00:00	4130.873	4131.362	4124.793	4126.874	6690	0	240
2026.07.22	05:00:00	4126.925	4134.139	4122.821	4130.840	10332	0	240
2026.07.22	06:00:00	4130.963	4135.218	4113.325	4116.393	12236	0	240
2026.07.22	07:00:00	4116.490	4123.019	4109.086	4110.776	10866	0	240
2026.07.22	08:00:00	4110.473	4120.005	4110.473	4118.214	9463	0	240
2026.07.22	09:00:00	4118.271	4122.436	4113.215	4115.158	8622	0	240
2026.07.22	10:00:00	4115.211	4121.776	4114.797	4117.411	7297	0	240
2026.07.22	11:00:00	4117.471	4123.031	4112.475	4122.520	8944	0	240
2026.07.22	12:00:00	4122.452	4134.523	4106.217	4112.909	14173	0	240
2026.07.22	13:00:00	4113.030	4155.990	4112.595	4154.470	21346	0	240
2026.07.22	14:00:00	4154.526	4163.624	4143.969	4148.558	19254	0	240
2026.07.22	15:00:00	4148.559	4166.054	4148.559	4159.132	10949	0	240
2026.07.22	16:00:00	4159.181	4159.560	4144.272	4146.934	9457	0	240
2026.07.22	17:00:00	4146.938	4148.004	4138.267	4142.516	8362	0	240
2026.07.22	18:00:00	4142.402	4142.779	4131.808	4136.221	8366	0	240
2026.07.22	19:00:00	4136.138	4137.314	4128.937	4131.685	6789	0	240
2026.07.22	20:00:00	4131.577	4137.792	4128.210	4130.104	7353	0	240
2026.07.22	22:00:00	4117.800	4129.890	4115.698	4121.796	8461	0	240
2026.07.22	23:00:00	4121.854	4134.227	4116.562	4133.267	7729	0	240
2026.07.23	00:00:00	4133.319	4134.763	4125.024	4132.279	10627	0	240
2026.07.23	01:00:00	4132.218	4141.157	4114.181	4117.927	21043	0	240
2026.07.23	02:00:00	4117.871	4128.872	4112.096	4127.980	13789	0	240
2026.07.23	03:00:00	4127.928	4133.243	4123.943	4124.798	8962	0	240
2026.07.23	04:00:00	4124.682	4130.450	4119.973	4121.351	7218	0	240
2026.07.23	05:00:00	4121.326	4130.596	4119.377	4123.830	10118	0	240
2026.07.23	06:00:00	4123.891	4128.232	4116.828	4118.611	10791	0	240
2026.07.23	07:00:00	4118.591	4119.442	4089.938	4095.526	16092	0	240
2026.07.23	08:00:00	4095.225	4097.842	4086.968	4093.292	11935	0	240
2026.07.23	09:00:00	4093.183	4099.246	4088.432	4089.777	10144	0	240
2026.07.23	10:00:00	4089.976	4095.369	4085.977	4093.318	9832	0	240
2026.07.23	11:00:00	4093.160	4093.954	4072.764	4085.749	14423	0	240
2026.07.23	12:00:00	4085.501	4086.086	4060.818	4061.574	19116	0	240
2026.07.23	13:00:00	4061.765	4067.563	4040.324	4043.309	33354	0	240
2026.07.23	14:00:00	4043.503	4061.787	4039.957	4057.990	24576	0	240
2026.07.23	15:00:00	4057.939	4059.410	4042.188	4048.786	19331	0	240
2026.07.23	16:00:00	4048.650	4051.842	4045.760	4051.304	8850	0	240
2026.07.23	17:00:00	4051.357	4054.635	4041.610	4041.855	10863	0	240
2026.07.23	18:00:00	4041.983	4048.389	4040.540	4045.941	8391	0	240
2026.07.23	19:00:00	4046.217	4051.000	4042.876	4049.891	6942	0	240
2026.07.23	20:00:00	4049.956	4051.329	4047.359	4049.216	4153	0	240
2026.07.23	22:00:00	4050.636	4050.636	4048.471	4049.439	2783	0	240
2026.07.23	23:00:00	4049.439	4050.803	4046.449	4046.905	4216	0	240
2026.07.24	00:00:00	4046.993	4050.828	4041.129	4050.024	9726	0	240
2026.07.24	01:00:00	4050.074	4050.442	4039.912	4043.504	12399	0	240
2026.07.24	02:00:00	4043.631	4048.496	4023.010	4024.381	13101	0	240
2026.07.24	03:00:00	4024.494	4033.572	4022.985	4029.371	8865	0	240
2026.07.24	04:00:00	4029.311	4030.538	4025.606	4027.133	6068	0	240
2026.07.24	05:00:00	4026.932	4032.151	4021.844	4022.978	10309	0	240
2026.07.24	06:00:00	4022.950	4039.059	4022.812	4035.802	10409	0	240
2026.07.24	07:00:00	4035.503	4053.816	4035.026	4048.572	10194	0	240
2026.07.24	08:00:00	4048.339	4058.909	4045.053	4057.377	8028	0	240
2026.07.24	09:00:00	4057.429	4060.870	4051.583	4059.676	7207	0	240
2026.07.24	10:00:00	4059.728	4063.926	4057.034	4059.922	6283	0	240
2026.07.24	11:00:00	4060.222	4063.498	4051.455	4057.666	7273	0	240
2026.07.24	12:00:00	4057.637	4060.238	4051.707	4056.155	9749	0	240
2026.07.24	13:00:00	4055.919	4068.548	4044.518	4067.598	17569	0	240
2026.07.24	14:00:00	4067.216	4070.034	4055.820	4063.433	17545	0	240
2026.07.24	15:00:00	4063.487	4082.120	4061.755	4077.411	19873	0	240
2026.07.24	16:00:00	4077.437	4078.226	4064.030	4066.873	8651	0	240
2026.07.24	17:00:00	4066.922	4069.940	4062.948	4063.428	7903	0	240
2026.07.24	18:00:00	4063.479	4064.523	4051.201	4054.486	7372	0	240
2026.07.24	19:00:00	4054.616	4057.865	4049.034	4053.523	7720	0	240
2026.07.24	20:00:00	4053.687	4056.167	4051.511	4052.772	4173	0	240
2026.07.26	22:00:00	4091.771	4096.553	4083.748	4089.778	5469	0	260
2026.07.26	23:00:00	4089.705	4096.452	4083.583	4093.898	5533	0	240
2026.07.27	00:00:00	4094.295	4116.292	4090.669	4100.884	17369	0	240
2026.07.27	01:00:00	4100.779	4112.638	4096.910	4109.939	19351	0	240
2026.07.27	02:00:00	4109.988	4110.909	4093.502	4093.502	10358	0	240
2026.07.27	03:00:00	4093.705	4095.809	4085.199	4090.842	8248	0	240
2026.07.27	04:00:00	4090.894	4092.836	4086.946	4090.473	5967	0	240
2026.07.27	05:00:00	4090.462	4094.880	4084.301	4092.933	9492	0	240
2026.07.27	06:00:00	4092.992	4099.435	4091.221	4096.172	10137	0	240
2026.07.27	07:00:00	4096.112	4106.041	4088.590	4088.908	10316	0	240
2026.07.27	08:00:00	4088.963	4096.785	4086.970	4095.308	9428	0	240
2026.07.27	09:00:00	4095.294	4100.283	4090.277	4096.269	8068	0	240
2026.07.27	10:00:00	4096.219	4102.285	4086.293	4099.564	8345	0	240
2026.07.27	11:00:00	4099.616	4104.167	4093.428	4094.031	9460	0	240
2026.07.27	12:00:00	4094.040	4097.776	4081.409	4083.817	13352	0	240
2026.07.27	13:00:00	4083.494	4089.613	4070.563	4074.017	24368	0	240
2026.07.27	14:00:00	4074.245	4079.279	4065.247	4075.990	23186	0	240
2026.07.27	15:00:00	4076.040	4079.977	4071.675	4078.608	13888	0	240
2026.07.27	16:00:00	4078.513	4093.778	4077.706	4082.254	13073	0	240
2026.07.27	17:00:00	4082.299	4082.369	4070.495	4076.435	10042	0	240
2026.07.27	18:00:00	4076.401	4079.549	4072.718	4077.756	8032	0	240
2026.07.27	19:00:00	4078.009	4089.344	4076.133	4083.208	7257	0	240
2026.07.27	20:00:00	4083.258	4084.134	4075.109	4076.799	4002	0	240
2026.07.27	22:00:00	4079.401	4081.641	4071.057	4074.044	3723	0	240
2026.07.27	23:00:00	4074.071	4075.121	4069.838	4073.195	4061	0	240
2026.07.28	00:00:00	4073.146	4074.211	4057.394	4057.763	13306	0	240
2026.07.28	01:00:00	4057.712	4060.196	4042.365	4045.042	19404	0	240
2026.07.28	02:00:00	4045.094	4049.009	4040.555	4042.087	10469	0	240
2026.07.28	03:00:00	4042.023	4051.030	4040.193	4049.236	8071	0	240
2026.07.28	04:00:00	4049.189	4049.701	4041.249	4042.301	6624	0	240
2026.07.28	05:00:00	4042.251	4046.605	4034.702	4045.363	10755	0	240
2026.07.28	06:00:00	4045.162	4052.374	4042.778	4048.338	10008	0	240
2026.07.28	07:00:00	4048.438	4052.418	4046.049	4047.179	8137	0	240
2026.07.28	08:00:00	4047.361	4055.264	4041.598	4045.354	13463	0	240
2026.07.28	09:00:00	4045.301	4045.931	4019.089	4023.416	11097	0	240
2026.07.28	10:00:00	4023.454	4028.428	4016.830	4026.498	12011	0	240
2026.07.28	11:00:00	4026.439	4032.279	4023.044	4028.003	11844	0	240
2026.07.28	12:00:00	4027.906	4038.100	4022.857	4029.483	13195	0	240
2026.07.28	13:00:00	4029.454	4036.177	4020.094	4022.374	21212	0	240
2026.07.28	14:00:00	4022.372	4033.576	4011.292	4024.404	20034	0	240
2026.07.28	15:00:00	4024.206	4047.056	4022.221	4045.973	20309	0	240
2026.07.28	16:00:00	4046.281	4046.565	4036.474	4037.618	8628	0	240
2026.07.28	17:00:00	4037.669	4041.697	4025.584	4027.787	9279	0	240
2026.07.28	18:00:00	4027.819	4030.469	4021.583	4022.887	7567	0	240
2026.07.28	19:00:00	4022.831	4027.985	4021.779	4026.526	6194	0	240
2026.07.28	20:00:00	4026.217	4030.490	4022.542	4028.838	4525	0	240
2026.07.28	22:00:00	4027.783	4028.600	4013.864	4018.380	4880	0	240
2026.07.28	23:00:00	4018.430	4026.184	4014.905	4025.098	7044	0	240
2026.07.29	00:00:00	4024.898	4030.053	4017.592	4021.650	14495	0	240
2026.07.29	01:00:00	4021.602	4030.742	4009.998	4025.682	20363	0	240
2026.07.29	02:00:00	4025.771	4038.010	4022.934	4029.663	13729	0	240
2026.07.29	03:00:00	4029.614	4032.625	4022.998	4023.687	8857	0	240
2026.07.29	04:00:00	4023.703	4027.728	4020.471	4027.416	8114	0	240
2026.07.29	05:00:00	4027.423	4040.028	4026.469	4033.142	11375	0	240
2026.07.29	06:00:00	4033.173	4044.839	4032.849	4041.034	9526	0	240
2026.07.29	07:00:00	4040.924	4047.826	4040.924	4043.882	7301	0	240
2026.07.29	08:00:00	4043.832	4044.475	4035.573	4037.444	7417	0	240
2026.07.29	09:00:00	4037.493	4038.479	4031.157	4032.749	6571	0	240
2026.07.29	10:00:00	4032.803	4034.451	4025.792	4027.211	7284	0	240
2026.07.29	11:00:00	4027.340	4036.087	4024.785	4032.616	7144	0	240
2026.07.29	12:00:00	4032.665	4033.541	4009.110	4022.529	15232	0	240
2026.07.29	13:00:00	4022.600	4026.510	4002.443	4007.139	21650	0	240
2026.07.29	14:00:00	4007.443	4010.259	3995.886	4004.872	21337	0	240
2026.07.29	15:00:00	4004.750	4013.943	4003.084	4009.906	13510	0	240
2026.07.29	16:00:00	4009.736	4032.894	4007.434	4027.429	11918	0	240
2026.07.29	17:00:00	4027.326	4050.695	4027.174	4044.212	16164	0	240
2026.07.29	18:00:00	4043.932	4110.040	4042.960	4106.535	68110	0	240
2026.07.29	19:00:00	4106.591	4116.458	4044.061	4044.773	54350	0	240
2026.07.29	20:00:00	4044.721	4070.088	4042.540	4066.291	20552	0	240
2026.07.29	22:00:00	4068.187	4090.524	4064.935	4088.409	7365	0	240
2026.07.29	23:00:00	4088.355	4100.378	4084.393	4084.754	9405	0	240
2026.07.30	00:00:00	4084.555	4086.674	4064.736	4072.027	21780	0	240
2026.07.30	01:00:00	4072.084	4093.150	4070.169	4084.701	25129	0	240
2026.07.30	02:00:00	4084.552	4090.445	4063.241	4063.557	15580	0	240
2026.07.30	03:00:00	4063.752	4069.967	4050.567	4058.764	14252	0	240
2026.07.30	04:00:00	4059.029	4060.219	4044.217	4046.138	9533	0	240
2026.07.30	05:00:00	4046.190	4051.223	4028.255	4033.807	19391	0	240
2026.07.30	06:00:00	4033.753	4040.598	4029.196	4036.547	16611	0	240
2026.07.30	07:00:00	4036.743	4051.330	4035.402	4038.908	16168	0	240
2026.07.30	08:00:00	4038.607	4073.014	4036.592	4061.344	19236	0	240
2026.07.30	09:00:00	4061.607	4073.172	4060.187	4063.442	13880	0	240
2026.07.30	10:00:00	4063.515	4083.063	4062.890	4078.116	16288	0	240
2026.07.30	11:00:00	4078.000	4082.804	4075.743	4077.586	11093	0	240
2026.07.30	12:00:00	4077.699	4086.946	4067.032	4068.868	20396	0	240
2026.07.30	13:00:00	4068.966	4112.654	4064.878	4112.110	43445	0	240
2026.07.30	14:00:00	4112.167	4120.398	4087.065	4099.896	40431	0	240
2026.07.30	15:00:00	4099.949	4110.086	4082.938	4107.999	23612	0	240
2026.07.30	16:00:00	4107.945	4119.271	4106.455	4110.607	11381	0	240
2026.07.30	17:00:00	4110.778	4111.350	4098.591	4102.450	10948	0	240
2026.07.30	18:00:00	4102.645	4107.936	4098.693	4099.622	7671	0	240
2026.07.30	19:00:00	4099.513	4115.484	4098.705	4112.162	8432	0	240
2026.07.30	20:00:00	4112.217	4117.495	4098.986	4103.046	8155	0	240
2026.07.30	22:00:00	4105.237	4111.174	4102.494	4109.252	4361	0	240
2026.07.30	23:00:00	4109.214	4111.811	4102.178	4105.897	4970	0	240
2026.07.31	00:00:00	4105.848	4107.253	4090.386	4094.593	10170	0	240
2026.07.31	01:00:00	4094.658	4101.610	4082.042	4084.349	14602	0	240
2026.07.31	02:00:00	4084.387	4090.583	4073.984	4076.248	9302	0	240
2026.07.31	03:00:00	4076.182	4079.468	4071.821	4075.036	7978	0	240
2026.07.31	04:00:00	4075.041	4081.332	4073.240	4080.092	5630	0	240
2026.07.31	05:00:00	4080.151	4083.422	4073.259	4074.465	7496	0	240
2026.07.31	06:00:00	4074.548	4087.528	4072.613	4077.703	10276	0	240
2026.07.31	07:00:00	4077.639	4079.087	4067.306	4067.807	9207	0	240
2026.07.31	08:00:00	4067.747	4067.814	4053.961	4061.034	12008	0	240
2026.07.31	09:00:00	4060.976	4063.850	4050.008	4055.051	9856	0	240
2026.07.31	10:00:00	4055.234	4058.372	4051.874	4054.311	6837	0	240
2026.07.31	11:00:00	4054.514	4061.152	4050.454	4053.731	9087	0	240
2026.07.31	12:00:00	4053.659	4059.501	4040.383	4040.920	12205	0	240
2026.07.31	13:00:00	4040.859	4047.071	4021.972	4025.546	26956	0	240
2026.07.31	14:00:00	4025.496	4050.369	4020.803	4049.051	20931	0	240
2026.07.31	15:00:00	4049.100	4052.804	4036.613	4045.566	16581	0	240
2026.07.31	16:00:00	4045.512	4050.044	4041.057	4043.364	9759	0	240
2026.07.31	17:00:00	4043.315	4054.831	4041.385	4053.556	10014	0	240
2026.07.31	18:00:00	4053.505	4055.109	4047.075	4050.618	7456	0	240
2026.07.31	19:00:00	4050.666	4055.681	4046.770	4051.051	7070	0	240
2026.07.31	20:00:00	4050.941	4053.062	4043.047	4043.812	11783	0	240
2026.08.02	22:00:00	4073.040	4079.535	4063.289	4063.914	7669	0	240
2026.08.02	23:00:00	4063.878	4074.970	4063.069	4074.778	6248	0	240
2026.08.03	00:00:00	4074.839	4079.158	4055.541	4057.169	17363	0	240
2026.08.03	01:00:00	4057.281	4063.486	4047.350	4056.524	20396	0	240
2026.08.03	02:00:00	4056.691	4067.232	4051.892	4062.354	12844	0	240
2026.08.03	03:00:00	4062.429	4068.022	4059.171	4064.884	9684	0	240
2026.08.03	04:00:00	4064.962	4071.927	4064.012	4064.012	6702	0	240
2026.08.03	05:00:00	4063.961	4070.086	4054.026	4068.766	10417	0	240
2026.08.03	06:00:00	4068.818	4071.965	4060.508	4064.011	12431	0	240
2026.08.03	07:00:00	4064.061	4065.298	4051.873	4060.835	12347	0	240
2026.08.03	08:00:00	4061.148	4062.434	4054.277	4059.406	9222	0	240
2026.08.03	09:00:00	4059.464	4062.137	4046.585	4055.373	10229	0	240
2026.08.03	10:00:00	4055.424	4057.213	4045.720	4049.247	8383	0	240
2026.08.03	11:00:00	4049.312	4063.058	4045.314	4062.400	10122	0	240
2026.08.03	12:00:00	4062.360	4064.700	4042.041	4047.494	12746	0	240
2026.08.03	13:00:00	4047.549	4053.595	4018.977	4032.326	24954	0	240
2026.08.03	14:00:00	4032.385	4039.336	4026.542	4036.401	15460	0	240
2026.08.03	15:00:00	4036.307	4040.999	4030.267	4036.023	11717	0	240
2026.08.03	16:00:00	4036.161	4039.411	4034.511	4037.045	6780	0	240
2026.08.03	17:00:00	4036.992	4037.908	4030.236	4030.624	6187	0	240
2026.08.03	18:00:00	4030.619	4045.070	4029.475	4043.333	6477	0	240
2026.08.03	19:00:00	4043.382	4055.885	4043.382	4052.120	7259	0	240
2026.08.03	20:00:00	4052.182	4058.237	4050.125	4055.037	4084	0	240
2026.08.03	22:00:00	4052.997	4054.598	4049.180	4052.714	3471	0	240
2026.08.03	23:00:00	4052.680	4055.153	4050.040	4053.762	4314	0	240
2026.08.04	00:00:00	4053.703	4069.405	4048.503	4049.279	10508	0	240
2026.08.04	01:00:00	4049.169	4061.962	4042.403	4058.685	14833	0	240
2026.08.04	02:00:00	4058.819	4065.091	4055.542	4058.941	9537	0	240
2026.08.04	03:00:00	4058.638	4061.886	4051.941	4052.572	7147	0	240
2026.08.04	04:00:00	4052.599	4066.369	4051.030	4063.659	6087	0	240
2026.08.04	05:00:00	4063.709	4067.670	4057.149	4062.008	8304	0	240
2026.08.04	06:00:00	4061.948	4066.313	4055.611	4063.163	8410	0	240
2026.08.04	07:00:00	4063.223	4066.868	4060.746	4065.330	7886	0	240
2026.08.04	08:00:00	4065.377	4072.959	4054.297	4055.172	9690	0	240
2026.08.04	09:00:00	4055.063	4055.539	4046.113	4049.577	7749	0	240
2026.08.04	10:00:00	4049.616	4060.727	4045.486	4053.912	10561	0	240
2026.08.04	11:00:00	4053.963	4084.329	4052.340	4074.925	17142	0	240
2026.08.04	12:00:00	4074.978	4084.490	4060.834	4070.716	17132	0	240
2026.08.04	13:00:00	4071.038	4093.765	4060.938	4084.043	28676	0	240
2026.08.04	14:00:00	4084.238	4091.845	4074.258	4083.453	19243	0	240
2026.08.04	15:00:00	4083.692	4088.916	4074.697	4087.423	14513	0	240
2026.08.04	16:00:00	4087.311	4093.660	4083.039	4093.114	8835	0	240
2026.08.04	17:00:00	4093.129	4106.425	4086.128	4086.146	10918	0	240
2026.08.04	18:00:00	4086.091	4089.120	4075.023	4079.734	8489	0	240
2026.08.04	19:00:00	4079.678	4084.759	4076.433	4078.473	6875	0	240
2026.08.04	20:00:00	4078.568	4080.450	4074.514	4077.825	5138	0	240
2026.08.04	22:00:00	4078.012	4085.734	4075.673	4075.801	4622	0	240
2026.08.04	23:00:00	4075.947	4077.168	4065.362	4072.308	6108	0	240
2026.08.05	00:00:00	4072.356	4083.585	4070.191	4082.370	7842	0	240
2026.08.05	01:00:00	4082.430	4102.659	4077.445	4101.218	14279	0	240
2026.08.05	02:00:00	4101.168	4135.564	4095.374	4129.300	20163	0	240
2026.08.05	03:00:00	4129.250	4136.533	4126.769	4128.383	10035	0	240
2026.08.05	04:00:00	4128.390	4141.506	4128.287	4135.603	8079	0	240
2026.08.05	05:00:00	4135.665	4173.103	4134.599	4161.605	20800	0	240
2026.08.05	06:00:00	4161.535	4178.469	4159.899	4177.619	15341	0	240
2026.08.05	07:00:00	4177.421	4179.626	4162.121	4170.626	12300	0	240
2026.08.05	08:00:00	4170.574	4172.759	4158.862	4160.350	12103	0	240
2026.08.05	09:00:00	4160.407	4167.209	4152.999	4157.960	11963	0	240
2026.08.05	10:00:00	4157.909	4161.611	4149.997	4161.278	8099	0	240
2026.08.05	11:00:00	4161.219	4192.729	4160.562	4188.955	15524	0	240
2026.08.05	12:00:00	4189.012	4213.535	4183.072	4184.002	18342	0	240
2026.08.05	13:00:00	4183.952	4206.897	4183.775	4205.705	26318	0	240
2026.08.05	14:00:00	4205.818	4247.688	4203.585	4244.001	31557	0	240
2026.08.05	15:00:00	4243.936	4265.316	4232.290	4232.923	23299	0	240
2026.08.05	16:00:00	4232.974	4247.417	4224.624	4242.250	14908	0	240
2026.08.05	17:00:00	4242.195	4252.561	4236.752	4250.022	10934	0	240
2026.08.05	18:00:00	4249.959	4267.858	4249.000	4260.601	9278	0	240
2026.08.05	19:00:00	4260.613	4262.195	4246.217	4246.996	8784	0	240
2026.08.05	20:00:00	4246.824	4249.809	4242.893	4246.208	4423	0	240
2026.08.05	22:00:00	4248.305	4254.074	4245.598	4250.093	3987	0	240
2026.08.05	23:00:00	4249.841	4281.986	4249.245	4278.055	7228	0	240
2026.08.06	00:00:00	4278.111	4300.431	4264.362	4294.734	20325	0	240
2026.08.06	01:00:00	4294.696	4302.964	4272.725	4286.704	29328	0	240
2026.08.06	02:00:00	4286.600	4304.283	4275.075	4278.726	14761	0	240
2026.08.06	03:00:00	4278.439	4281.050	4260.082	4265.508	11956	0	240
2026.08.06	04:00:00	4265.566	4267.341	4252.665	4262.336	7971	0	240
2026.08.06	05:00:00	4262.002	4268.619	4246.969	4267.258	11467	0	240
2026.08.06	06:00:00	4266.990	4268.599	4249.249	4255.975	9914	0	240
2026.08.06	07:00:00	4255.889	4265.448	4252.362	4262.569	8401	0	240
2026.08.06	08:00:00	4262.622	4278.916	4260.031	4278.115	10186	0	240
2026.08.06	09:00:00	4278.184	4284.755	4271.107	4272.943	9089	0	240
2026.08.06	10:00:00	4273.142	4273.807	4264.459	4270.912	7380	0	240
2026.08.06	11:00:00	4270.632	4273.486	4253.942	4263.132	9949	0	240
2026.08.06	12:00:00	4263.074	4270.758	4248.901	4250.138	12708	0	240
2026.08.06	13:00:00	4250.026	4274.366	4230.346	4266.948	27351	0	240
2026.08.06	14:00:00	4267.258	4275.343	4259.987	4272.806	22897	0	240
2026.08.06	15:00:00	4272.917	4274.531	4228.929	4233.828	22716	0	240
2026.08.06	16:00:00	4233.886	4243.239	4223.147	4241.262	20704	0	240
2026.08.06	17:00:00	4241.592	4248.282	4238.348	4247.060	9499	0	240
2026.08.06	18:00:00	4247.111	4249.707	4240.617	4243.538	6460	0	240
2026.08.06	19:00:00	4243.626	4251.344	4232.942	4248.790	11489	0	240
2026.08.06	20:00:00	4248.944	4250.038	4234.618	4240.430	6167	0	240
2026.08.06	22:00:00	4239.787	4243.603	4235.755	4240.830	3604	0	240
2026.08.06	23:00:00	4240.779	4253.243	4240.066	4252.140	4384	0	240
2026.08.07	00:00:00	4252.394	4253.005	4229.509	4232.657	13921	0	240
2026.08.07	01:00:00	4232.544	4259.351	4231.229	4256.766	19716	0	240
2026.08.07	02:00:00	4256.700	4261.743	4246.978	4250.393	11459	0	240
2026.08.07	03:00:00	4250.198	4266.503	4249.575	4265.983	9722	0	240
2026.08.07	04:00:00	4265.919	4269.281	4260.792	4264.724	10041	0	240
2026.08.07	05:00:00	4265.090	4280.475	4261.622	4278.552	14988	0	240
2026.08.07	06:00:00	4278.824	4298.817	4278.204	4297.272	16179	0	240
2026.08.07	07:00:00	4297.219	4297.802	4282.753	4289.992	10776	0	240
2026.08.07	08:00:00	4290.047	4316.799	4288.871	4305.866	14078	0	240
2026.08.07	09:00:00	4305.961	4320.714	4302.090	4315.892	12453	0	240
2026.08.07	10:00:00	4315.888	4320.678	4307.898	4316.729	9391	0	240
2026.08.07	11:00:00	4316.718	4327.848	4316.603	4321.086	12278	0	240
2026.08.07	12:00:00	4321.291	4371.969	4300.837	4361.211	36297	0	240
2026.08.07	13:00:00	4361.273	4368.086	4338.971	4348.105	37650	0	260
2026.08.07	14:00:00	4348.266	4353.036	4327.190	4341.405	32488	0	240
2026.08.07	15:00:00	4341.618	4358.505	4339.596	4341.025	19768	0	240
2026.08.07	16:00:00	4341.162	4349.865	4329.038	4329.038	17446	0	240
2026.08.07	17:00:00	4328.969	4343.159	4327.747	4340.309	11259	0	240
2026.08.07	18:00:00	4340.233	4343.122	4332.078	4335.679	8060	0	240
2026.08.07	19:00:00	4335.559	4350.396	4335.405	4344.025	12565	0	240
2026.08.07	20:00:00	4344.087	4345.311	4335.875	4342.475	6224	0	260
2026.08.09	22:00:00	4347.782	4348.700	4332.725	4341.696	6927	0	240
2026.08.09	23:00:00	4341.637	4349.153	4331.889	4332.663	5518	0	240
2026.08.10	00:00:00	4332.600	4347.209	4330.608	4332.219	16521	0	240
2026.08.10	01:00:00	4332.000	4340.636	4313.179	4322.556	24959	0	260
2026.08.10	02:00:00	4322.440	4332.505	4318.580	4319.644	14104	0	240
2026.08.10	03:00:00	4319.703	4329.941	4317.460	4326.402	9014	0	240
2026.08.10	04:00:00	4326.703	4339.432	4322.753	4339.370	8540	0	260
2026.08.10	05:00:00	4339.317	4352.322	4331.441	4347.437	12595	0	240
2026.08.10	06:00:00	4347.108	4359.940	4341.773	4358.036	11773	0	260
2026.08.10	07:00:00	4357.880	4362.164	4349.843	4355.551	10736	0	240
2026.08.10	08:00:00	4355.496	4356.733	4343.694	4346.658	8983	0	240
2026.08.10	09:00:00	4346.743	4350.017	4340.261	4341.289	8691	0	240
2026.08.10	10:00:00	4340.970	4344.236	4335.394	4335.884	7736	0	240
2026.08.10	11:00:00	4335.939	4339.417	4328.744	4335.181	8399	0	240
2026.08.10	12:00:00	4334.905	4337.641	4324.021	4332.566	11605	0	240
2026.08.10	13:00:00	4332.501	4340.007	4316.584	4318.172	21392	0	240
2026.08.10	14:00:00	4318.077	4352.122	4317.950	4345.339	18366	0	240
2026.08.10	15:00:00	4345.697	4359.651	4343.089	4358.474	13851	0	240
2026.08.10	16:00:00	4358.321	4364.892	4349.017	4356.675	12923	0	240
2026.08.10	17:00:00	4356.733	4365.634	4351.517	4360.303	7975	0	240
2026.08.10	18:00:00	4360.073	4383.049	4359.752	4378.463	10682	0	240
2026.08.10	19:00:00	4378.503	4395.317	4378.503	4388.191	10523	0	260
2026.08.10	20:00:00	4388.404	4392.230	4385.576	4389.157	4421	0	260
2026.08.10	22:00:00	4391.112	4400.796	4388.625	4399.782	3887	0	260
2026.08.10	23:00:00	4399.841	4402.641	4394.599	4402.264	4854	0	240
2026.08.11	00:00:00	4402.212	4419.401	4396.458	4409.467	12058	0	260
2026.08.11	01:00:00	4409.525	4434.186	4393.476	4429.826	22236	0	260
2026.08.11	02:00:00	4429.752	4435.346	4407.844	4410.750	16360	0	260
2026.08.11	03:00:00	4410.961	4421.645	4409.435	4416.935	9409	0	260
2026.08.11	04:00:00	4416.941	4420.242	4403.165	4409.008	10239	0	260
2026.08.11	05:00:00	4408.679	4409.109	4367.238	4375.245	21419	0	260
2026.08.11	06:00:00	4375.182	4382.411	4359.626	4366.260	18680	0	260
2026.08.11	07:00:00	4366.112	4367.814	4356.622	4357.847	11865	0	260
2026.08.11	08:00:00	4357.781	4376.685	4356.859	4368.870	9996	0	260
2026.08.11	09:00:00	4369.154	4375.590	4367.466	4372.413	9199	0	260
2026.08.11	10:00:00	4372.553	4382.692	4370.953	4382.413	8100	0	260
2026.08.11	11:00:00	4382.269	4392.981	4380.460	4387.807	13717	0	260
2026.08.11	12:00:00	4387.792	4400.068	4383.709	4392.269	15080	0	260
2026.08.11	13:00:00	4392.573	4404.244	4384.414	4389.436	20919	0	260
2026.08.11	14:00:00	4389.494	4398.145	4381.043	4393.863	16795	0	260
2026.08.11	15:00:00	4393.918	4398.891	4368.930	4383.644	16535	0	260
2026.08.11	16:00:00	4383.762	4385.800	4378.263	4383.523	8159	0	260
2026.08.11	17:00:00	4383.189	4385.877	4368.744	4369.197	9010	0	260
2026.08.11	18:00:00	4369.286	4372.763	4359.977	4371.522	9146	0	240
2026.08.11	19:00:00	4371.649	4374.316	4361.078	4370.717	8350	0	260
2026.08.11	20:00:00	4370.773	4371.197	4367.022	4368.030	3602	0	260
2026.08.11	22:00:00	4372.492	4378.286	4367.184	4369.068	4622	0	240
2026.08.11	23:00:00	4369.134	4374.413	4362.548	4371.373	6158	0	240
2026.08.12	00:00:00	4371.543	4383.765	4366.418	4380.327	11071	0	240
2026.08.12	01:00:00	4380.447	4397.411	4378.219	4396.171	11707	0	260
2026.08.12	02:00:00	4396.228	4414.422	4394.104	4411.408	10560	0	260
2026.08.12	03:00:00	4411.188	4416.335	4400.582	4402.143	7998	0	260
2026.08.12	04:00:00	4402.416	4403.419	4395.287	4400.879	5406	0	260
2026.08.12	05:00:00	4400.755	4404.945	4383.819	4391.368	10384	0	260
2026.08.12	06:00:00	4391.031	4406.413	4384.938	4403.199	9950	0	260
2026.08.12	07:00:00	4403.307	4410.133	4398.048	4406.247	7647	0	260
2026.08.12	08:00:00	4406.210	4410.685	4401.506	4401.506	6634	0	260
2026.08.12	09:00:00	4401.843	4424.392	4401.763	4415.652	10797	0	260
2026.08.12	10:00:00	4415.706	4420.996	4406.866	4412.624	8436	0	260
2026.08.12	11:00:00	4412.685	4416.887	4407.697	4412.685	7030	0	260
2026.08.12	12:00:00	4412.548	4438.515	4382.027	4437.327	30929	0	260
2026.08.12	13:00:00	4437.201	4441.423	4408.372	4427.605	34098	0	260
2026.08.12	14:00:00	4427.659	4439.807	4416.489	4421.889	23770	0	260
2026.08.12	15:00:00	4421.821	4430.121	4410.813	4420.789	16947	0	260
2026.08.12	16:00:00	4420.848	4426.579	4396.456	4401.514	13921	0	260
2026.08.12	17:00:00	4401.457	4411.628	4398.773	4399.554	11808	0	260
2026.08.12	18:00:00	4399.448	4417.913	4396.059	4413.100	7612	0	260
2026.08.12	19:00:00	4413.119	4418.451	4408.156	4413.927	7139	0	260
2026.08.12	20:00:00	4413.720	4414.243	4406.371	4408.726	4175	0	260
2026.08.12	22:00:00	4408.409	4409.999	4398.176	4402.116	3798	0	260
2026.08.12	23:00:00	4402.221	4414.588	4401.558	4414.262	3618	0	240
2026.08.13	00:00:00	4414.599	4449.778	4412.804	4427.277	17952	0	260
2026.08.13	01:00:00	4427.389	4435.512	4406.139	4408.472	23264	0	260
2026.08.13	02:00:00	4408.439	4413.905	4398.639	4406.853	14732	0	260
2026.08.13	03:00:00	4406.797	4412.192	4398.510	4400.305	9001	0	260
2026.08.13	04:00:00	4400.277	4400.494	4391.475	4397.596	8760	0	260
2026.08.13	05:00:00	4397.807	4407.354	4380.526	4382.757	15912	0	260
2026.08.13	06:00:00	4382.800	4385.528	4368.813	4380.711	15087	0	260
2026.08.13	07:00:00	4380.848	4381.823	4369.063	4370.014	11538	0	260
2026.08.13	08:00:00	4370.014	4379.204	4363.950	4375.729	10126	0	260
2026.08.13	09:00:00	4375.660	4384.965	4372.294	4384.359	7756	0	260
2026.08.13	10:00:00	4384.596	4393.803	4381.393	4392.168	6322	0	260
2026.08.13	11:00:00	4392.109	4396.620	4382.627	4387.549	7815	0	260
2026.08.13	12:00:00	4387.846	4402.074	4380.575	4401.749	14996	0	260
2026.08.13	13:00:00	4401.692	4402.283	4370.709	4372.904	27510	0	260
2026.08.13	14:00:00	4372.963	4387.251	4357.247	4383.797	27107	0	260
2026.08.13	15:00:00	4383.849	4385.532	4357.435	4365.226	18735	0	260
2026.08.13	16:00:00	4365.013	4368.519	4351.210	4367.119	13820	0	260
2026.08.13	17:00:00	4367.066	4373.304	4355.563	4356.009	9511	0	240
2026.08.13	18:00:00	4356.063	4363.620	4354.520	4357.033	7873	0	240
2026.08.13	19:00:00	4357.102	4358.934	4343.704	4349.864	9470	0	240
2026.08.13	20:00:00	4349.919	4352.337	4346.737	4350.598	4296	0	260
2026.08.13	22:00:00	4353.554	4362.820	4351.827	4354.653	5114	0	260
2026.08.13	23:00:00	4354.690	4364.233	4349.003	4356.612	6310	0	240
2026.08.14	00:00:00	4356.547	4362.198	4329.001	4340.856	17951	0	260
2026.08.14	01:00:00	4340.734	4341.601	4311.996	4318.185	23640	0	240
2026.08.14	02:00:00	4317.976	4322.680	4310.771	4315.712	16376	0	240
2026.08.14	03:00:00	4315.501	4328.050	4313.744	4323.320	8186	0	240
2026.08.14	04:00:00	4323.612	4328.124	4322.619	4326.727	5547	0	240
2026.08.14	05:00:00	4326.792	4333.427	4310.871	4333.427	12110	0	240
2026.08.14	06:00:00	4333.485	4336.685	4327.707	4335.400	10981	0	240
2026.08.14	07:00:00	4335.393	4345.317	4329.821	4343.451	8662	0	240
2026.08.14	08:00:00	4343.504	4349.658	4341.712	4348.514	8523	0	240
2026.08.14	09:00:00	4348.391	4357.638	4345.919	4356.950	7287	0	240
2026.08.14	10:00:00	4357.068	4358.772	4348.046	4349.405	6293	0	240
2026.08.14	11:00:00	4349.466	4369.602	4348.449	4368.990	7602	0	240
2026.08.14	12:00:00	4369.111	4387.036	4365.489	4373.757	13198	0	260
2026.08.14	13:00:00	4373.811	4397.008	4370.139	4384.639	19027	0	260
2026.08.14	14:00:00	4384.495	4394.735	4378.663	4381.551	14924	0	260
2026.08.14	15:00:00	4381.624	4394.707	4379.026	4391.412	13648	0	260
2026.08.14	16:00:00	4391.737	4396.816	4380.049	4385.790	7711	0	260
2026.08.14	17:00:00	4385.745	4386.545	4376.227	4378.535	6642	0	240
2026.08.14	18:00:00	4378.655	4382.793	4370.944	4373.501	6250	0	260
2026.08.14	19:00:00	4373.489	4379.953	4372.063	4376.150	5855	0	260
2026.08.14	20:00:00	4376.084	4377.050	4371.293	4375.778	4037	0	260
2026.08.16	22:00:00	4379.402	4386.917	4372.216	4386.051	5112	0	240
2026.08.16	23:00:00	4386.044	4386.321	4366.993	4370.359	6315	0	240
2026.08.17	00:00:00	4370.182	4402.166	4368.092	4400.701	12171	0	240
2026.08.17	01:00:00	4400.734	4416.632	4391.885	4395.747	18635	0	260
2026.08.17	02:00:00	4395.694	4398.339	4388.418	4392.954	11620	0	260
2026.08.17	03:00:00	4393.329	4397.672	4387.838	4396.851	8017	0	260
2026.08.17	04:00:00	4397.185	4399.593	4388.854	4390.527	6911	0	260
2026.08.17	05:00:00	4390.736	4401.257	4386.781	4394.860	10923	0	260
2026.08.17	06:00:00	4394.843	4404.553	4392.482	4402.871	10970	0	260
2026.08.17	07:00:00	4402.926	4411.343	4395.875	4405.067	9506	0	260
2026.08.17	08:00:00	4404.950	4404.950	4392.367	4395.120	7421	0	260
2026.08.17	09:00:00	4395.211	4400.550	4392.520	4395.422	7240	0	260
2026.08.17	10:00:00	4395.477	4405.928	4391.742	4399.080	9655	0	260
2026.08.17	11:00:00	4399.166	4405.008	4395.513	4396.906	7071	0	260
2026.08.17	12:00:00	4396.774	4398.788	4377.282	4384.799	13465	0	260
2026.08.17	13:00:00	4384.855	4416.432	4381.636	4408.816	17897	0	260
2026.08.17	14:00:00	4408.882	4427.709	4403.722	4417.338	17726	0	260
2026.08.17	15:00:00	4417.392	4427.868	4414.971	4427.360	11631	0	260
2026.08.17	16:00:00	4427.420	4428.700	4422.417	4424.051	7778	0	260
2026.08.17	17:00:00	4424.323	4426.221	4411.035	4413.786	9083	0	260
2026.08.17	18:00:00	4413.815	4416.253	4397.917	4406.738	10031	0	260
2026.08.17	19:00:00	4406.619	4420.973	4400.026	4419.916	7901	0	260
2026.08.17	20:00:00	4419.588	4421.251	4414.682	4416.432	3092	0	260
2026.08.17	22:00:00	4417.748	4418.937	4410.383	4411.879	3490	0	260
2026.08.17	23:00:00	4412.000	4425.907	4409.742	4425.733	4628	0	260
2026.08.18	00:00:00	4425.739	4435.093	4418.923	4434.549	11057	0	260
2026.08.18	01:00:00	4434.493	4436.253	4404.254	4408.126	17773	0	260
2026.08.18	02:00:00	4407.922	4408.340	4393.908	4399.812	11568	0	260
2026.08.18	03:00:00	4399.635	4404.020	4390.531	4391.959	8384	0	260
2026.08.18	04:00:00	4391.907	4395.499	4388.576	4393.446	5858	0	260
2026.08.18	05:00:00	4393.393	4397.565	4385.878	4394.494	8667	0	260
2026.08.18	06:00:00	4394.436	4400.027	4387.538	4398.723	8627	0	260
2026.08.18	07:00:00	4398.776	4403.658	4395.442	4395.737	7924	0	260
2026.08.18	08:00:00	4395.786	4398.613	4386.715	4393.174	8538	0	260
2026.08.18	09:00:00	4393.043	4395.055	4386.747	4393.115	7976	0	260
2026.08.18	10:00:00	4393.172	4399.627	4389.643	4397.801	5997	0	260
2026.08.18	11:00:00	4397.590	4399.200	4388.370	4395.791	6540	0	260
2026.08.18	12:00:00	4395.835	4400.978	4389.420	4394.078	10794	0	260
2026.08.18	13:00:00	4394.289	4407.047	4375.737	4394.499	24486	0	260
2026.08.18	14:00:00	4394.501	4406.654	4363.647	4366.694	25499	0	260
2026.08.18	15:00:00	4366.639	4377.579	4351.393	4364.913	26555	0	260
2026.08.18	16:00:00	4364.983	4371.706	4362.830	4363.975	10723	0	260
2026.08.18	17:00:00	4363.909	4368.303	4356.579	4357.792	9675	0	260
2026.08.18	18:00:00	4357.911	4361.069	4352.565	4354.314	7394	0	240
2026.08.18	19:00:00	4354.367	4358.751	4338.249	4345.368	11195	0	240
2026.08.18	20:00:00	4345.428	4346.558	4328.854	4334.586	7131	0	260
2026.08.18	22:00:00	4340.133	4343.153	4332.617	4333.844	4265	0	240
2026.08.18	23:00:00	4333.996	4338.249	4327.099	4332.857	5953	0	240
2026.08.19	00:00:00	4333.163	4347.308	4331.335	4338.112	16439	0	240
2026.08.19	01:00:00	4338.065	4357.697	4324.382	4356.221	21870	0	260
2026.08.19	02:00:00	4356.340	4361.965	4351.279	4355.061	12172	0	260
2026.08.19	03:00:00	4354.842	4360.286	4351.755	4355.022	7070	0	240
2026.08.19	04:00:00	4355.015	4356.209	4343.631	4348.357	6244	0	240
2026.08.19	05:00:00	4348.357	4350.809	4334.952	4335.711	12178	0	240
2026.08.19	06:00:00	4335.657	4349.494	4335.281	4348.829	12906	0	260
2026.08.19	07:00:00	4348.951	4363.060	4347.256	4354.929	9024	0	240
2026.08.19	08:00:00	4354.916	4363.182	4350.976	4355.755	9110	0	240
2026.08.19	09:00:00	4355.718	4361.805	4353.181	4361.805	7775	0	240
2026.08.19	10:00:00	4361.786	4369.641	4359.456	4367.427	6707	0	240
2026.08.19	11:00:00	4367.547	4374.117	4362.991	4364.797	7911	0	240
2026.08.19	12:00:00	4364.743	4442.480	4361.883	4438.620	35809	0	260
2026.08.19	13:00:00	4438.735	4466.372	4424.089	4459.453	47660	0	260
2026.08.19	14:00:00	4459.510	4498.715	4455.005	4487.988	31021	0	260
2026.08.19	15:00:00	4488.132	4494.169	4478.036	4493.656	18298	0	260
2026.08.19	16:00:00	4493.715	4499.376	4490.434	4493.070	12418	0	260
2026.08.19	17:00:00	4493.131	4499.198	4484.309	4486.941	11400	0	260
2026.08.19	18:00:00	4487.125	4496.776	4471.923	4495.222	14921	0	260
2026.08.19	19:00:00	4495.278	4512.317	4494.204	4510.963	12353	0	260
2026.08.19	20:00:00	4511.051	4524.372	4505.281	4523.176	7672	0	260
2026.08.19	22:00:00	4522.950	4527.511	4516.521	4519.005	5221	0	260
2026.08.19	23:00:00	4518.954	4523.730	4511.313	4511.841	5882	0	260
2026.08.20	00:00:00	4511.898	4521.189	4503.792	4504.449	16247	0	260
2026.08.20	01:00:00	4504.776	4510.319	4484.443	4489.593	23120	0	260
2026.08.20	02:00:00	4489.457	4499.730	4488.567	4490.791	13005	0	260
2026.08.20	03:00:00	4490.885	4501.049	4487.776	4498.980	10131	0	260
2026.08.20	04:00:00	4499.036	4499.297	4486.208	4488.373	7526	0	260
2026.08.20	05:00:00	4488.654	4494.097	4477.715	4481.060	10305	0	260
2026.08.20	06:00:00	4481.276	4495.913	4480.034	4493.885	9704	0	260
2026.08.20	07:00:00	4493.710	4494.304	4483.340	4490.746	9533	0	260
2026.08.20	08:00:00	4490.735	4498.745	4487.011	4489.193	10301	0	260
2026.08.20	09:00:00	4489.137	4494.239	4481.723	4482.733	9139	0	260
2026.08.20	10:00:00	4482.398	4494.881	4480.526	4490.238	7824	0	260
2026.08.20	11:00:00	4490.357	4491.303	4465.284	4467.081	12954	0	260
2026.08.20	12:00:00	4467.154	4477.157	4450.390	4474.820	21034	0	260
2026.08.20	13:00:00	4474.892	4489.449	4469.162	4481.556	28000	0	260
2026.08.20	14:00:00	4481.611	4516.134	4480.681	4515.675	22583	0	260
2026.08.20	15:00:00	4515.807	4541.022	4509.231	4521.719	39713	0	260
2026.08.20	16:00:00	4521.775	4524.807	4502.776	4510.118	16350	0	260
2026.08.20	17:00:00	4509.928	4520.586	4507.550	4519.745	11900	0	260
2026.08.20	18:00:00	4519.816	4525.389	4508.053	4522.089	11569	0	260
2026.08.20	19:00:00	4521.994	4532.239	4518.155	4528.860	10007	0	260
2026.08.20	20:00:00	4528.695	4529.076	4516.722	4518.740	5330	0	260
2026.08.20	22:00:00	4518.959	4524.502	4516.763	4524.139	3706	0	260
2026.08.20	23:00:00	4524.125	4532.901	4520.895	4526.459	5622	0	260
2026.08.21	00:00:00	4526.340	4527.469	4509.635	4510.513	12183	0	260
2026.08.21	01:00:00	4510.579	4543.936	4508.614	4530.825	19991	0	260
2026.08.21	02:00:00	4530.686	4543.104	4518.101	4533.914	12694	0	260
2026.08.21	03:00:00	4533.975	4538.552	4526.651	4535.228	9282	0	260
2026.08.21	04:00:00	4535.348	4548.160	4535.197	4540.760	7817	0	260
2026.08.21	05:00:00	4540.432	4556.374	4529.256	4553.346	11405	0	260
2026.08.21	06:00:00	4553.711	4567.784	4545.375	4561.101	13100	0	260
2026.08.21	07:00:00	4561.046	4568.229	4558.344	4564.151	10450	0	260
2026.08.21	08:00:00	4564.210	4585.031	4559.006	4583.945	10811	0	260
2026.08.21	09:00:00	4583.918	4602.123	4580.231	4582.410	11182	0	260
2026.08.21	10:00:00	4582.573	4594.176	4577.849	4588.593	9335	0	260
2026.08.21	11:00:00	4588.714	4604.593	4587.064	4597.174	12591	0	260
2026.08.21	12:00:00	4597.147	4601.779	4563.321	4578.126	15222	0	260
2026.08.21	13:00:00	4578.069	4593.215	4573.126	4581.139	22101	0	260
2026.08.21	14:00:00	4581.069	4603.780	4579.832	4591.706	22096	0	260
2026.08.21	15:00:00	4591.761	4615.344	4587.192	4614.386	16750	0	260
2026.08.21	16:00:00	4614.449	4629.247	4609.101	4628.649	13967	0	260
2026.08.21	17:00:00	4628.704	4632.130	4615.161	4620.335	13490	0	260
2026.08.21	18:00:00	4620.392	4627.748	4619.317	4624.174	7206	0	260
2026.08.21	19:00:00	4624.250	4625.546	4615.549	4617.099	8404	0	260
2026.08.21	20:00:00	4617.158	4617.697	4602.445	4604.044	7596	0	260
2026.08.23	22:00:00	4615.655	4621.111	4605.955	4606.186	7382	0	260
2026.08.23	23:00:00	4606.315	4624.620	4604.499	4623.935	6975	0	260
2026.08.24	00:00:00	4624.199	4641.031	4594.194	4621.590	26410	0	260
2026.08.24	01:00:00	4621.646	4637.538	4607.966	4632.232	29634	0	260
2026.08.24	02:00:00	4632.161	4656.934	4627.511	4643.560	23232	0	260
2026.08.24	03:00:00	4643.621	4650.300	4633.202	4641.732	13433	0	260
2026.08.24	04:00:00	4641.677	4642.619	4632.411	4638.803	11156	0	260
2026.08.24	05:00:00	4638.783	4646.627	4629.586	4640.643	16765	0	260
2026.08.24	06:00:00	4640.734	4660.027	4639.262	4649.799	18642	0	260
2026.08.24	07:00:00	4649.945	4654.768	4629.986	4641.432	16277	0	260
2026.08.24	08:00:00	4641.465	4646.349	4628.655	4638.124	14510	0	260
2026.08.24	09:00:00	4638.005	4646.194	4632.718	4645.768	11315	0	260
2026.08.24	10:00:00	4645.838	4650.137	4641.744	4643.233	9434	0	260
2026.08.24	11:00:00	4643.376	4670.332	4638.867	4658.088	20339	0	260
2026.08.24	12:00:00	4657.735	4668.894	4645.172	4662.916	18973	0	260
2026.08.24	13:00:00	4662.704	4680.973	4656.025	4664.445	33101	0	260
2026.08.24	14:00:00	4664.393	4678.904	4655.215	4670.506	29418	0	260
2026.08.24	15:00:00	4670.460	4679.642	4639.767	4649.032	34633	0	260
2026.08.24	16:00:00	4649.021	4662.327	4641.864	4644.933	25050	0	260
2026.08.24	17:00:00	4645.020	4655.295	4630.276	4636.641	36768	0	260
2026.08.24	18:00:00	4636.680	4642.369	4624.771	4636.353	28773	0	260
2026.08.24	19:00:00	4636.296	4656.199	4635.784	4651.786	16687	0	260
2026.08.24	20:00:00	4651.710	4655.385	4647.032	4652.485	6301	0	260
2026.08.24	22:00:00	4654.898	4668.448	4652.521	4667.507	4830	0	260
2026.08.24	23:00:00	4667.562	4682.940	4666.776	4679.762	8052	0	260
2026.08.25	00:00:00	4679.802	4697.046	4675.361	4684.315	33171	0	260
2026.08.25	01:00:00	4684.568	4686.905	4656.449	4658.149	42103	0	260
2026.08.25	02:00:00	4658.053	4661.527	4617.750	4629.399	50079	0	260
2026.08.25	03:00:00	4629.458	4641.422	4622.032	4633.837	27085	0	260
2026.08.25	04:00:00	4633.465	4637.852	4623.552	4626.028	18282	0	260
2026.08.25	05:00:00	4625.665	4647.857	4623.899	4642.983	24956	0	260
2026.08.25	06:00:00	4642.854	4653.540	4636.909	4638.495	20229	0	260
2026.08.25	07:00:00	4638.534	4643.855	4629.698	4630.190	20765	0	260
2026.08.25	08:00:00	4630.178	4645.547	4620.091	4630.415	26444	0	260
2026.08.25	09:00:00	4630.319	4642.645	4623.893	4636.491	24023	0	260
2026.08.25	10:00:00	4636.345	4642.435	4632.832	4639.020	12518	0	260
2026.08.25	11:00:00	4638.974	4647.536	4635.909	4642.515	14199	0	260
2026.08.25	12:00:00	4642.668	4644.355	4629.968	4640.990	18920	0	260
2026.08.25	13:00:00	4640.765	4641.202	4605.205	4616.371	51894	0	260
2026.08.25	14:00:00	4616.325	4640.134	4613.021	4635.485	37049	0	260
2026.08.25	15:00:00	4635.364	4659.602	4629.147	4652.513	32728	0	260
2026.08.25	16:00:00	4652.574	4653.372	4636.862	4643.559	19252	0	260
2026.08.25	17:00:00	4643.654	4648.489	4634.034	4648.209	16327	0	260
2026.08.25	18:00:00	4648.252	4655.106	4644.052	4654.299	9676	0	260
2026.08.25	19:00:00	4654.365	4668.327	4653.207	4666.728	10576	0	260
2026.08.25	20:00:00	4667.059	4669.010	4657.647	4658.671	6005	0	260
2026.08.25	22:00:00	4657.974	4673.624	4657.680	4672.400	4116	0	260
2026.08.25	23:00:00	4672.486	4673.495	4653.197	4654.856	5154	0	260
2026.08.26	00:00:00	4654.638	4657.997	4634.252	4637.383	13007	0	260
2026.08.26	01:00:00	4637.727	4661.024	4629.301	4657.157	19686	0	260
2026.08.26	02:00:00	4657.154	4670.634	4654.919	4658.321	12589	0	260
2026.08.26	03:00:00	4658.484	4658.787	4642.348	4642.510	9037	0	260
2026.08.26	04:00:00	4642.782	4644.409	4638.805	4640.746	5531	0	260
2026.08.26	05:00:00	4640.625	4649.343	4635.287	4639.520	10555	0	260
2026.08.26	06:00:00	4639.464	4641.500	4624.570	4634.081	11446	0	260
2026.08.26	07:00:00	4633.954	4639.329	4626.248	4628.744	9534	0	260
2026.08.26	08:00:00	4628.749	4630.849	4622.086	4628.129	8761	0	260
2026.08.26	09:00:00	4628.412	4631.071	4616.171	4623.359	8381	0	260
2026.08.26	10:00:00	4623.332	4624.162	4613.139	4620.274	7073	0	260
2026.08.26	11:00:00	4620.333	4625.287	4616.278	4624.754	8017	0	260
2026.08.26	12:00:00	4624.728	4633.434	4610.206	4614.341	18945	0	260
2026.08.26	13:00:00	4614.174	4631.988	4597.820	4631.436	31767	0	260
2026.08.26	14:00:00	4631.493	4633.566	4602.715	4603.065	20665	0	260
2026.08.26	15:00:00	4603.009	4609.357	4582.911	4596.151	22604	0	260
2026.08.26	16:00:00	4596.214	4601.586	4585.457	4591.716	13995	0	260
2026.08.26	17:00:00	4591.498	4602.342	4590.631	4597.682	9599	0	260
2026.08.26	18:00:00	4597.737	4604.597	4592.348	4593.871	7774	0	260
2026.08.26	19:00:00	4594.030	4601.599	4590.820	4594.140	7227	0	260
2026.08.26	20:00:00	4594.173	4596.814	4583.836	4594.157	5960	0	260
2026.08.26	22:00:00	4599.414	4613.295	4598.242	4609.139	5636	0	260
2026.08.26	23:00:00	4609.080	4624.949	4606.971	4623.564	5747	0	260
2026.08.27	00:00:00	4623.466	4627.152	4600.380	4604.957	12559	0	260
2026.08.27	01:00:00	4605.102	4641.053	4602.187	4639.881	18928	0	260
2026.08.27	02:00:00	4639.958	4643.181	4623.660	4629.491	11282	0	260
2026.08.27	03:00:00	4629.548	4638.763	4624.323	4625.611	8135	0	260
2026.08.27	04:00:00	4625.402	4627.379	4617.064	4618.656	6473	0	260
2026.08.27	05:00:00	4618.713	4621.718	4600.681	4606.964	12338	0	260
2026.08.27	06:00:00	4606.939	4611.809	4597.781	4600.078	11810	0	260
2026.08.27	07:00:00	4600.215	4605.746	4593.330	4600.297	10266	0	260
2026.08.27	08:00:00	4600.369	4606.982	4594.712	4598.790	8362	0	260
2026.08.27	09:00:00	4598.874	4600.624	4577.836	4580.405	11444	0	260
2026.08.27	10:00:00	4580.403	4590.640	4568.849	4590.095	10260	0	260
2026.08.27	11:00:00	4590.015	4600.358	4587.153	4598.125	8131	0	260
2026.08.27	12:00:00	4598.179	4601.273	4580.505	4585.894	11215	0	260
2026.08.27	13:00:00	4585.962	4593.409	4564.912	4572.380	25811	0	260
2026.08.27	14:00:00	4572.447	4598.373	4568.220	4591.354	23314	0	260
2026.08.27	15:00:00	4591.138	4611.411	4588.766	4610.262	14488	0	260
2026.08.27	16:00:00	4610.386	4616.807	4602.304	4614.788	10460	0	260
2026.08.27	17:00:00	4614.849	4616.463	4605.093	4606.557	8650	0	260
2026.08.27	18:00:00	4606.557	4611.210	4600.654	4610.232	8153	0	260
2026.08.27	19:00:00	4610.560	4618.123	4604.329	4609.352	7888	0	260
2026.08.27	20:00:00	4609.018	4609.705	4599.905	4600.785	4001	0	260
2026.08.27	22:00:00	4606.343	4610.910	4600.955	4610.789	4120	0	260
2026.08.27	23:00:00	4610.789	4611.541	4594.209	4594.556	4492	0	260
2026.08.28	00:00:00	4594.612	4602.583	4585.538	4588.608	10186	0	260
2026.08.28	01:00:00	4588.955	4602.345	4575.215	4576.033	19099	0	260
2026.08.28	02:00:00	4575.972	4589.486	4575.005	4586.165	9232	0	260
2026.08.28	03:00:00	4586.074	4590.176	4578.442	4580.059	7454	0	260
2026.08.28	04:00:00	4579.757	4585.252	4577.778	4584.188	5276	0	260
2026.08.28	05:00:00	4584.519	4586.438	4571.290	4573.523	9616	0	260
2026.08.28	06:00:00	4573.580	4613.371	4572.430	4612.476	13891	0	260
2026.08.28	07:00:00	4612.477	4614.480	4596.434	4611.601	10729	0	260
2026.08.28	08:00:00	4611.532	4614.664	4600.800	4603.006	8373	0	260
2026.08.28	09:00:00	4603.004	4607.323	4600.205	4605.163	7536	0	260
2026.08.28	10:00:00	4605.200	4609.950	4597.353	4599.905	7139	0	260
2026.08.28	11:00:00	4600.045	4601.384	4591.106	4593.461	8539	0	260
2026.08.28	12:00:00	4593.339	4603.838	4588.949	4601.450	12800	0	260
2026.08.28	13:00:00	4601.390	4627.489	4593.547	4605.345	22833	0	260
2026.08.28	14:00:00	4604.808	4632.240	4529.591	4576.651	86369	0	260
2026.08.28	15:00:00	4576.593	4583.081	4523.759	4524.629	52338	0	260
2026.08.28	16:00:00	4524.230	4529.576	4463.962	4479.497	60979	0	260
2026.08.28	17:00:00	4479.563	4486.630	4460.304	4469.232	29913	0	260
2026.08.28	18:00:00	4469.175	4471.772	4445.343	4456.906	23576	0	260
2026.08.28	19:00:00	4456.688	4467.004	4452.793	4458.431	17044	0	260
2026.08.28	20:00:00	4458.376	4462.628	4452.972	4456.134	7796	0	260
2026.08.30	22:00:00	4439.040	4466.004	4439.040	4461.374	7170	0	260
2026.08.30	23:00:00	4461.589	4466.891	4435.620	4458.240	9963	0	260
2026.08.31	00:00:00	4458.301	4472.423	4452.093	4456.443	17206	0	260
2026.08.31	01:00:00	4456.227	4463.395	4435.773	4440.261	35474	0	260
2026.08.31	02:00:00	4440.316	4441.578	4396.333	4423.020	27066	0	260
2026.08.31	03:00:00	4422.693	4434.069	4419.608	4422.550	12149	0	260
2026.08.31	04:00:00	4422.584	4425.017	4412.869	4424.322	8846	0	260
2026.08.31	05:00:00	4424.599	4443.982	4419.006	4442.791	15127	0	260
2026.08.31	06:00:00	4442.851	4443.233	4429.040	4439.147	12910	0	260
2026.08.31	07:00:00	4439.072	4448.371	4434.927	4443.123	10310	0	260
2026.08.31	08:00:00	4443.046	4449.555	4433.623	4435.443	8646	0	260
2026.08.31	09:00:00	4435.808	4445.654	4435.378	4445.160	6897	0	260
2026.08.31	10:00:00	4445.218	4455.630	4444.649	4453.761	8074	0	260
2026.08.31	11:00:00	4453.912	4464.062	4452.404	4455.212	8272	0	260
2026.08.31	12:00:00	4455.372	4461.059	4435.215	4435.816	14802	0	260
2026.08.31	13:00:00	4435.728	4448.315	4415.519	4418.642	23928	0	260
2026.08.31	14:00:00	4418.695	4436.259	4416.140	4431.578	25350	0	260
2026.08.31	15:00:00	4431.655	4437.901	4424.339	4426.152	19340	0	260
2026.08.31	16:00:00	4426.072	4440.340	4423.554	4433.039	11691	0	260
2026.08.31	17:00:00	4433.165	4439.996	4428.646	4436.651	9133	0	260
2026.08.31	18:00:00	4436.460	4436.936	4426.132	4430.712	7218	0	260
2026.08.31	19:00:00	4430.829	4453.748	4429.057	4453.549	9253	0	260
2026.08.31	20:00:00	4453.156	4456.019	4446.473	4448.558	4863	0	260
2026.08.31	22:00:00	4450.204	4455.903	4445.397	4447.033	3754	0	260
2026.08.31	23:00:00	4447.104	4452.342	4441.635	4452.137	4259	0	260
2026.09.01	00:00:00	4452.220	4461.502	4446.002	4453.488	12566	0	260
2026.09.01	01:00:00	4453.562	4457.239	4436.124	4444.242	18224	0	260
2026.09.01	02:00:00	4444.249	4449.124	4427.764	4442.996	13231	0	260
2026.09.01	03:00:00	4442.937	4444.185	4431.635	4436.765	8590	0	260
2026.09.01	04:00:00	4436.547	4437.782	4425.266	4426.691	7689	0	260
2026.09.01	05:00:00	4426.823	4446.066	4423.808	4440.307	11899	0	260
2026.09.01	06:00:00	4440.247	4440.718	4427.722	4429.810	10092	0	260
2026.09.01	07:00:00	4429.755	4434.983	4412.046	4420.236	14129	0	260
2026.09.01	08:00:00	4420.229	4420.229	4369.049	4370.778	30113	0	260
2026.09.01	09:00:00	4370.712	4378.058	4364.569	4364.819	18689	0	260
2026.09.01	10:00:00	4364.763	4386.099	4364.168	4378.226	12418	0	260
2026.09.01	11:00:00	4378.280	4387.246	4371.871	4374.506	12120	0	260
2026.09.01	12:00:00	4374.178	4376.216	4351.804	4356.311	22841	0	260
2026.09.01	13:00:00	4356.258	4367.564	4326.079	4365.545	37652	0	260
2026.09.01	14:00:00	4365.418	4375.732	4353.180	4360.222	25696	0	260
2026.09.01	15:00:00	4360.279	4373.973	4355.090	4373.031	17119	0	260
2026.09.01	16:00:00	4373.097	4374.913	4346.811	4351.173	19475	0	260
2026.09.01	17:00:00	4351.282	4352.049	4340.829	4342.808	14709	0	240
2026.09.01	18:00:00	4343.135	4344.440	4327.995	4331.516	10918	0	240
2026.09.01	19:00:00	4331.457	4337.705	4322.672	4326.748	10924	0	240
2026.09.01	20:00:00	4326.675	4330.750	4323.782	4328.886	6328	0	260
2026.09.01	22:00:00	4332.480	4334.620	4326.124	4329.455	3356	0	240
2026.09.01	23:00:00	4329.458	4335.786	4322.753	4324.635	5315	0	240
2026.09.02	00:00:00	4324.688	4334.484	4314.347	4315.835	23797	0	260
2026.09.02	01:00:00	4315.769	4326.694	4288.131	4291.103	32216	0	240
2026.09.02	02:00:00	4291.156	4314.612	4287.142	4302.706	17302	0	240
2026.09.02	03:00:00	4302.764	4304.342	4282.227	4303.151	13955	0	240
2026.09.02	04:00:00	4303.127	4308.021	4301.270	4307.186	7732	0	240
2026.09.02	05:00:00	4307.242	4326.523	4303.524	4319.894	13864	0	240
2026.09.02	06:00:00	4319.895	4329.271	4314.508	4321.554	17295	0	240
2026.09.02	07:00:00	4321.611	4331.391	4319.107	4323.057	15104	0	240
2026.09.02	08:00:00	4323.181	4331.733	4312.459	4312.974	12345	0	240
2026.09.02	09:00:00	4312.945	4322.440	4304.910	4308.682	10457	0	240
2026.09.02	10:00:00	4308.489	4312.307	4301.796	4309.402	9239	0	240
2026.09.02	11:00:00	4309.342	4332.959	4307.589	4332.125	14843	0	240
2026.09.02	12:00:00	4332.228	4344.636	4327.174	4331.458	20292	0	240
2026.09.02	13:00:00	4331.281	4385.409	4330.574	4385.281	30819	0	260
2026.09.02	14:00:00	4385.196	4397.767	4374.333	4376.842	25176	0	260
2026.09.02	15:00:00	4376.991	4380.859	4364.397	4373.001	15159	0	260
2026.09.02	16:00:00	4372.895	4374.882	4364.305	4368.447	10033	0	260
2026.09.02	17:00:00	4368.440	4380.715	4364.408	4376.779	9435	0	260
2026.09.02	18:00:00	4376.943	4379.858	4369.158	4374.093	8832	0	260
2026.09.02	19:00:00	4374.268	4391.339	4371.536	4391.156	7780	0	240
2026.09.02	20:00:00	4391.102	4391.691	4383.861	4387.565	4786	0	260
2026.09.02	22:00:00	4391.577	4393.216	4383.341	4384.564	3584	0	240
2026.09.02	23:00:00	4384.621	4388.861	4380.937	4385.397	4430	0	240
2026.09.03	00:00:00	4385.810	4397.969	4382.629	4395.300	10452	0	260
2026.09.03	01:00:00	4395.355	4412.305	4387.419	4410.508	19388	0	260
2026.09.03	02:00:00	4410.170	4420.620	4406.565	4420.246	12878	0	260
2026.09.03	03:00:00	4420.222	4432.652	4419.173	4431.260	8732	0	260
2026.09.03	04:00:00	4431.205	4438.511	4425.520	4437.471	6468	0	260
2026.09.03	05:00:00	4437.180	4440.370	4422.169	4431.191	13610	0	260
2026.09.03	06:00:00	4431.125	4436.329	4418.795	4420.713	13694	0	260
2026.09.03	07:00:00	4420.633	4431.637	4418.900	4428.596	12936	0	260
2026.09.03	08:00:00	4428.670	4443.700	4427.918	4435.031	15256	0	260
2026.09.03	09:00:00	4435.086	4441.876	4425.549	4427.439	10015	0	260
2026.09.03	10:00:00	4427.633	4429.815	4418.844	4427.368	8875	0	260
2026.09.03	11:00:00	4427.307	4445.848	4424.934	4444.004	10412	0	260
2026.09.03	12:00:00	4443.926	4495.230	4437.864	4493.266	24774	0	260
2026.09.03	13:00:00	4493.392	4496.145	4456.489	4470.605	30106	0	260
2026.09.03	14:00:00	4470.578	4485.486	4458.207	4485.465	25477	0	260
2026.09.03	15:00:00	4485.249	4510.953	4484.078	4493.114	22363	0	260
2026.09.03	16:00:00	4493.172	4495.481	4485.254	4486.336	11786	0	260
2026.09.03	17:00:00	4486.395	4494.752	4483.130	4486.645	8695	0	260
2026.09.03	18:00:00	4486.632	4489.806	4473.864	4475.061	8529	0	260
2026.09.03	19:00:00	4475.008	4480.768	4472.534	4475.033	7978	0	260
2026.09.03	20:00:00	4475.369	4475.806	4470.289	4473.258	4130	0	260
2026.09.03	22:00:00	4475.526	4478.831	4471.248	4474.280	4655	0	260
2026.09.03	23:00:00	4474.518	4480.270	4471.595	4479.842	4407	0	260
2026.09.04	00:00:00	4480.209	4487.191	4472.608	4486.168	9136	0	260
2026.09.04	01:00:00	4486.253	4487.532	4466.846	4478.635	16469	0	260
2026.09.04	02:00:00	4478.697	4482.602	4469.963	4477.415	10687	0	260
2026.09.04	03:00:00	4477.538	4478.743	4467.016	4467.110	7041	0	260
2026.09.04	04:00:00	4466.786	4474.999	4465.372	4473.614	5772	0	260
2026.09.04	05:00:00	4473.519	4477.563	4466.637	4471.982	9596	0	260
2026.09.04	06:00:00	4471.912	4473.499	4460.066	4462.849	10977	0	260
2026.09.04	07:00:00	4462.787	4490.905	4461.495	4483.478	10622	0	260
2026.09.04	08:00:00	4483.536	4486.401	4474.187	4477.808	9096	0	260
2026.09.04	09:00:00	4477.828	4479.306	4463.750	4465.642	8758	0	260
2026.09.04	10:00:00	4465.315	4476.473	4465.227	4472.896	7128	0	260
2026.09.04	11:00:00	4472.951	4473.359	4465.111	4466.827	7554	0	260
2026.09.04	12:00:00	4466.807	4476.485	4378.646	4393.770	43994	0	260
2026.09.04	13:00:00	4393.560	4434.760	4365.204	4412.986	47567	0	260
2026.09.04	14:00:00	4413.314	4442.438	4411.881	4427.224	32513	0	260
2026.09.04	15:00:00	4427.626	4448.996	4422.608	4436.534	20921	0	260
2026.09.04	16:00:00	4436.719	4443.566	4431.967	4436.090	13386	0	260
2026.09.04	17:00:00	4436.427	4440.596	4415.307	4416.268	12089	0	260
2026.09.04	18:00:00	4416.380	4426.839	4411.856	4423.763	8186	0	260
2026.09.04	19:00:00	4423.991	4438.506	4422.445	4434.625	7186	0	260
2026.09.04	20:00:00	4434.570	4435.286	4428.472	4430.155	3744	0	260
2026.09.06	22:00:00	4421.983	4435.023	4417.610	4429.400	4582	0	260
2026.09.06	23:00:00	4429.539	4433.983	4421.101	4423.098	5218	0	260
2026.09.07	00:00:00	4423.160	4429.787	4409.935	4412.703	13102	0	260
2026.09.07	01:00:00	4412.757	4416.984	4389.434	4409.200	23127	0	260
2026.09.07	02:00:00	4409.146	4419.155	4402.730	4408.845	12291	0	260
2026.09.07	03:00:00	4408.770	4410.559	4401.102	4404.055	8533	0	260
2026.09.07	04:00:00	4403.950	4407.273	4394.387	4397.743	6051	0	260
2026.09.07	05:00:00	4397.802	4413.403	4393.033	4393.929	10727	0	260
2026.09.07	06:00:00	4393.984	4399.853	4385.221	4392.915	11687	0	260
2026.09.07	07:00:00	4392.970	4406.752	4392.013	4406.183	12837	0	260
2026.09.07	08:00:00	4406.238	4423.965	4404.995	4411.225	12127	0	260
2026.09.07	09:00:00	4411.223	4413.893	4403.351	4405.800	6893	0	260
2026.09.07	10:00:00	4405.677	4406.359	4387.942	4391.778	7906	0	260
2026.09.07	11:00:00	4391.692	4394.932	4380.933	4385.418	8968	0	260
2026.09.07	12:00:00	4385.487	4398.193	4385.274	4396.931	7420	0	260
2026.09.07	13:00:00	4396.567	4407.977	4395.211	4402.762	9325	0	260
2026.09.07	14:00:00	4402.700	4419.524	4401.090	4416.179	9244	0	260
2026.09.07	15:00:00	4416.123	4416.758	4408.593	4414.250	6420	0	260
2026.09.07	16:00:00	4414.371	4417.377	4411.617	4414.615	3687	0	260
2026.09.07	17:00:00	4414.369	4415.126	4406.924	4407.161	2715	0	260
2026.09.07	18:00:00	4407.217	4409.291	4403.033	4405.138	1882	0	260
2026.09.07	22:00:00	4412.384	4414.099	4406.111	4407.693	3316	0	260
2026.09.07	23:00:00	4407.296	4428.111	4407.050	4423.039	7008	0	260
2026.09.08	00:00:00	4422.828	4430.311	4414.853	4426.000	20560	0	260
2026.09.08	01:00:00	4425.941	4440.813	4417.151	4437.057	20377	0	260
2026.09.08	02:00:00	4437.353	4438.846	4421.062	4424.006	12131	0	260
2026.09.08	03:00:00	4424.241	4440.003	4422.572	4437.541	9074	0	260
2026.09.08	04:00:00	4437.870	4443.097	4431.453	4436.139	7958	0	260
2026.09.08	05:00:00	4435.808	4437.820	4417.208	4419.127	13245	0	260
2026.09.08	06:00:00	4419.223	4420.355	4398.029	4403.853	17316	0	260
2026.09.08	07:00:00	4404.014	4409.475	4389.934	4392.205	12307	0	260
2026.09.08	08:00:00	4392.535	4398.752	4387.701	4394.002	12660	0	260
2026.09.08	09:00:00	4394.201	4405.574	4390.766	4403.011	10745	0	260
2026.09.08	10:00:00	4403.066	4407.072	4393.499	4395.135	9751	0	260
2026.09.08	11:00:00	4395.424	4407.994	4391.004	4406.231	10041	0	260
2026.09.08	12:00:00	4406.292	4411.816	4385.152	4411.386	17448	0	260
2026.09.08	13:00:00	4411.439	4413.181	4390.117	4395.753	24858	0	260
2026.09.08	14:00:00	4395.697	4403.859	4388.886	4398.516	20943	0	260
2026.09.08	15:00:00	4398.577	4409.452	4394.648	4394.656	14653	0	260
2026.09.08	16:00:00	4394.892	4398.653	4380.373	4393.691	14325	0	260
2026.09.08	17:00:00	4393.757	4403.838	4385.267	4390.089	9350	0	260
2026.09.08	18:00:00	4389.871	4390.161	4358.083	4375.670	17191	0	260
2026.09.08	19:00:00	4375.764	4377.383	4356.599	4359.555	13884	0	260
2026.09.08	20:00:00	4359.499	4364.300	4345.122	4355.371	7565	0	260
2026.09.08	22:00:00	4353.928	4358.960	4350.421	4353.933	4309	0	260
2026.09.08	23:00:00	4354.124	4360.041	4349.009	4350.031	5035	0	240
2026.09.09	00:00:00	4349.791	4365.416	4340.916	4364.544	13853	0	240
2026.09.09	01:00:00	4364.665	4378.167	4353.847	4373.533	16653	0	260
2026.09.09	02:00:00	4373.595	4384.515	4367.092	4382.032	11082	0	260
2026.09.09	03:00:00	4382.098	4382.723	4374.980	4375.153	7079	0	260
2026.09.09	04:00:00	4375.096	4382.550	4370.600	4381.485	5739	0	260
2026.09.09	05:00:00	4381.363	4400.934	4380.219	4398.792	9705	0	260
2026.09.09	06:00:00	4398.914	4406.076	4395.267	4400.540	8900	0	260
2026.09.09	07:00:00	4400.658	4412.771	4399.034	4409.276	8808	0	260
2026.09.09	08:00:00	4409.152	4412.171	4398.856	4400.760	7941	0	260
2026.09.09	09:00:00	4400.814	4402.247	4388.721	4390.613	7627	0	260
2026.09.09	10:00:00	4390.804	4403.316	4386.168	4399.628	7711	0	260
2026.09.09	11:00:00	4399.693	4415.395	4399.693	4407.205	9822	0	260
2026.09.09	12:00:00	4407.150	4409.436	4390.822	4400.169	12391	0	260
2026.09.09	13:00:00	4400.113	4434.161	4398.360	4414.865	22741	0	260
2026.09.09	14:00:00	4414.815	4428.724	4409.635	4418.849	21257	0	260
2026.09.09	15:00:00	4418.957	4432.192	4375.075	4398.504	48478	0	260
2026.09.09	16:00:00	4398.723	4410.425	4391.373	4409.674	14530	0	260
2026.09.09	17:00:00	4409.618	4420.662	4408.727	4415.916	11641	0	260
2026.09.09	18:00:00	4415.972	4421.620	4401.511	4402.914	8164	0	260
2026.09.09	19:00:00	4403.154	4404.921	4395.476	4398.907	9024	0	260
2026.09.09	20:00:00	4398.853	4401.056	4393.303	4400.712	4026	0	260
2026.09.09	22:00:00	4404.616	4406.425	4397.617	4399.477	4513	0	260
2026.09.09	23:00:00	4399.419	4403.228	4393.076	4394.034	5359	0	240
2026.09.10	00:00:00	4393.980	4405.050	4389.657	4400.916	9760	0	260
2026.09.10	01:00:00	4401.125	4418.979	4399.819	4412.300	21181	0	260
2026.09.10	02:00:00	4412.124	4420.894	4408.011	4419.464	13335	0	260
2026.09.10	03:00:00	4419.138	4420.985	4406.704	4409.263	8155	0	260
2026.09.10	04:00:00	4408.984	4415.587	4405.515	4408.498	5911	0	260
2026.09.10	05:00:00	4408.560	4431.196	4408.029	4430.843	11867	0	260
2026.09.10	06:00:00	4430.945	4435.004	4410.769	4425.384	13349	0	260
2026.09.10	07:00:00	4425.093	4425.504	4403.900	4411.852	11629	0	260
2026.09.10	08:00:00	4411.794	4412.911	4392.536	4395.016	11040	0	260
2026.09.10	09:00:00	4394.685	4396.900	4388.311	4393.961	9598	0	260
2026.09.10	10:00:00	4394.210	4400.135	4374.919	4379.071	16011	0	260
2026.09.10	11:00:00	4379.018	4390.871	4374.003	4374.341	16580	0	260
2026.09.10	12:00:00	4374.410	4377.692	4323.930	4339.820	38312	0	260
2026.09.10	13:00:00	4339.893	4376.007	4339.352	4365.961	48740	0	260
2026.09.10	14:00:00	4366.152	4376.517	4353.791	4358.258	35064	0	260
2026.09.10	15:00:00	4358.179	4372.359	4352.364	4365.991	20296	0	260
2026.09.10	16:00:00	4366.056	4369.899	4353.830	4363.921	17736	0	260
2026.09.10	17:00:00	4363.974	4368.162	4351.096	4352.664	13437	0	260
2026.09.10	18:00:00	4352.722	4356.096	4329.758	4332.689	18080	0	240
2026.09.10	19:00:00	4332.635	4332.799	4313.524	4324.224	15265	0	240
2026.09.10	20:00:00	4324.659	4324.659	4314.433	4316.716	6096	0	240
2026.09.10	22:00:00	4319.261	4324.882	4313.615	4318.386	5215	0	240
2026.09.10	23:00:00	4318.397	4320.682	4311.082	4315.237	5901	0	240
2026.09.11	00:00:00	4315.164	4333.913	4312.545	4331.941	15194	0	240
2026.09.11	01:00:00	4331.888	4340.559	4320.742	4329.122	22976	0	240
2026.09.11	02:00:00	4329.067	4334.681	4315.814	4322.685	15920	0	260
2026.09.11	03:00:00	4322.583	4326.484	4300.524	4304.146	15670	0	240
2026.09.11	04:00:00	4304.023	4335.408	4301.884	4331.904	13908	0	260
2026.09.11	05:00:00	4331.884	4352.030	4328.087	4346.177	17114	0	260
2026.09.11	06:00:00	4346.242	4361.130	4345.905	4353.328	15167	0	260
2026.09.11	07:00:00	4353.000	4356.387	4340.325	4344.669	10970	0	260
2026.09.11	08:00:00	4345.060	4357.605	4342.018	4347.105	15488	0	260
2026.09.11	09:00:00	4347.167	4354.012	4340.602	4346.106	10019	0	240
2026.09.11	10:00:00	4346.418	4350.040	4336.502	4337.708	10743	0	260
2026.09.11	11:00:00	4337.653	4342.562	4329.900	4333.255	11341	0	240
2026.09.11	12:00:00	4333.198	4390.261	4291.770	4388.425	47467	0	260
2026.09.11	13:00:00	4388.371	4402.687	4380.296	4401.407	44932	0	260
2026.09.11	14:00:00	4401.619	4402.614	4364.692	4370.878	28756	0	260
2026.09.11	15:00:00	4370.807	4377.420	4359.066	4366.912	19565	0	260
2026.09.11	16:00:00	4366.860	4372.933	4351.840	4361.700	17773	0	260
2026.09.11	17:00:00	4361.618	4370.462	4357.684	4358.345	11536	0	260
2026.09.11	18:00:00	4358.398	4360.180	4343.900	4346.886	12960	0	240
2026.09.11	19:00:00	4346.982	4353.679	4342.683	4348.355	9725	0	240
2026.09.11	20:00:00	4348.286	4351.397	4345.409	4349.302	4784	0	260
2026.09.13	22:00:00	4339.582	4340.924	4328.399	4337.663	5153	0	240
2026.09.13	23:00:00	4337.940	4342.489	4331.746	4332.941	6151	0	240
2026.09.14	00:00:00	4332.802	4347.652	4329.669	4338.432	16024	0	260
2026.09.14	01:00:00	4338.310	4355.211	4326.089	4353.174	28475	0	260
2026.09.14	02:00:00	4353.097	4355.284	4330.060	4331.018	12881	0	260
2026.09.14	03:00:00	4330.959	4336.550	4327.092	4330.603	10017	0	260
2026.09.14	04:00:00	4330.391	4331.879	4321.897	4329.288	7736	0	240
2026.09.14	05:00:00	4329.341	4337.616	4323.271	4337.234	13059	0	240
2026.09.14	06:00:00	4337.300	4338.680	4320.452	4322.216	13390	0	240
2026.09.14	07:00:00	4322.148	4324.328	4307.781	4310.737	13520	0	240
2026.09.14	08:00:00	4311.065	4318.079	4303.178	4306.565	12940	0	240
2026.09.14	09:00:00	4306.446	4311.839	4277.899	4285.633	19453	0	240
2026.09.14	10:00:00	4285.508	4296.575	4278.044	4294.774	11062	0	240
2026.09.14	11:00:00	4294.722	4296.961	4283.995	4287.120	9996	0	240
2026.09.14	12:00:00	4287.174	4297.975	4265.657	4270.751	23571	0	240
2026.09.14	13:00:00	4270.837	4281.224	4253.404	4272.327	31568	0	240
2026.09.14	14:00:00	4272.379	4282.946	4263.774	4279.330	22787	0	240
2026.09.14	15:00:00	4279.407	4298.315	4272.413	4288.273	25079	0	240
2026.09.14	16:00:00	4288.391	4317.948	4286.257	4315.570	17140	0	240
2026.09.14	17:00:00	4315.623	4316.575	4307.733	4310.930	10860	0	240
2026.09.14	18:00:00	4311.098	4316.056	4304.588	4307.154	8694	0	240
2026.09.14	19:00:00	4307.283	4307.954	4282.815	4283.289	8818	0	240
2026.09.14	20:00:00	4283.344	4299.714	4282.167	4298.672	6126	0	240
2026.09.14	22:00:00	4300.726	4300.831	4292.920	4295.445	5042	0	240
2026.09.14	23:00:00	4295.156	4297.232	4287.121	4288.286	5561	0	240
2026.09.15	00:00:00	4288.232	4296.683	4283.027	4293.162	9100	0	240
2026.09.15	01:00:00	4293.107	4306.638	4287.924	4304.358	15565	0	240
2026.09.15	02:00:00	4304.447	4317.392	4304.447	4313.974	10832	0	240
2026.09.15	03:00:00	4314.039	4314.416	4303.071	4303.647	7685	0	240
2026.09.15	04:00:00	4303.593	4309.773	4300.551	4304.993	7160	0	240
2026.09.15	05:00:00	4304.926	4307.744	4289.218	4290.988	10430	0	240
2026.09.15	06:00:00	4291.045	4295.501	4285.875	4293.492	10697	0	240
2026.09.15	07:00:00	4293.549	4295.535	4275.990	4280.361	12541	0	240
2026.09.15	08:00:00	4280.385	4280.614	4261.130	4262.579	14600	0	240
2026.09.15	09:00:00	4262.549	4272.217	4261.380	4268.407	12034	0	240
2026.09.15	10:00:00	4268.525	4283.729	4268.161	4281.679	9029	0	240
2026.09.15	11:00:00	4281.288	4286.821	4278.625	4284.448	8466	0	240
2026.09.15	12:00:00	4284.392	4295.924	4271.256	4290.361	16707	0	240
2026.09.15	13:00:00	4290.463	4298.487	4283.431	4294.818	21539	0	240
2026.09.15	14:00:00	4294.687	4300.615	4273.618	4276.917	20731	0	240
2026.09.15	15:00:00	4276.860	4294.789	4276.577	4289.416	15525	0	240
2026.09.15	16:00:00	4289.475	4298.194	4285.324	4295.632	10423	0	240
2026.09.15	17:00:00	4295.685	4299.212	4290.270	4294.783	9211	0	240
2026.09.15	18:00:00	4294.837	4310.404	4292.823	4308.477	9914	0	240
2026.09.15	19:00:00	4308.521	4310.753	4294.087	4297.507	7407	0	240
2026.09.15	20:00:00	4297.622	4299.121	4291.765	4293.524	4435	0	240
2026.09.15	22:00:00	4296.061	4299.085	4288.781	4289.085	4431	0	240
2026.09.15	23:00:00	4289.020	4289.629	4281.022	4283.306	5334	0	240
2026.09.16	00:00:00	4283.373	4286.059	4275.393	4277.362	7476	0	240
2026.09.16	01:00:00	4277.204	4293.677	4276.562	4282.627	12024	0	240
2026.09.16	02:00:00	4282.296	4323.524	4281.685	4321.449	16032	0	240
2026.09.16	03:00:00	4321.383	4341.240	4321.211	4326.983	12963	0	260
2026.09.16	04:00:00	4327.040	4328.551	4320.365	4321.652	5893	0	240
2026.09.16	05:00:00	4321.782	4333.838	4320.768	4326.607	9717	0	240
2026.09.16	06:00:00	4326.675	4333.012	4321.288	4332.788	9696	0	260
2026.09.16	07:00:00	4332.660	4339.183	4328.550	4329.163	10411	0	260
2026.09.16	08:00:00	4329.286	4337.686	4322.843	4330.336	10962	0	240
2026.09.16	09:00:00	4330.167	4339.268	4327.313	4337.976	9368	0	260
2026.09.16	10:00:00	4338.037	4351.140	4337.648	4350.978	10131	0	260
2026.09.16	11:00:00	4351.044	4353.602	4341.748	4341.817	11003	0	260
2026.09.16	12:00:00	4341.740	4349.005	4334.580	4347.368	11011	0	240
2026.09.16	13:00:00	4347.303	4360.538	4334.909	4338.397	19446	0	240
2026.09.16	14:00:00	4338.433	4356.135	4324.035	4354.918	16121	0	240
2026.09.16	15:00:00	4354.988	4362.018	4342.785	4352.898	16030	0	260
2026.09.16	16:00:00	4352.715	4353.015	4343.589	4346.589	7764	0	240
2026.09.16	17:00:00	4346.312	4367.230	4341.620	4358.638	9209	0	240
2026.09.16	18:00:00	4358.816	4368.961	4256.874	4261.038	95594	0	260
2026.09.16	19:00:00	4261.124	4287.553	4234.930	4272.170	70953	0	240
2026.09.16	20:00:00	4272.019	4274.058	4257.034	4264.278	11535	0	240
2026.09.16	22:00:00	4262.999	4276.145	4257.349	4266.670	5921	0	240
2026.09.16	23:00:00	4266.726	4275.646	4258.815	4271.571	8534	0	240
2026.09.17	00:00:00	4271.627	4292.377	4266.026	4279.966	17190	0	240
2026.09.17	01:00:00	4280.295	4318.220	4279.849	4300.388	21973	0	240
2026.09.17	02:00:00	4300.445	4301.107	4274.029	4277.109	17067	0	240
2026.09.17	03:00:00	4277.236	4297.479	4276.867	4296.078	10700	0	240
2026.09.17	04:00:00	4296.003	4299.034	4290.279	4297.554	7907	0	240
2026.09.17	05:00:00	4297.256	4305.451	4285.293	4304.335	11737	0	240
2026.09.17	06:00:00	4304.259	4315.352	4304.155	4311.025	14006	0	240
2026.09.17	07:00:00	4310.699	4335.375	4309.158	4326.992	13557	0	260
2026.09.17	08:00:00	4327.094	4328.141	4309.936	4311.442	10773	0	240
2026.09.17	09:00:00	4311.387	4319.235	4305.000	4306.282	10115	0	240
2026.09.17	10:00:00	4306.290	4324.960	4305.063	4323.853	9169	0	240
2026.09.17	11:00:00	4323.816	4353.440	4323.225	4349.953	15107	0	240
2026.09.17	12:00:00	4349.651	4381.363	4343.673	4373.076	29933	0	260
2026.09.17	13:00:00	4373.199	4375.242	4355.273	4366.698	29606	0	260
2026.09.17	14:00:00	4367.004	4380.026	4352.053	4354.126	22405	0	260
2026.09.17	15:00:00	4354.185	4369.895	4350.990	4369.795	13949	0	260
2026.09.17	16:00:00	4369.619	4372.507	4355.623	4362.149	11103	0	260
2026.09.17	17:00:00	4362.478	4365.967	4357.830	4361.182	9359	0	260
2026.09.17	18:00:00	4361.122	4365.813	4348.285	4351.629	8438	0	240
2026.09.17	19:00:00	4351.495	4355.938	4342.514	4346.289	8155	0	240
2026.09.17	20:00:00	4346.233	4346.904	4340.490	4341.869	4378	0	240
2026.09.17	22:00:00	4343.387	4349.383	4341.393	4344.421	4561	0	240
2026.09.17	23:00:00	4344.367	4348.104	4339.683	4346.397	4962	0	240
2026.09.18	00:00:00	4346.062	4360.242	4342.091	4356.247	8711	0	260
2026.09.18	01:00:00	4356.305	4365.570	4343.730	4348.332	13494	0	260
2026.09.18	02:00:00	4348.274	4356.614	4343.231	4346.756	9914	0	260
2026.09.18	03:00:00	4346.890	4360.984	4334.052	4359.136	10833	0	260
2026.09.18	04:00:00	4359.080	4367.178	4352.855	4367.018	7293	0	260
2026.09.18	05:00:00	4366.793	4378.297	4360.068	4377.178	12832	0	260
2026.09.18	06:00:00	4377.060	4397.350	4377.014	4393.345	12315	0	260
2026.09.18	07:00:00	4393.565	4399.722	4388.765	4393.382	10440	0	260
2026.09.18	08:00:00	4393.292	4398.526	4385.127	4392.277	10995	0	260
2026.09.18	09:00:00	4392.455	4398.191	4372.923	4376.605	10415	0	260
2026.09.18	10:00:00	4376.390	4382.136	4375.475	4381.884	7929	0	260
2026.09.18	11:00:00	4381.481	4388.561	4372.536	4381.223	13806	0	260
2026.09.18	12:00:00	4381.345	4382.884	4353.581	4368.699	20858	0	260
2026.09.18	13:00:00	4368.869	4375.565	4347.208	4349.466	22534	0	260
2026.09.18	14:00:00	4349.401	4361.809	4342.626	4353.102	20968	0	240
2026.09.18	15:00:00	4353.154	4358.113	4348.115	4356.429	11730	0	260
2026.09.18	16:00:00	4356.464	4383.851	4354.680	4382.595	14564	0	240
2026.09.18	17:00:00	4382.660	4397.075	4381.479	4393.179	11014	0	260
2026.09.18	18:00:00	4393.179	4394.391	4379.525	4382.045	8007	0	260
2026.09.18	19:00:00	4382.109	4386.212	4374.821	4376.611	7327	0	260
2026.09.18	20:00:00	4376.457	4383.415	4375.479	4378.062	5800	0	260
2026.09.20	22:00:00	4374.114	4382.457	4373.496	4373.692	4814	0	240
2026.09.20	23:00:00	4373.718	4376.269	4368.731	4372.514	4815	0	240
2026.09.21	00:00:00	4372.494	4376.011	4358.210	4366.696	11446	0	260
2026.09.21	01:00:00	4366.762	4383.391	4366.457	4377.522	16084	0	260
2026.09.21	02:00:00	4377.457	4377.850	4360.987	4363.971	11113	0	260
2026.09.21	03:00:00	4363.911	4368.255	4357.846	4358.935	8475	0	260
2026.09.21	04:00:00	4359.156	4365.373	4354.997	4355.941	6984	0	260
2026.09.21	05:00:00	4355.606	4362.018	4349.082	4350.953	10438	0	260
2026.09.21	06:00:00	4350.889	4355.941	4346.090	4353.030	11632	0	260
2026.09.21	07:00:00	4353.094	4356.178	4341.840	4344.350	13841	0	260
2026.09.21	08:00:00	4344.294	4357.605	4343.221	4353.310	10242	0	260
2026.09.21	09:00:00	4353.214	4354.954	4339.936	4345.551	9954	0	260
2026.09.21	10:00:00	4345.273	4356.724	4342.469	4342.776	7795	0	260
2026.09.21	11:00:00	4342.721	4371.161	4341.779	4368.996	9718	0	260
2026.09.21	12:00:00	4368.911	4374.954	4351.087	4359.786	14711	0	260
2026.09.21	13:00:00	4359.454	4369.768	4345.914	4346.156	18934	0	260
2026.09.21	14:00:00	4345.939	4347.345	4322.715	4339.011	23703	0	260
2026.09.21	15:00:00	4339.097	4356.033	4338.714	4347.952	12489	0	240
2026.09.21	16:00:00	4348.007	4357.059	4342.822	4343.357	11030	0	240
2026.09.21	17:00:00	4343.412	4346.883	4337.263	4344.453	9272	0	240
2026.09.21	18:00:00	4344.553	4352.485	4343.813	4346.121	6828	0	240
2026.09.21	19:00:00	4345.836	4353.934	4342.056	4345.141	7044	0	240
2026.09.21	20:00:00	4345.218	4345.273	4339.151	4343.700	4029	0	260
2026.09.21	22:00:00	4347.611	4365.205	4346.431	4360.787	4656	0	240
2026.09.21	23:00:00	4361.118	4370.794	4358.010	4368.405	7496	0	260
2026.09.22	00:00:00	4368.471	4376.057	4348.184	4360.292	12494	0	260
2026.09.22	01:00:00	4360.024	4365.024	4343.594	4348.206	18975	0	260
2026.09.22	02:00:00	4348.222	4355.954	4339.582	4344.436	11411	0	260
2026.09.22	03:00:00	4344.698	4349.475	4339.306	4341.857	8007	0	260
2026.09.22	04:00:00	4341.481	4343.159	4334.854	4342.751	7166	0	260
2026.09.22	05:00:00	4342.694	4347.507	4316.217	4323.776	16797	0	260
2026.09.22	06:00:00	4323.835	4324.446	4314.960	4318.467	12514	0	260
2026.09.22	07:00:00	4318.254	4324.332	4299.488	4301.191	12102	0	240
2026.09.22	08:00:00	4301.124	4335.647	4291.359	4329.919	22092	0	240
2026.09.22	09:00:00	4329.863	4337.875	4311.818	4336.616	20238	0	240
2026.09.22	10:00:00	4336.524	4337.983	4321.532	4321.848	12868	0	260
2026.09.22	11:00:00	4321.790	4323.450	4308.771	4322.359	15152	0	260
2026.09.22	12:00:00	4322.345	4343.925	4320.079	4333.914	16011	0	260
2026.09.22	13:00:00	4333.796	4344.172	4327.572	4333.157	24335	0	260
2026.09.22	14:00:00	4333.427	4338.135	4314.727	4327.876	19736	0	240
2026.09.22	15:00:00	4327.932	4340.671	4325.342	4331.209	13213	0	240
2026.09.22	16:00:00	4331.342	4341.924	4322.549	4336.374	9929	0	240
2026.09.22	17:00:00	4336.048	4352.960	4334.697	4350.830	10926	0	240
2026.09.22	18:00:00	4350.750	4360.610	4347.501	4353.253	13086	0	260
2026.09.22	19:00:00	4353.313	4371.166	4353.168	4363.960	12026	0	260
2026.09.22	20:00:00	4364.109	4364.675	4357.336	4358.701	5156	0	260
2026.09.22	22:00:00	4359.901	4365.299	4359.552	4362.394	3694	0	260
2026.09.22	23:00:00	4362.450	4365.685	4358.314	4363.741	4330	0	260
2026.09.23	00:00:00	4363.740	4369.295	4354.969	4357.349	9077	0	260
2026.09.23	01:00:00	4357.405	4359.223	4339.075	4341.223	11225	0	260
2026.09.23	02:00:00	4341.357	4341.424	4333.157	4334.100	7658	0	260
2026.09.23	03:00:00	4333.952	4345.476	4333.074	4342.682	5717	0	260
2026.09.23	04:00:00	4342.726	4347.421	4342.345	4344.188	5034	0	260
2026.09.23	05:00:00	4344.131	4345.877	4327.822	4334.345	6735	0	260
2026.09.23	06:00:00	4334.246	4337.131	4325.721	4331.480	8907	0	240
2026.09.23	07:00:00	4331.426	4332.968	4318.664	4319.708	10166	0	260
2026.09.23	08:00:00	4319.774	4322.717	4315.220	4318.220	8266	0	240
2026.09.23	09:00:00	4318.210	4320.435	4308.124	4313.993	7713	0	260
2026.09.23	10:00:00	4314.107	4318.919	4312.182	4315.392	6922	0	240
2026.09.23	11:00:00	4315.298	4317.098	4294.425	4309.438	11032	0	240
2026.09.23	12:00:00	4309.469	4319.000	4300.748	4309.513	12296	0	240
2026.09.23	13:00:00	4309.571	4313.617	4280.452	4283.999	23714	0	240
2026.09.23	14:00:00	4283.920	4298.706	4277.673	4294.130	26194	0	240
2026.09.23	15:00:00	4294.198	4297.518	4277.363	4282.091	14550	0	240
2026.09.23	16:00:00	4282.035	4289.686	4278.343	4285.014	11216	0	240
2026.09.23	17:00:00	4285.068	4293.424	4274.555	4292.789	18437	0	240
2026.09.23	18:00:00	4292.844	4295.019	4282.672	4290.119	9027	0	240
2026.09.23	19:00:00	4290.152	4293.216	4280.980	4284.008	8870	0	240
2026.09.23	20:00:00	4284.046	4290.336	4282.602	4286.852	5126	0	240
2026.09.23	22:00:00	4290.216	4294.397	4286.742	4289.241	5315	0	240
2026.09.23	23:00:00	4289.406	4293.205	4284.843	4288.714	4633	0	240
2026.09.24	00:00:00	4288.769	4299.228	4283.827	4298.332	10588	0	240
2026.09.24	01:00:00	4298.587	4303.403	4277.786	4279.198	15090	0	240
2026.09.24	02:00:00	4279.138	4296.970	4273.498	4290.599	11584	0	240
2026.09.24	03:00:00	4290.547	4294.010	4280.527	4284.757	7929	0	240
2026.09.24	04:00:00	4284.748	4290.394	4281.383	4289.286	6352	0	240
2026.09.24	05:00:00	4289.408	4296.219	4277.264	4279.168	9741	0	240
2026.09.24	06:00:00	4279.049	4286.681	4274.285	4276.118	12599	0	240
2026.09.24	07:00:00	4276.339	4288.051	4274.087	4278.423	12196	0	240
2026.09.24	08:00:00	4278.311	4285.586	4260.563	4261.496	19081	0	240
2026.09.24	09:00:00	4261.444	4267.120	4250.793	4255.270	13190	0	240
2026.09.24	10:00:00	4255.210	4264.424	4243.993	4258.098	14781	0	240
2026.09.24	11:00:00	4258.319	4267.962	4251.860	4265.729	11807	0	240
2026.09.24	12:00:00	4265.670	4283.165	4260.290	4281.113	15891	0	240
2026.09.24	13:00:00	4280.894	4284.878	4264.802	4267.643	18392	0	240
2026.09.24	14:00:00	4267.451	4273.208	4252.274	4253.092	18120	0	240
2026.09.24	15:00:00	4253.146	4260.430	4244.586	4256.817	15750	0	240
2026.09.24	16:00:00	4256.616	4288.582	4252.493	4273.199	31672	0	240
2026.09.24	17:00:00	4272.890	4277.998	4257.788	4264.628	18006	0	240
2026.09.24	18:00:00	4264.681	4281.706	4256.044	4271.641	18050	0	240
2026.09.24	19:00:00	4271.782	4276.010	4266.834	4274.001	10326	0	240
2026.09.24	20:00:00	4273.694	4275.245	4264.245	4274.583	6888	0	240
2026.09.24	22:00:00	4273.568	4275.938	4267.616	4272.521	4336	0	240
2026.09.24	23:00:00	4272.442	4275.947	4264.909	4265.093	5113	0	240
2026.09.25	00:00:00	4264.983	4280.816	4264.345	4278.409	9328	0	240
2026.09.25	01:00:00	4278.695	4295.747	4276.790	4287.900	10565	0	240
2026.09.25	02:00:00	4287.992	4295.091	4277.570	4283.631	8088	0	240
2026.09.25	03:00:00	4283.684	4286.212	4269.211	4270.121	7907	0	240
2026.09.25	04:00:00	4270.064	4273.616	4262.502	4263.070	7105	0	240
2026.09.25	05:00:00	4263.024	4275.995	4256.153	4266.810	10362	0	240
2026.09.25	06:00:00	4266.753	4281.658	4266.059	4275.837	11192	0	240
2026.09.25	07:00:00	4275.772	4282.044	4270.939	4279.784	12447	0	240
2026.09.25	08:00:00	4279.732	4297.346	4274.756	4293.288	11460	0	240
2026.09.25	09:00:00	4293.176	4298.049	4289.418	4294.733	12795	0	240
2026.09.25	10:00:00	4294.661	4311.755	4293.762	4311.000	9574	0	240
2026.09.25	11:00:00	4311.054	4315.720	4299.586	4302.819	10490	0	240
2026.09.25	12:00:00	4303.067	4309.519	4296.571	4297.980	15193	0	240
2026.09.25	13:00:00	4298.305	4299.280	4273.150	4275.722	20063	0	240
2026.09.25	14:00:00	4275.837	4280.865	4254.228	4279.050	23787	0	240
2026.09.25	15:00:00	4279.101	4290.843	4269.825	4290.843	18289	0	240
2026.09.25	16:00:00	4290.900	4300.307	4279.174	4286.288	25119	0	240
2026.09.25	17:00:00	4286.533	4293.120	4279.377	4283.352	10353	0	240
2026.09.25	18:00:00	4283.349	4296.256	4282.663	4294.818	8739	0	240
2026.09.25	19:00:00	4294.884	4297.254	4287.728	4290.964	8275	0	240
2026.09.25	20:00:00	4291.029	4292.166	4284.140	4285.897	4660	0	240
