<DATE>	<OPEN>	<HIGH>	<LOW>	<CLOSE>	<TICKVOL>	<VOL>	<SPREAD>
2021.01.03	1909.308	1914.896	1907.729	1913.094	7459	0	0
2021.01.04	1913.048	1945.563	1909.942	1941.686	98678	0	0
2021.01.05	1941.687	1953.140	1934.267	1950.228	94085	0	0
2021.01.06	1950.279	1959.290	1900.692	1923.991	128899	0	0
2021.01.07	1923.943	1927.597	1906.796	1916.548	101216	0	0
2021.01.08	1916.499	1916.605	1828.156	1849.370	140422	0	0
2021.01.10	1855.038	1855.537	1841.553	1844.710	9760	0	0
2021.01.11	1844.680	1855.472	1816.935	1847.233	126206	0	0
2021.01.12	1847.186	1863.726	1836.532	1858.743	102713	0	0
2021.01.13	1858.696	1862.935	1841.859	1848.318	86519	0	0
2021.01.14	1848.315	1857.455	1830.107	1846.836	97648	0	0
2021.01.15	1846.783	1856.935	1823.284	1826.975	89955	0	0
2021.01.17	1827.947	1829.232	1802.438	1810.655	13629	0	0
2021.01.18	1810.726	1840.697	1810.429	1837.213	70741	0	0
2021.01.19	1837.216	1845.426	1832.998	1840.911	73955	0	0
2021.01.20	1840.913	1872.313	1832.342	1869.862	90441	0	0
2021.01.21	1869.910	1874.996	1858.279	1869.551	83966	0	0
2021.01.22	1869.551	1869.850	1837.298	1855.732	91721	0	0
2021.01.24	1858.206	1859.405	1856.571	1856.851	4087	0	0
2021.01.25	1856.871	1867.825	1847.064	1855.390	89145	0	0
2021.01.26	1855.387	1861.620	1848.222	1851.233	75824	0	0
2021.01.27	1851.252	1853.036	1831.211	1839.889	89647	0	0
2021.01.28	1839.936	1864.035	1833.967	1843.810	110592	0	0
2021.01.29	1843.855	1875.519	1839.535	1847.839	119776	0	0
2021.01.31	1855.282	1859.901	1851.596	1855.826	14098	0	0
2021.02.01	1855.772	1871.716	1849.044	1857.582	129007	0	0
2021.02.02	1857.627	1864.005	1829.457	1836.362	111148	0	0
2021.02.03	1836.376	1844.825	1829.505	1834.236	82822	0	0
2021.02.04	1834.218	1834.601	1784.866	1795.793	101171	0	0
2021.02.05	1795.840	1815.038	1792.013	1814.135	87280	0	0
2021.02.07	1817.259	1818.709	1815.763	1817.970	4825	0	0
2021.02.08	1817.923	1839.044	1807.705	1830.481	83431	0	0
2021.02.09	1830.478	1848.472	1829.920	1836.087	82579	0	0
2021.02.10	1836.085	1855.299	1833.996	1841.956	85380	0	0
2021.02.11	1841.956	1847.460	1820.983	1826.652	77499	0	0
2021.02.12	1826.655	1830.614	1810.436	1824.229	73522	0	0
2021.02.14	1824.898	1825.770	1820.100	1820.939	4963	0	0
2021.02.15	1820.988	1826.927	1816.013	1818.654	53783	0	0
2021.02.16	1818.651	1826.391	1786.855	1788.348	101690	0	0
2021.02.17	1788.298	1795.091	1769.408	1778.143	103061	0	0
2021.02.18	1778.142	1789.559	1768.345	1771.659	90338	0	0
2021.02.19	1771.609	1791.504	1760.626	1784.049	105173	0	0
2021.02.21	1786.332	1788.083	1781.291	1783.358	7052	0	0
2021.02.22	1783.408	1812.551	1780.648	1810.406	99802	0	0
2021.02.23	1810.410	1815.906	1795.606	1805.766	92458	0	0
2021.02.24	1805.795	1813.717	1783.473	1802.995	101166	0	0
2021.02.25	1803.002	1804.143	1765.136	1769.860	143949	0	0
2021.02.26	1769.909	1775.714	1717.030	1734.649	192982	0	0
2021.02.28	1737.958	1739.940	1735.286	1739.239	8441	0	0
2021.03.01	1739.206	1759.715	1719.641	1724.988	131756	0	0
2021.03.02	1724.957	1740.464	1707.039	1736.558	138751	0	0
2021.03.03	1736.547	1737.475	1701.613	1710.468	141388	0	0
2021.03.04	1710.464	1723.100	1690.443	1694.310	178878	0	0
2021.03.05	1694.277	1707.631	1687.180	1700.836	153035	0	0
2021.03.07	1706.301	1713.915	1706.268	1707.726	9666	0	0
2021.03.08	1707.706	1714.253	1676.627	1684.653	129373	0	0
2021.03.09	1684.620	1720.566	1680.179	1715.881	125434	0	0
2021.03.10	1715.864	1727.104	1708.131	1726.691	120247	0	0
2021.03.11	1726.699	1739.804	1719.025	1722.645	114329	0	0
2021.03.12	1722.676	1729.171	1699.094	1726.749	122265	0	0
2021.03.14	1728.251	1728.348	1724.244	1725.335	10552	0	0
2021.03.15	1725.330	1734.524	1721.616	1730.698	105663	0	0
2021.03.16	1730.665	1741.077	1725.847	1731.595	101536	0	0
2021.03.17	1731.546	1751.549	1723.856	1748.465	116973	0	0
2021.03.18	1748.464	1755.478	1719.080	1735.193	140629	0	0
2021.03.19	1735.188	1746.644	1728.484	1745.127	116359	0	0
2021.03.21	1743.714	1744.315	1737.981	1738.214	11848	0	0
2021.03.22	1738.182	1743.047	1727.126	1739.306	103430	0	0
2021.03.23	1739.300	1742.509	1724.663	1727.082	104768	0	0
2021.03.24	1727.097	1738.364	1723.546	1734.483	93612	0	0
2021.03.25	1734.492	1745.401	1721.498	1727.293	109149	0	0
2021.03.26	1727.316	1736.683	1721.448	1732.329	86065	0	0
2021.03.28	1731.377	1732.549	1730.611	1730.999	7120	0	0
2021.03.29	1731.014	1732.835	1705.736	1711.932	92570	0	0
2021.03.30	1711.938	1714.342	1678.392	1685.489	115453	0	0
2021.03.31	1685.488	1715.214	1677.769	1707.403	107528	0	0
2021.04.01	1707.405	1730.545	1705.761	1729.750	103831	0	0
2021.04.04	1728.462	1729.917	1726.908	1728.011	9834	0	0
2021.04.05	1727.974	1733.491	1721.285	1729.367	92761	0	0
2021.04.06	1729.367	1745.434	1727.505	1743.252	104288	0	0
2021.04.07	1743.217	1743.332	1730.607	1736.836	93823	0	0
2021.04.08	1736.806	1758.645	1733.133	1754.148	94174	0	0
2021.04.09	1754.178	1757.281	1731.102	1743.842	102691	0	0
2021.04.11	1742.481	1743.475	1740.490	1741.591	7527	0	0
2021.04.12	1741.557	1744.932	1727.324	1731.898	97822	0	0
2021.04.13	1731.902	1748.878	1723.591	1746.581	114901	0	0
2021.04.14	1746.575	1749.367	1732.473	1736.625	102970	0	0
2021.04.15	1736.595	1769.581	1734.297	1763.901	113908	0	0
2021.04.16	1763.870	1783.789	1759.729	1776.523	101046	0	0
2021.04.18	1775.640	1778.053	1774.762	1776.723	7268	0	0
2021.04.19	1776.692	1789.987	1766.526	1772.112	106751	0	0
2021.04.20	1772.115	1780.365	1763.547	1776.737	114285	0	0
2021.04.21	1776.742	1797.549	1776.454	1793.570	96336	0	0
2021.04.22	1793.619	1797.756	1777.332	1783.136	103024	0	0
2021.04.23	1783.126	1795.879	1769.753	1777.023	95581	0	0
2021.04.25	1775.596	1775.980	1773.860	1774.789	5751	0	0
2021.04.26	1774.803	1783.439	1768.539	1780.040	96253	0	0
2021.04.27	1780.046	1785.514	1773.492	1775.436	93515	0	0
2021.04.28	1775.430	1783.905	1762.458	1783.818	111860	0	0
2021.04.29	1783.782	1789.896	1755.874	1773.221	110915	0	0
2021.04.30	1773.220	1773.220	1764.164	1768.776	102953	0	0
2021.05.02	1767.058	1769.024	1766.046	1769.017	6513	0	0
2021.05.03	1768.980	1797.826	1767.314	1792.472	87090	0	0
2021.05.04	1792.425	1798.951	1770.571	1778.627	106706	0	0
2021.05.05	1778.595	1787.898	1770.306	1785.219	96111	0	0
2021.05.06	1785.220	1817.973	1781.934	1814.725	90328	0	0
2021.05.07	1814.715	1843.262	1812.845	1830.979	117988	0	0
2021.05.09	1832.896	1836.787	1831.996	1836.162	8380	0	0
2021.05.10	1836.184	1845.322	1829.947	1836.043	94451	0	0
2021.05.11	1836.045	1841.709	1817.796	1835.433	98093	0	0
2021.05.12	1835.438	1843.462	1813.230	1817.489	116434	0	0
2021.05.13	1817.443	1828.609	1808.675	1825.024	97603	0	0
2021.05.14	1825.026	1845.923	1819.661	1843.486	85594	0	0
2021.05.16	1843.784	1847.964	1843.784	1847.074	7759	0	0
2021.05.17	1847.049	1868.974	1843.540	1868.913	83399	0	0
2021.05.18	1868.871	1874.875	1863.164	1870.086	83198	0	0
2021.05.19	1870.085	1889.986	1852.125	1865.806	113425	0	0
2021.05.20	1865.852	1883.770	1863.801	1873.961	86644	0	0
2021.05.21	1873.940	1889.284	1870.065	1881.659	80927	0	0
2021.05.23	1880.985	1883.761	1880.148	1883.459	6024	0	0
2021.05.24	1883.457	1886.973	1875.167	1877.361	74684	0	0
2021.05.25	1877.323	1900.177	1872.613	1898.083	83832	0	0
2021.05.26	1898.082	1912.616	1890.655	1896.060	83218	0	0
2021.05.27	1896.070	1903.530	1888.111	1897.969	81577	0	0
2021.05.28	1897.992	1905.947	1882.063	1903.706	78735	0	0
2021.05.30	1903.805	1904.750	1903.214	1903.798	4828	0	0
2021.05.31	1903.845	1910.544	1902.063	1907.978	49864	0	0
2021.06.01	1907.987	1916.446	1892.350	1898.747	80275	0	0
2021.06.02	1898.751	1909.474	1894.250	1907.752	71644	0	0
2021.06.03	1907.756	1909.463	1863.442	1870.865	90377	0	0
2021.06.04	1870.856	1896.047	1855.573	1891.138	81372	0	0
2021.06.06	1889.994	1890.631	1888.646	1889.265	4562	0	0
2021.06.07	1889.246	1900.028	1881.455	1898.633	71255	0	0
2021.06.08	1898.622	1903.673	1883.740	1893.327	75925	0	0
2021.06.09	1893.315	1898.912	1887.254	1888.618	68567	0	0
2021.06.10	1888.632	1899.808	1869.798	1898.318	89758	0	0
2021.06.11	1898.294	1902.856	1874.321	1877.401	75860	0	0
2021.06.13	1876.160	1877.608	1873.194	1873.652	7570	0	0
2021.06.14	1873.604	1873.737	1844.212	1866.768	81551	0	0
2021.06.15	1866.757	1869.046	1851.529	1857.846	78065	0	0
2021.06.16	1857.892	1863.506	1803.264	1818.733	107445	0	0
2021.06.17	1818.758	1825.188	1766.982	1776.719	137725	0	0
2021.06.18	1776.672	1797.122	1760.860	1764.562	134267	0	0
2021.06.20	1768.728	1770.029	1767.355	1769.324	10146	0	0
2021.06.21	1769.320	1787.564	1766.410	1783.500	122405	0	0
2021.06.22	1783.490	1790.051	1772.255	1777.581	99541	0	0
2021.06.23	1777.578	1794.850	1773.162	1777.320	95711	0	0
2021.06.24	1777.320	1787.958	1772.832	1775.204	90167	0	0
2021.06.25	1775.204	1790.271	1773.694	1781.361	85909	0	0
2021.06.27	1781.264	1782.753	1780.545	1781.905	5695	0	0
2021.06.28	1781.858	1785.669	1770.538	1778.108	88786	0	0
2021.06.29	1778.097	1778.940	1750.621	1761.441	106264	0	0
2021.06.30	1761.456	1774.372	1753.297	1768.131	98720	0	0
2021.07.01	1768.132	1782.757	1765.633	1775.505	97488	0	0
2021.07.02	1775.495	1794.983	1774.291	1787.446	95209	0	0
2021.07.04	1787.277	1787.581	1785.461	1786.184	5239	0	0
2021.07.05	1786.187	1794.547	1784.426	1791.224	49857	0	0
2021.07.06	1791.212	1814.961	1789.852	1795.550	88126	0	0
2021.07.07	1795.503	1809.674	1793.869	1803.285	82074	0	0
2021.07.08	1803.280	1818.312	1793.986	1803.723	91982	0	0
2021.07.09	1803.736	1812.270	1796.594	1808.222	75885	0	0
2021.07.11	1808.049	1808.455	1806.301	1806.405	5105	0	0
2021.07.12	1806.452	1810.773	1791.409	1807.082	72140	0	0
2021.07.13	1807.079	1816.915	1798.539	1805.994	78929	0	0
2021.07.14	1805.999	1829.707	1804.457	1826.376	77983	0	0
2021.07.15	1826.388	1834.039	1820.217	1829.450	73499	0	0
2021.07.16	1829.450	1831.446	1808.937	1812.007	75863	0	0
2021.07.18	1811.224	1815.844	1810.351	1815.700	6668	0	0
2021.07.19	1815.700	1817.250	1794.815	1811.304	83666	0	0
2021.07.20	1811.325	1824.880	1804.850	1809.737	79682	0	0
2021.07.21	1809.735	1813.643	1794.420	1802.540	75126	0	0
2021.07.22	1802.492	1808.426	1792.692	1807.081	72800	0	0
2021.07.23	1807.077	1810.260	1789.193	1802.126	66689	0	0
2021.07.25	1802.274	1802.712	1800.053	1800.344	4238	0	0
2021.07.26	1800.329	1811.448	1796.276	1797.550	65298	0	0
2021.07.27	1797.556	1805.172	1793.332	1799.873	69728	0	0
2021.07.28	1799.828	1810.216	1792.394	1809.307	77673	0	0
2021.07.29	1809.275	1832.548	1808.585	1830.189	68562	0	0
2021.07.30	1830.198	1831.257	1810.141	1813.934	60203	0	0
2021.08.01	1814.431	1814.955	1812.009	1813.790	5232	0	0
2021.08.02	1813.796	1819.432	1805.525	1812.447	64914	0	0
2021.08.03	1812.492	1814.924	1806.999	1811.071	54660	0	0
2021.08.04	1811.063	1831.657	1806.308	1811.614	67323	0	0
2021.08.05	1811.606	1814.766	1797.515	1803.396	60256	0	0
2021.08.06	1803.351	1803.601	1758.355	1763.819	87376	0	0
2021.08.08	1761.426	1762.323	1686.694	1719.053	69285	0	0
2021.08.09	1719.031	1752.663	1705.881	1731.457	148338	0	0
2021.08.10	1731.450	1738.240	1717.704	1726.890	91854	0	0
2021.08.11	1726.899	1754.404	1723.979	1752.326	101103	0	0
2021.08.12	1752.311	1758.105	1741.322	1753.415	86809	0	0
2021.08.13	1753.382	1779.901	1751.651	1779.509	71797	0	0
2021.08.15	1779.017	1779.976	1778.408	1778.763	5672	0	0
2021.08.16	1778.734	1789.175	1770.840	1787.457	75313	0	0
2021.08.17	1787.424	1795.519	1780.495	1786.126	72382	0	0
2021.08.18	1786.121	1793.685	1777.122	1787.381	73598	0	0
2021.08.19	1787.379	1792.366	1774.043	1778.970	82213	0	0
2021.08.20	1779.033	1788.339	1778.279	1781.235	62966	0	0
2021.08.22	1781.378	1782.284	1777.329	1778.626	4530	0	0
2021.08.23	1778.613	1806.232	1776.413	1804.758	65000	0	0
2021.08.24	1804.712	1809.502	1800.678	1801.705	56981	0	0
2021.08.25	1801.715	1802.593	1782.309	1791.520	66750	0	0
2021.08.26	1791.518	1798.112	1779.770	1793.451	66785	0	0
2021.08.27	1793.400	1819.125	1784.410	1816.778	77017	0	0
2021.08.29	1817.936	1819.111	1817.133	1818.390	4404	0	0
2021.08.30	1818.386	1823.157	1807.650	1810.386	54529	0	0
2021.08.31	1810.341	1819.047	1801.544	1814.435	65704	0	0
2021.09.01	1814.426	1819.911	1808.588	1813.020	61928	0	0
2021.09.02	1813.018	1817.008	1804.630	1809.364	52026	0	0
2021.09.03	1809.362	1833.859	1808.878	1827.573	64099	0	0
2021.09.05	1828.089	1830.149	1827.417	1827.555	4329	0	0
2021.09.06	1827.545	1828.416	1821.315	1823.520	34607	0	0
2021.09.07	1823.475	1827.179	1792.280	1795.591	67449	0	0
2021.09.08	1795.589	1802.087	1782.300	1790.683	72227	0	0
2021.09.09	1790.694	1800.893	1783.752	1794.695	72158	0	0
2021.09.10	1794.670	1803.772	1787.080	1787.614	64258	0	0
2021.09.12	1787.288	1788.683	1786.960	1787.290	3529	0	0
2021.09.13	1787.245	1798.314	1783.302	1792.955	65206	0	0
2021.09.14	1792.956	1808.590	1780.279	1803.691	70588	0	0
2021.09.15	1803.701	1806.763	1790.604	1795.002	65988	0	0
2021.09.16	1794.956	1796.083	1745.019	1753.841	102686	0	0
2021.09.17	1753.851	1767.452	1747.306	1754.536	89910	0	0
2021.09.19	1754.698	1755.162	1751.188	1754.118	8278	0	0
2021.09.20	1754.088	1766.923	1741.681	1764.948	86260	0	0
2021.09.21	1764.917	1781.613	1757.869	1774.882	78148	0	0
2021.09.22	1774.886	1787.164	1764.582	1766.984	100527	0	0
2021.09.23	1767.014	1776.510	1737.392	1746.235	100612	0	0
2021.09.24	1746.247	1757.561	1740.411	1750.494	79903	0	0
2021.09.26	1750.033	1750.774	1748.214	1749.526	4180	0	0
2021.09.27	1749.536	1760.795	1744.808	1751.215	83532	0	0
2021.09.28	1751.213	1754.411	1728.069	1735.300	107297	0	0
2021.09.29	1735.309	1745.472	1721.571	1728.823	95768	0	0
2021.09.30	1728.854	1764.080	1722.212	1753.039	99775	0	0
2021.10.01	1753.006	1764.191	1749.685	1760.466	95099	0	0
2021.10.03	1760.954	1765.195	1760.954	1763.118	7494	0	0
2021.10.04	1763.088	1770.487	1747.675	1768.073	93005	0	0
2021.10.05	1768.042	1768.320	1748.561	1759.285	84559	0	0
2021.10.06	1759.317	1765.063	1745.822	1763.946	97050	0	0
2021.10.07	1763.913	1766.891	1751.935	1755.097	79240	0	0
2021.10.08	1755.098	1781.292	1753.320	1757.212	94289	0	0
2021.10.10	1757.272	1757.764	1750.915	1753.953	8800	0	0
2021.10.11	1753.956	1760.948	1750.128	1753.295	68176	0	0
2021.10.12	1753.334	1769.300	1750.573	1760.362	87275	0	0
2021.10.13	1760.331	1795.969	1757.826	1791.698	91192	0	0
2021.10.14	1791.671	1800.406	1786.625	1795.327	61634	0	0
2021.10.15	1795.277	1796.369	1764.652	1767.427	79640	0	0
2021.10.17	1766.961	1772.013	1764.565	1770.952	6830	0	0
2021.10.18	1770.983	1772.007	1760.276	1763.964	91234	0	0
2021.10.19	1763.995	1785.062	1763.269	1768.661	85459	0	0
2021.10.20	1768.664	1788.368	1766.839	1781.408	81134	0	0
2021.10.21	1781.376	1789.316	1776.245	1784.594	86070	0	0
2021.10.22	1784.561	1813.560	1782.595	1792.853	80469	0	0
2021.10.24	1792.926	1794.371	1792.388	1794.347	2853	0	0
2021.10.25	1794.376	1809.913	1792.182	1807.792	65583	0	0
2021.10.26	1807.777	1807.848	1782.191	1793.554	77614	0	0
2021.10.27	1793.571	1799.027	1783.447	1796.583	90869	0	0
2021.10.28	1796.552	1810.380	1791.986	1799.575	108982	0	0
2021.10.29	1799.559	1799.944	1771.896	1783.296	108281	0	0
2021.10.31	1783.269	1783.269	1779.055	1780.020	3101	0	0
2021.11.01	1779.988	1795.686	1779.988	1792.077	77580	0	0
2021.11.02	1792.107	1796.349	1786.172	1787.125	77102	0	0
2021.11.03	1787.099	1787.579	1758.534	1777.368	111417	0	0
2021.11.04	1777.398	1798.894	1770.712	1791.317	87569	0	0
2021.11.05	1791.322	1818.269	1784.842	1818.127	101610	0	0
2021.11.07	1815.750	1818.072	1815.470	1815.820	2370	0	0
2021.11.08	1815.830	1826.395	1812.403	1824.498	81654	0	0
2021.11.09	1824.463	1832.624	1819.069	1829.822	88085	0	0
2021.11.10	1829.849	1868.473	1822.256	1848.511	113417	0	0
2021.11.11	1848.493	1865.917	1842.860	1862.059	82046	0	0
2021.11.12	1862.018	1868.574	1845.229	1864.361	86426	0	0
2021.11.14	1866.804	1867.783	1865.240	1865.476	2251	0	0
2021.11.15	1865.490	1870.267	1856.308	1862.291	78175	0	0
2021.11.16	1862.259	1877.067	1849.644	1850.410	99146	0	0
2021.11.17	1850.379	1868.063	1849.530	1866.636	78553	0	0
2021.11.18	1866.651	1870.883	1855.023	1859.578	83780	0	0
2021.11.19	1859.585	1865.621	1842.813	1846.196	101460	0	0
2021.11.21	1842.207	1847.169	1841.485	1844.909	3841	0	0
2021.11.22	1844.934	1849.046	1802.202	1808.997	114437	0	0
2021.11.23	1809.027	1812.370	1781.914	1791.231	112713	0	0
2021.11.24	1791.262	1796.270	1778.150	1789.698	98747	0	0
2021.11.25	1789.676	1795.027	1787.851	1792.628	44287	0	0
2021.11.26	1792.616	1815.467	1780.054	1787.433	106350	0	0
2021.11.28	1788.597	1795.644	1780.188	1795.377	6526	0	0
2021.11.29	1795.346	1799.361	1781.122	1786.826	98892	0	0
2021.11.30	1786.816	1808.561	1769.831	1773.206	139380	0	0
2021.12.01	1773.209	1794.267	1772.598	1781.914	121649	0	0
2021.12.02	1781.925	1781.971	1761.841	1768.985	104071	0	0
2021.12.03	1768.994	1786.072	1766.078	1783.414	109984	0	0
2021.12.05	1782.102	1784.094	1780.691	1782.901	2235	0	0
2021.12.06	1782.933	1787.683	1775.556	1780.864	77848	0	0
2021.12.07	1780.836	1787.791	1771.948	1784.617	74359	0	0
2021.12.08	1784.607	1793.061	1779.580	1783.474	79004	0	0
2021.12.09	1783.472	1787.554	1773.417	1776.327	77338	0	0
2021.12.10	1776.329	1789.283	1770.069	1782.805	76673	0	0
2021.12.12	1782.732	1784.389	1782.710	1783.216	1672	0	0
2021.12.13	1783.217	1791.581	1781.775	1785.754	62154	0	0
2021.12.14	1785.757	1789.462	1766.419	1772.485	74133	0	0
2021.12.15	1772.515	1781.409	1753.053	1779.528	104229	0	0
2021.12.16	1779.560	1799.621	1775.504	1798.738	83382	0	0
2021.12.17	1798.770	1814.191	1795.794	1798.064	76773	0	0
2021.12.19	1800.610	1801.676	1799.386	1800.171	2264	0	0
2021.12.20	1800.202	1804.089	1788.286	1791.492	72725	0	0
2021.12.21	1791.510	1800.288	1784.748	1790.438	68139	0	0
2021.12.22	1790.468	1804.962	1785.846	1803.592	61580	0	0
2021.12.23	1803.558	1810.687	1798.609	1808.451	57442	0	0
2021.12.26	1806.207	1808.526	1805.977	1807.260	1460	0	0
2021.12.27	1807.282	1813.384	1802.850	1812.329	53327	0	0
2021.12.28	1812.360	1820.191	1805.006	1806.557	58094	0	0
2021.12.29	1806.524	1807.626	1789.212	1804.526	66338	0	0
2021.12.30	1804.533	1817.117	1796.118	1815.704	61977	0	0
2021.12.31	1815.737	1828.722	1814.704	1827.615	57542	0	0
2022.01.02	1830.615	1831.730	1828.021	1828.453	1680	0	0
2022.01.03	1828.422	1831.542	1798.304	1804.101	76069	0	0
2022.01.04	1804.127	1816.680	1798.452	1813.873	78919	0	0
2022.01.05	1813.885	1829.591	1808.259	1810.306	79757	0	0
2022.01.06	1810.339	1811.475	1786.332	1791.365	98877	0	0
2022.01.07	1791.381	1798.604	1782.289	1796.899	85416	0	0
2022.01.09	1794.898	1796.069	1794.505	1795.087	1989	0	0
2022.01.10	1795.117	1802.899	1790.033	1801.225	77478	0	0
2022.01.11	1801.195	1823.249	1801.195	1820.681	77466	0	0
2022.01.12	1820.647	1828.061	1814.465	1825.280	74718	0	0
2022.01.13	1825.249	1828.107	1812.206	1820.817	71760	0	0
2022.01.14	1820.785	1829.045	1814.630	1817.639	79454	0	0
2022.01.16	1817.663	1818.081	1815.859	1816.379	1623	0	0
2022.01.17	1816.377	1823.141	1813.109	1819.029	41145	0	0
2022.01.18	1818.985	1822.726	1805.730	1814.231	92130	0	0
2022.01.19	1814.262	1843.326	1810.042	1838.495	84062	0	0
2022.01.20	1838.496	1847.796	1835.726	1838.889	81864	0	0
2022.01.21	1838.895	1843.095	1828.186	1834.664	85210	0	0
2022.01.23	1833.144	1837.088	1833.123	1834.669	2717	0	0
2022.01.24	1834.699	1844.124	1829.487	1843.521	91028	0	0
2022.01.25	1843.527	1853.785	1834.667	1849.526	86212	0	0
2022.01.26	1849.505	1849.510	1814.840	1821.928	107635	0	0
2022.01.27	1821.924	1821.949	1791.760	1797.205	109585	0	0
2022.01.28	1797.232	1799.343	1780.165	1791.634	97736	0	0
2022.01.30	1789.345	1790.575	1788.327	1789.464	2523	0	0
2022.01.31	1789.494	1799.841	1785.425	1797.738	81420	0	0
2022.02.01	1797.736	1808.524	1795.718	1800.694	81768	0	0
2022.02.02	1800.711	1810.736	1794.218	1807.830	73932	0	0
2022.02.03	1807.797	1808.931	1788.521	1805.719	88834	0	0
2022.02.04	1805.691	1814.862	1792.076	1807.732	93010	0	0
2022.02.06	1808.436	1811.438	1807.877	1810.028	2355	0	0
2022.02.07	1810.035	1823.503	1808.628	1822.004	75588	0	0
2022.02.08	1821.979	1828.737	1815.347	1826.134	67268	0	0
2022.02.09	1825.759	1835.783	1824.344	1832.541	64087	0	0
2022.02.10	1832.543	1841.879	1821.482	1826.796	105641	0	0
2022.02.11	1826.765	1865.332	1820.541	1858.955	126030	0	0
2022.02.13	1855.638	1861.547	1855.387	1859.560	4307	0	0
2022.02.14	1859.538	1874.102	1850.562	1871.048	110678	0	0
2022.02.15	1871.070	1879.466	1844.121	1852.964	102306	0	0
2022.02.16	1852.951	1872.512	1850.275	1869.906	84930	0	0
2022.02.17	1869.938	1900.989	1867.772	1899.944	117794	0	0
2022.02.18	1899.977	1902.395	1886.288	1897.807	90032	0	0
2022.02.20	1903.076	1906.406	1900.349	1904.863	3826	0	0
2022.02.21	1904.861	1914.018	1887.562	1909.377	78560	0	0
2022.02.22	1909.376	1913.754	1891.161	1898.158	103220	0	0
2022.02.23	1898.156	1911.524	1889.367	1910.758	84987	0	0
2022.02.24	1910.754	1974.331	1877.772	1906.500	248409	0	0
2022.02.25	1906.531	1921.484	1882.823	1889.003	146899	0	0
2022.02.27	1920.950	1927.279	1904.347	1910.214	13716	0	0
2022.02.28	1910.181	1919.182	1890.826	1906.268	142190	0	0
2022.03.01	1906.236	1949.979	1901.217	1942.269	137936	0	0
2022.03.02	1942.264	1947.706	1913.468	1928.835	156325	0	0
2022.03.03	1928.805	1941.243	1921.838	1934.870	121881	0	0
2022.03.04	1934.879	1970.844	1929.366	1970.317	152725	0	0
2022.03.06	1981.416	1991.349	1981.269	1988.583	11613	0	0
2022.03.07	1988.600	2002.716	1960.799	1998.703	222824	0	0
2022.03.08	1998.736	2070.292	1980.856	2043.828	317420	0	0
2022.03.09	2043.799	2059.010	1975.866	1989.867	262576	0	0
2022.03.10	1989.862	2009.102	1970.412	1995.387	206027	0	0
2022.03.11	1995.388	1997.308	1958.366	1988.214	163022	0	0
2022.03.13	1980.342	1983.847	1970.760	1974.302	8522	0	0
2022.03.14	1974.263	1978.865	1949.352	1952.184	132435	0	0
2022.03.15	1952.176	1952.208	1906.916	1918.085	154230	0	0
2022.03.16	1918.082	1929.424	1894.750	1926.898	152631	0	0
2022.03.17	1926.899	1949.689	1925.557	1943.947	117789	0	0
2022.03.18	1943.915	1945.340	1917.946	1921.271	113298	0	0
2022.03.20	1925.067	1926.334	1918.261	1918.985	4780	0	0
2022.03.21	1919.007	1941.097	1917.662	1935.506	98940	0	0
2022.03.22	1935.543	1938.331	1910.378	1919.665	109093	0	0
2022.03.23	1919.663	1948.282	1915.575	1946.104	93583	0	0
2022.03.24	1946.106	1966.151	1937.434	1959.217	111431	0	0
2022.03.25	1959.236	1964.253	1943.079	1958.248	99757	0	0
2022.03.27	1955.588	1957.911	1954.787	1957.222	4351	0	0
2022.03.28	1957.209	1958.405	1916.898	1924.041	130401	0	0
2022.03.29	1924.040	1929.272	1890.113	1916.354	135007	0	0
2022.03.30	1916.363	1938.489	1915.905	1934.017	107123	0	0
2022.03.31	1934.044	1949.760	1918.817	1936.702	110771	0	0
2022.04.01	1936.704	1939.493	1917.848	1924.495	111591	0	0
2022.04.03	1924.673	1924.995	1921.444	1924.674	3323	0	0
2022.04.04	1924.635	1936.808	1915.190	1931.493	98316	0	0
2022.04.05	1931.510	1944.555	1917.767	1920.617	106538	0	0
2022.04.06	1920.618	1933.482	1914.737	1923.806	123710	0	0
2022.04.07	1923.783	1937.653	1920.496	1932.938	100050	0	0
2022.04.08	1932.968	1948.146	1927.668	1947.868	91436	0	0
2022.04.10	1948.292	1950.000	1943.180	1944.606	4962	0	0
2022.04.11	1944.610	1969.585	1939.925	1952.799	114353	0	0
2022.04.12	1952.772	1978.253	1949.605	1965.922	112665	0	0
2022.04.13	1965.899	1981.532	1962.745	1977.083	97551	0	0
2022.04.14	1977.082	1980.198	1960.420	1973.111	95792	0	0
2022.04.17	1972.910	1987.767	1971.978	1986.477	7360	0	0
2022.04.18	1986.494	1998.178	1976.208	1977.131	100495	0	0
2022.04.19	1977.161	1981.760	1943.618	1949.718	115161	0	0
2022.04.20	1949.748	1958.332	1939.088	1956.797	111133	0	0
2022.04.21	1956.794	1957.397	1936.478	1950.905	109301	0	0
2022.04.22	1950.899	1955.483	1926.267	1931.500	122261	0	0
2022.04.24	1932.305	1934.435	1929.527	1932.663	4920	0	0
2022.04.25	1932.661	1932.726	1891.134	1899.390	142707	0	0
2022.04.26	1899.375	1911.179	1895.449	1906.528	119602	0	0
2022.04.27	1906.529	1906.789	1881.037	1885.633	120990	0	0
2022.04.28	1885.625	1896.735	1871.900	1895.515	122058	0	0
2022.04.29	1895.526	1919.762	1894.415	1896.720	112171	0	0
2022.05.01	1899.389	1899.899	1896.106	1897.236	6224	0	0
2022.05.02	1897.206	1898.451	1854.428	1863.149	110239	0	0
2022.05.03	1863.117	1877.892	1850.192	1868.330	100201	0	0
2022.05.04	1868.298	1894.144	1861.388	1893.782	120296	0	0
2022.05.05	1893.821	1909.551	1872.327	1874.231	135684	0	0
2022.05.06	1874.199	1892.504	1865.888	1883.631	115754	0	0
2022.05.08	1883.561	1885.697	1879.889	1881.256	5207	0	0
2022.05.09	1881.244	1882.073	1851.677	1854.636	116544	0	0
2022.05.10	1854.605	1865.301	1833.108	1833.584	123399	0	0
2022.05.11	1833.614	1857.973	1831.974	1854.064	129735	0	0
2022.05.12	1854.063	1858.745	1810.519	1821.379	138220	0	0
2022.05.13	1821.414	1828.472	1798.810	1811.491	105512	0	0
2022.05.15	1813.943	1814.561	1809.718	1813.161	5868	0	0
2022.05.16	1813.190	1829.184	1786.381	1826.353	109857	0	0
2022.05.17	1826.388	1836.051	1812.886	1814.521	102817	0	0
2022.05.18	1814.490	1824.673	1807.231	1816.015	96091	0	0
2022.05.19	1816.029	1849.115	1810.833	1842.072	111098	0	0
2022.05.20	1842.064	1849.365	1832.312	1846.487	90597	0	0
2022.05.22	1848.976	1849.587	1843.478	1846.283	5062	0	0
2022.05.23	1846.284	1865.372	1845.756	1853.883	87087	0	0
2022.05.24	1853.919	1869.656	1849.303	1867.329	80676	0	0
2022.05.25	1867.361	1867.995	1841.300	1853.974	82339	0	0
2022.05.26	1853.944	1854.260	1840.804	1852.779	83104	0	0
2022.05.27	1852.748	1862.113	1847.933	1853.024	77173	0	0
2022.05.29	1852.618	1853.909	1848.158	1849.849	3394	0	0
2022.05.30	1849.872	1863.953	1848.661	1852.384	53671	0	0
2022.05.31	1852.416	1857.070	1835.015	1836.404	92851	0	0
2022.06.01	1836.437	1849.923	1828.429	1845.949	96121	0	0
2022.06.02	1845.953	1870.543	1844.065	1869.855	82913	0	0
2022.06.03	1869.886	1873.967	1847.249	1850.960	77386	0	0
2022.06.05	1850.955	1853.237	1850.103	1851.478	2805	0	0
2022.06.06	1851.480	1857.898	1837.957	1839.385	73857	0	0
2022.06.07	1839.404	1855.484	1836.939	1853.566	79488	0	0
2022.06.08	1853.569	1859.610	1844.488	1852.692	74411	0	0
2022.06.09	1852.695	1855.255	1840.008	1846.918	81415	0	0
2022.06.10	1846.945	1875.847	1825.079	1871.532	115442	0	0
2022.06.12	1878.070	1878.832	1874.666	1876.949	6102	0	0
2022.06.13	1876.930	1877.351	1809.140	1821.013	138261	0	0
2022.06.14	1820.980	1831.570	1805.064	1810.902	123222	0	0
2022.06.15	1810.872	1841.828	1808.642	1833.827	151096	0	0
2022.06.16	1833.811	1857.493	1815.391	1850.809	130439	0	0
2022.06.17	1850.821	1852.917	1833.817	1840.248	109101	0	0
2022.06.19	1836.197	1840.320	1834.725	1838.432	5130	0	0
2022.06.20	1838.436	1846.093	1835.153	1839.091	63752	0	0
2022.06.21	1839.053	1843.581	1828.531	1831.320	90405	0	0
2022.06.22	1831.288	1847.815	1823.291	1836.562	103024	0	0
2022.06.23	1836.593	1846.058	1822.481	1824.582	102434	0	0
2022.06.24	1824.585	1831.621	1816.879	1827.100	94125	0	0
2022.06.26	1836.268	1836.298	1829.990	1831.005	7001	0	0
2022.06.27	1830.973	1840.818	1820.729	1823.494	87970	0	0
2022.06.28	1823.506	1829.452	1818.256	1818.377	79623	0	0
2022.06.29	1818.347	1833.030	1811.898	1818.883	89393	0	0
2022.06.30	1818.896	1825.133	1802.627	1806.548	100828	0	0
2022.07.01	1806.552	1809.394	1784.473	1809.341	112101	0	0
2022.07.03	1810.342	1810.937	1808.034	1808.071	4033	0	0
2022.07.04	1808.062	1814.091	1803.948	1809.285	56439	0	0
2022.07.05	1809.287	1812.081	1763.729	1769.527	109591	0	0
2022.07.06	1769.524	1772.784	1732.221	1739.958	124549	0	0
2022.07.07	1739.989	1748.998	1736.482	1741.722	89351	0	0
2022.07.08	1741.754	1752.349	1732.813	1742.249	93331	0	0
2022.07.10	1741.119	1744.589	1740.873	1741.965	3889	0	0
2022.07.11	1741.998	1743.548	1731.223	1733.238	80153	0	0
2022.07.12	1733.236	1743.940	1723.036	1725.287	99125	0	0
2022.07.13	1725.317	1745.318	1707.071	1731.990	124098	0	0
2022.07.14	1731.972	1733.521	1697.565	1711.655	129549	0	0
2022.07.15	1711.692	1716.563	1698.927	1707.440	99116	0	0
2022.07.17	1706.571	1710.646	1706.536	1710.292	4179	0	0
2022.07.18	1710.261	1723.834	1706.616	1708.215	87737	0	0
2022.07.19	1708.198	1718.373	1705.300	1709.954	78373	0	0
2022.07.20	1709.924	1714.476	1692.191	1695.406	83899	0	0
2022.07.21	1695.357	1720.269	1680.811	1718.076	117457	0	0
2022.07.22	1718.046	1739.229	1712.809	1727.469	94925	0	0
2022.07.24	1726.250	1727.089	1724.282	1724.673	3980	0	0
2022.07.25	1724.676	1736.012	1714.721	1718.990	81380	0	0
2022.07.26	1719.030	1728.145	1713.605	1717.929	79872	0	0
2022.07.27	1717.896	1740.307	1711.358	1738.764	95606	0	0
2022.07.28	1738.733	1757.039	1733.993	1754.908	113789	0	0
2022.07.29	1754.898	1767.905	1752.116	1766.178	95370	0	0
2022.07.31	1765.356	1765.390	1760.893	1762.141	3687	0	0
2022.08.01	1762.172	1775.302	1758.220	1772.228	88755	0	0
2022.08.02	1772.261	1787.973	1754.784	1756.675	112400	0	0
2022.08.03	1756.669	1772.769	1754.321	1763.586	92445	0	0
2022.08.04	1763.617	1794.882	1763.358	1793.380	86654	0	0
2022.08.05	1793.347	1794.863	1764.955	1775.628	98373	0	0
2022.08.07	1773.369	1775.046	1772.643	1774.558	3684	0	0
2022.08.08	1774.562	1790.631	1771.119	1789.176	73981	0	0
2022.08.09	1789.146	1800.410	1783.177	1794.082	75716	0	0
2022.08.10	1794.086	1807.831	1787.574	1791.660	91473	0	0
2022.08.11	1791.675	1799.215	1783.471	1788.950	82896	0	0
2022.08.12	1788.923	1802.198	1784.860	1801.884	74534	0	0
2022.08.14	1801.505	1801.765	1798.969	1799.103	3025	0	0
2022.08.15	1799.072	1801.693	1772.949	1778.509	84793	0	0
2022.08.16	1778.547	1783.068	1771.198	1775.556	73288	0	0
2022.08.17	1775.564	1782.159	1759.700	1764.909	91793	0	0
2022.08.18	1764.911	1772.362	1755.304	1758.387	80126	0	0
2022.08.19	1758.390	1758.550	1745.490	1747.376	77223	0	0
2022.08.21	1745.586	1748.094	1744.969	1745.664	3670	0	0
2022.08.22	1745.668	1748.992	1727.749	1735.220	84063	0	0
2022.08.23	1735.227	1754.057	1730.786	1745.970	85342	0	0
2022.08.24	1745.972	1755.904	1742.431	1750.980	78538	0	0
2022.08.25	1750.974	1765.437	1749.921	1756.377	78251	0	0
2022.08.26	1756.379	1758.757	1734.130	1737.998	101769	0	0
2022.08.28	1734.774	1738.525	1733.125	1734.735	6173	0	0
2022.08.29	1734.741	1745.407	1720.280	1739.526	90790	0	0
2022.08.30	1739.510	1740.474	1721.131	1723.304	84207	0	0
2022.08.31	1723.302	1726.483	1705.480	1708.952	93068	0	0
2022.09.01	1708.919	1708.919	1688.723	1697.174	97164	0	0
2022.09.02	1697.165	1717.932	1696.266	1712.532	91250	0	0
2022.09.04	1711.024	1711.509	1707.899	1707.958	3100	0	0
2022.09.05	1707.929	1715.705	1707.720	1713.927	51594	0	0
2022.09.06	1713.921	1726.337	1699.751	1703.478	95465	0	0
2022.09.07	1703.475	1719.426	1691.358	1716.553	95638	0	0
2022.09.08	1716.548	1728.138	1703.864	1710.648	106170	0	0
2022.09.09	1710.618	1729.336	1709.683	1717.186	87222	0	0
2022.09.11	1718.402	1720.155	1716.742	1718.396	3416	0	0
2022.09.12	1718.365	1735.081	1711.946	1725.246	92494	0	0
2022.09.13	1725.236	1731.772	1696.993	1702.097	114580	0	0
2022.09.14	1702.141	1707.068	1693.596	1697.512	99562	0	0
2022.09.15	1697.494	1697.775	1660.181	1662.336	103864	0	0
2022.09.16	1662.338	1680.361	1654.095	1675.286	95581	0	0
2022.09.18	1674.412	1679.963	1673.966	1677.946	4036	0	0
2022.09.19	1677.914	1678.740	1659.457	1675.752	84650	0	0
2022.09.20	1675.744	1679.430	1659.913	1666.400	87178	0	0
2022.09.21	1666.392	1688.033	1653.772	1667.043	141336	0	0
2022.09.22	1667.040	1684.833	1655.368	1672.724	138885	0	0
2022.09.23	1672.737	1675.933	1639.714	1643.877	118540	0	0
2022.09.25	1643.172	1645.673	1640.355	1644.085	5575	0	0
2022.09.26	1644.082	1649.598	1621.048	1627.669	150756	0	0
2022.09.27	1627.637	1642.384	1626.649	1628.797	114230	0	0
2022.09.28	1628.795	1662.660	1614.427	1656.115	147585	0	0
2022.09.29	1656.147	1665.171	1641.435	1664.567	132548	0	0
2022.09.30	1664.576	1675.424	1659.198	1660.963	121497	0	0
2022.10.02	1664.009	1665.394	1663.255	1664.152	4625	0	0
2022.10.03	1664.122	1702.553	1659.578	1700.996	126185	0	0
2022.10.04	1701.000	1729.469	1695.125	1725.563	120521	0	0
2022.10.05	1725.562	1727.552	1700.495	1718.379	118208	0	0
2022.10.06	1718.416	1725.491	1706.888	1711.869	108881	0	0
2022.10.07	1711.890	1714.764	1690.453	1695.001	116044	0	0
2022.10.09	1696.236	1699.857	1695.794	1696.694	4572	0	0
2022.10.10	1696.695	1697.232	1665.618	1670.131	101537	0	0
2022.10.11	1670.100	1683.879	1660.867	1664.037	122726	0	0
2022.10.12	1664.015	1678.298	1661.379	1674.483	118122	0	0
2022.10.13	1674.460	1682.360	1642.337	1663.441	152379	0	0
2022.10.14	1663.418	1671.694	1640.123	1644.267	126306	0	0
2022.10.16	1646.163	1647.656	1644.094	1647.470	4635	0	0
2022.10.17	1647.455	1668.389	1646.361	1650.698	97294	0	0
2022.10.18	1650.730	1660.853	1645.810	1652.305	104396	0	0
2022.10.19	1652.304	1653.366	1626.464	1627.097	103988	0	0
2022.10.20	1627.064	1645.570	1622.403	1626.980	107874	0	0
2022.10.21	1626.979	1658.087	1616.856	1657.806	154343	0	0
2022.10.23	1659.975	1670.606	1656.610	1661.251	20029	0	0
2022.10.24	1661.219	1663.306	1643.903	1651.742	126312	0	0
2022.10.25	1651.773	1662.281	1638.121	1652.755	107108	0	0
2022.10.26	1652.765	1674.834	1649.733	1667.513	110063	0	0
2022.10.27	1667.524	1670.754	1654.798	1661.862	122403	0	0
2022.10.28	1661.861	1666.992	1637.811	1644.628	109931	0	0
2022.10.30	1643.727	1645.373	1643.003	1643.446	4695	0	0
2022.10.31	1643.413	1645.560	1631.677	1632.419	86334	0	0
2022.11.01	1632.452	1656.969	1630.689	1646.772	109646	0	0
2022.11.02	1646.804	1669.428	1631.800	1633.721	137225	0	0
2022.11.03	1633.718	1640.911	1616.624	1629.737	115067	0	0
2022.11.04	1629.771	1681.665	1629.315	1680.966	133196	0	0
2022.11.06	1675.168	1680.309	1672.277	1672.660	5338	0	0
2022.11.07	1672.698	1681.865	1666.852	1674.072	103128	0	0
2022.11.08	1674.084	1716.901	1664.665	1711.587	118524	0	0
2022.11.09	1711.583	1722.291	1702.124	1706.450	124416	0	0
2022.11.10	1706.469	1757.196	1703.980	1752.196	145419	0	0
2022.11.11	1752.192	1772.822	1747.230	1771.096	129640	0	0
2022.11.13	1763.488	1764.891	1761.422	1763.439	4142	0	0
2022.11.14	1763.447	1775.007	1753.101	1769.481	114630	0	0
2022.11.15	1769.516	1786.472	1767.047	1780.746	154449	0	0
2022.11.16	1780.774	1784.992	1770.272	1773.843	121911	0	0
2022.11.17	1773.862	1774.762	1754.443	1760.058	111269	0	0
2022.11.18	1760.026	1767.674	1747.487	1750.852	93341	0	0
2022.11.20	1751.196	1752.595	1750.869	1752.261	2432	0	0
2022.11.21	1752.256	1752.986	1732.473	1738.506	101152	0	0
2022.11.22	1738.513	1749.613	1737.008	1741.139	89700	0	0
2022.11.23	1741.140	1753.378	1726.349	1752.271	106094	0	0
2022.11.24	1752.302	1758.565	1752.297	1755.189	62917	0	0
2022.11.25	1755.375	1761.120	1745.947	1755.969	74199	0	0
2022.11.27	1753.479	1754.215	1749.919	1750.900	1548	0	0
2022.11.28	1750.883	1763.703	1739.601	1741.231	103654	0	0
2022.11.29	1741.252	1758.929	1740.230	1748.884	96372	0	0
2022.11.30	1748.920	1773.440	1744.645	1773.332	122029	0	200
2022.12.01	1773.354	1804.439	1771.933	1802.253	122294	0	200
2022.12.02	1802.284	1802.960	1778.425	1797.945	117888	0	200
2022.12.04	1795.131	1799.341	1794.397	1798.946	3012	0	200
2022.12.05	1798.977	1809.868	1765.756	1769.348	110084	0	200
2022.12.06	1769.314	1780.835	1767.201	1770.915	94682	0	200
2022.12.07	1770.918	1790.489	1768.683	1786.964	105176	0	200
2022.12.08	1786.974	1794.813	1781.372	1789.207	87462	0	200
2022.12.09	1789.210	1806.043	1788.466	1797.455	98125	0	200
2022.12.11	1795.942	1796.635	1794.757	1794.954	2137	0	200
2022.12.12	1794.938	1795.446	1777.541	1781.893	86586	0	200
2022.12.13	1781.894	1824.450	1780.983	1809.588	129874	0	200
2022.12.14	1809.586	1814.085	1795.718	1807.616	129135	0	200
2022.12.15	1807.617	1807.818	1773.434	1776.490	120680	0	200
2022.12.16	1776.456	1794.228	1774.271	1793.062	95317	0	200
2022.12.18	1792.453	1793.006	1790.950	1791.017	2246	0	200
2022.12.19	1790.997	1798.712	1783.783	1787.255	82184	0	200
2022.12.20	1787.224	1821.020	1784.563	1817.199	125538	0	200
2022.12.21	1817.168	1823.760	1811.854	1814.892	90916	0	200
2022.12.22	1814.856	1820.365	1784.764	1793.440	99414	0	200
2022.12.23	1793.461	1803.194	1791.140	1798.469	85413	0	200
2022.12.26	1799.575	1803.087	1799.248	1800.842	1600	0	1955
2022.12.27	1800.845	1833.269	1800.238	1812.353	91872	0	200
2022.12.28	1812.377	1814.566	1796.946	1805.765	88177	0	200
2022.12.29	1805.728	1820.145	1804.340	1815.096	81999	0	200
2022.12.30	1815.108	1825.985	1813.339	1823.510	88315	0	200
2023.01.02	1825.968	1830.460	1823.998	1829.131	2383	0	834
2023.01.03	1829.110	1849.902	1826.747	1836.522	123236	0	200
2023.01.04	1836.501	1865.086	1836.185	1854.827	124319	0	200
2023.01.05	1854.794	1858.971	1825.035	1832.799	116573	0	200
2023.01.06	1832.800	1869.783	1831.265	1865.989	119650	0	200
2023.01.08	1866.736	1869.889	1866.716	1869.602	3665	0	200
2023.01.09	1869.595	1881.406	1867.099	1870.490	108249	0	200
2023.01.10	1870.477	1880.719	1867.789	1877.167	103786	0	200
2023.01.11	1877.196	1886.576	1867.093	1876.939	100875	0	200
2023.01.12	1876.935	1901.591	1873.261	1898.022	133233	0	200
2023.01.13	1898.023	1921.854	1892.282	1920.251	111536	0	200
2023.01.15	1919.066	1920.450	1916.844	1916.893	2928	0	200
2023.01.16	1916.904	1928.751	1910.813	1917.856	69359	0	200
2023.01.17	1917.882	1918.996	1903.633	1908.691	101923	0	200
2023.01.18	1908.674	1925.862	1896.559	1906.818	129163	0	200
2023.01.19	1906.848	1935.129	1900.950	1931.680	114683	0	200
2023.01.20	1931.683	1937.401	1920.580	1925.916	97931	0	200
2023.01.22	1924.243	1927.327	1924.189	1927.258	2521	0	200
2023.01.23	1927.232	1935.466	1911.296	1931.325	105364	0	200
2023.01.24	1931.313	1942.395	1916.962	1936.963	101128	0	200
2023.01.25	1936.953	1948.739	1919.804	1948.321	107095	0	200
2023.01.26	1948.346	1949.116	1918.410	1930.718	113344	0	200
2023.01.27	1930.679	1935.025	1916.655	1928.265	92728	0	200
2023.01.29	1926.737	1928.918	1926.408	1928.854	2431	0	200
2023.01.30	1928.859	1934.425	1920.627	1922.089	96195	0	200
2023.01.31	1922.121	1931.088	1900.736	1927.336	110313	0	200
2023.02.01	1927.329	1955.951	1920.494	1953.043	138707	0	200
2023.02.02	1953.008	1959.639	1911.211	1915.002	144430	0	200
2023.02.03	1914.998	1918.515	1861.424	1865.705	147100	0	0
2023.02.05	1864.169	1869.894	1863.718	1865.462	4303	0	200
2023.02.06	1865.429	1881.296	1862.982	1868.476	112453	0	200
2023.02.07	1868.507	1884.428	1864.972	1872.894	137566	0	200
2023.02.08	1872.893	1886.342	1868.977	1874.989	102318	0	200
2023.02.09	1874.983	1890.170	1858.842	1862.322	113699	0	200
2023.02.10	1862.353	1872.159	1852.744	1865.314	115668	0	200
2023.02.12	1863.970	1865.290	1862.633	1862.705	2215	0	200
2023.02.13	1862.739	1866.533	1850.417	1854.376	92835	0	200
2023.02.14	1854.380	1870.322	1843.190	1854.865	155848	0	200
2023.02.15	1854.862	1860.066	1830.262	1836.361	117933	0	200
2023.02.16	1836.353	1845.266	1827.567	1834.272	114977	0	200
2023.02.17	1834.288	1843.547	1818.861	1842.499	107727	0	200
2023.02.19	1841.163	1841.687	1838.386	1838.659	2114	0	200
2023.02.20	1838.666	1847.390	1837.282	1841.674	51828	0	200
2023.02.21	1841.705	1843.801	1830.204	1835.548	100268	0	200
2023.02.22	1835.552	1845.972	1823.473	1825.075	100966	0	200
2023.02.23	1825.086	1833.723	1817.218	1823.166	98797	0	200
2023.02.24	1823.187	1827.755	1808.912	1810.778	100840	0	200
2023.02.26	1811.891	1813.078	1811.239	1811.740	2182	0	200
2023.02.27	1811.728	1820.088	1806.177	1817.137	89116	0	200
2023.02.28	1817.138	1831.104	1804.363	1825.551	94273	0	200
2023.03.01	1825.552	1844.574	1823.042	1836.554	103951	0	200
2023.03.02	1836.530	1838.932	1829.947	1837.818	96440	0	200
2023.03.03	1837.787	1856.278	1837.756	1855.265	90684	0	200
2023.03.05	1853.694	1854.076	1852.152	1852.294	1832	0	200
2023.03.06	1852.302	1858.123	1845.066	1846.323	84777	0	200
2023.03.07	1846.303	1851.468	1812.670	1813.936	110351	0	200
2023.03.08	1813.935	1824.235	1809.372	1815.196	96068	0	200
2023.03.09	1815.209	1835.548	1811.922	1831.569	90833	0	200
2023.03.10	1831.565	1870.031	1827.702	1867.109	141680	0	200
2023.03.12	1883.238	1894.368	1875.749	1877.746	25382	0	200
2023.03.13	1877.716	1914.577	1871.496	1912.025	197148	0	200
2023.03.14	1912.055	1914.113	1895.228	1903.064	152960	0	200
2023.03.15	1903.055	1937.287	1885.584	1921.155	195804	0	200
2023.03.16	1921.145	1933.443	1907.298	1921.294	165426	0	200
2023.03.17	1921.306	1988.311	1918.196	1988.129	151267	0	200
2023.03.19	1985.925	1988.132	1975.037	1976.936	11961	0	200
2023.03.20	1976.968	2009.668	1965.627	1976.585	190910	0	200
2023.03.21	1976.581	1985.121	1935.343	1943.106	139930	0	200
2023.03.22	1943.074	1978.802	1934.057	1969.706	164684	0	200
2023.03.23	1969.755	2003.277	1966.317	1991.324	156170	0	200
2023.03.24	1991.292	2002.989	1975.165	1978.777	158797	0	200
2023.03.26	1976.400	1976.735	1969.153	1975.691	7622	0	200
2023.03.27	1975.658	1978.691	1943.944	1958.071	122533	0	200
2023.03.28	1958.040	1975.255	1949.141	1971.867	105019	0	200
2023.03.29	1971.898	1972.854	1958.550	1963.197	94581	0	200
2023.03.30	1963.201	1984.251	1955.195	1978.386	100059	0	200
2023.03.31	1978.412	1987.544	1966.806	1969.376	102323	0	200
2023.04.02	1966.275	1967.407	1956.964	1957.027	9069	0	200
2023.04.03	1957.063	1990.476	1949.542	1984.935	111844	0	200
2023.04.04	1984.929	2024.953	1976.821	2021.734	124192	0	200
2023.04.05	2021.748	2032.027	2009.923	2020.287	116612	0	200
2023.04.06	2020.270	2020.907	2000.810	2007.761	97591	0	200
2023.04.09	1997.006	2006.495	1995.817	2005.497	5727	0	200
2023.04.10	2005.529	2005.860	1981.436	1992.389	96573	0	200
2023.04.11	1992.356	2007.410	1988.773	2004.659	84791	0	200
2023.04.12	2004.675	2028.184	2000.987	2018.149	122591	0	200
2023.04.13	2018.118	2048.597	2015.276	2039.713	108744	0	200
2023.04.14	2039.712	2047.392	1992.364	2004.252	132336	0	200
2023.04.16	2001.207	2005.006	1999.651	2002.848	5116	0	200
2023.04.17	2002.866	2014.998	1980.899	1993.906	109445	0	200
2023.04.18	1993.915	2011.823	1991.048	2005.718	97036	0	200
2023.04.19	2005.719	2008.077	1969.176	1993.616	113434	0	200
2023.04.20	1993.651	2012.347	1990.476	2005.313	109838	0	200
2023.04.21	2005.287	2005.508	1971.584	1982.886	118265	0	200
2023.04.23	1982.082	1985.343	1981.789	1984.620	3555	0	200
2023.04.24	1984.618	1996.420	1974.028	1995.016	100112	0	200
2023.04.25	1995.015	2003.830	1976.067	2000.172	125720	0	200
2023.04.26	2000.178	2009.322	1983.348	1991.647	127316	0	200
2023.04.27	1991.617	2003.246	1974.016	1986.914	121216	0	200
2023.04.28	1986.879	1994.994	1976.103	1989.376	121134	0	200
2023.04.30	1989.602	1991.877	1986.620	1986.895	4632	0	200
2023.05.01	1986.927	2005.933	1977.054	1981.373	116672	0	200
2023.05.02	1981.385	2019.310	1978.455	2015.905	122121	0	200
2023.05.03	2015.916	2079.817	2007.655	2051.957	152928	0	200
2023.05.04	2051.959	2059.537	2030.327	2049.922	166007	0	200
2023.05.05	2049.924	2052.957	1999.451	2016.650	127103	0	200
2023.05.07	2016.428	2017.281	2014.174	2016.006	4614	0	200
2023.05.08	2015.976	2029.320	2015.150	2021.237	91201	0	200
2023.05.09	2021.266	2037.561	2019.483	2036.270	93233	0	200
2023.05.10	2036.310	2048.145	2021.356	2031.436	117039	0	200
2023.05.11	2031.411	2040.788	2011.104	2016.346	131664	0	200
2023.05.12	2016.367	2022.461	2000.895	2010.912	107778	0	200
2023.05.14	2008.664	2011.957	2008.664	2009.558	3383	0	200
2023.05.15	2009.551	2022.083	2008.637	2014.400	87555	0	200
2023.05.16	2014.411	2018.279	1985.414	1989.630	108083	0	200
2023.05.17	1989.633	1992.977	1974.734	1982.714	96745	0	200
2023.05.18	1982.717	1985.973	1951.937	1958.356	102472	0	200
2023.05.19	1958.364	1984.186	1954.003	1977.703	113070	0	200
2023.05.21	1978.005	1981.480	1978.005	1980.829	3724	0	200
2023.05.22	1980.827	1982.530	1968.840	1969.784	98372	0	200
2023.05.23	1969.814	1977.739	1954.232	1974.980	114184	0	200
2023.05.24	1975.021	1985.101	1956.683	1959.752	111502	0	200
2023.05.25	1959.748	1964.711	1938.813	1940.515	119459	0	200
2023.05.26	1940.492	1957.219	1936.576	1946.834	101879	0	200
2023.05.28	1943.265	1946.248	1943.227	1943.654	4455	0	200
2023.05.29	1943.687	1949.718	1940.270	1941.683	54794	0	200
2023.05.30	1941.498	1963.479	1932.042	1958.535	104736	0	200
2023.05.31	1958.544	1974.676	1953.625	1966.244	110076	0	200
2023.06.01	1966.275	1983.049	1953.338	1977.030	106041	0	200
2023.06.02	1977.033	1983.332	1947.580	1947.992	103337	0	200
2023.06.04	1947.366	1950.096	1947.297	1949.330	4212	0	200
2023.06.05	1949.344	1964.003	1938.048	1961.224	96579	0	200
2023.06.06	1961.231	1966.376	1954.345	1963.345	89175	0	200
2023.06.07	1963.315	1970.123	1939.839	1944.436	97644	0	200
2023.06.08	1944.433	1970.507	1942.764	1965.316	94453	0	200
2023.06.09	1965.313	1972.771	1956.580	1960.640	84889	0	200
2023.06.11	1959.592	1960.497	1958.014	1959.933	3142	0	200
2023.06.12	1959.941	1966.889	1949.168	1959.940	85967	0	200
2023.06.13	1959.953	1970.599	1939.975	1943.884	103093	0	200
2023.06.14	1943.891	1960.058	1939.673	1945.188	108727	0	200
2023.06.15	1945.146	1960.194	1924.838	1958.223	110042	0	200
2023.06.16	1958.202	1967.848	1953.188	1957.441	91820	0	200
2023.06.18	1958.500	1958.561	1956.235	1957.038	3499	0	200
2023.06.19	1957.046	1958.711	1947.734	1952.197	61245	0	200
2023.06.20	1952.383	1956.727	1929.734	1937.231	99445	0	200
2023.06.21	1937.225	1939.431	1918.898	1933.839	106493	0	200
2023.06.22	1933.838	1934.198	1912.355	1914.439	95129	0	200
2023.06.23	1914.439	1937.231	1910.091	1921.192	95863	0	200
2023.06.25	1922.951	1925.402	1922.682	1925.294	4392	0	200
2023.06.26	1925.293	1933.280	1920.902	1922.485	86295	0	200
2023.06.27	1922.501	1930.639	1910.800	1915.385	89617	0	200
2023.06.28	1915.389	1917.174	1902.740	1909.681	89688	0	200
2023.06.29	1909.712	1913.047	1892.900	1908.661	97322	0	200
2023.06.30	1908.692	1922.693	1900.502	1919.333	91783	0	200
2023.07.02	1918.552	1919.584	1917.464	1918.169	3360	0	200
2023.07.03	1918.164	1930.891	1910.003	1921.181	79036	0	200
2023.07.04	1921.180	1930.645	1920.024	1926.176	55090	0	200
2023.07.05	1926.247	1934.967	1914.765	1916.772	87089	0	200
2023.07.06	1916.784	1927.548	1902.618	1911.516	102481	0	200
2023.07.07	1911.543	1934.845	1909.625	1925.339	93353	0	200
2023.07.09	1925.288	1928.140	1923.842	1924.848	4469	0	200
2023.07.10	1924.858	1926.880	1912.329	1924.821	82810	0	200
2023.07.11	1924.822	1938.404	1924.406	1933.240	81711	0	200
2023.07.12	1933.244	1959.618	1933.171	1957.713	94183	0	200
2023.07.13	1957.714	1963.303	1952.344	1960.134	94524	0	200
2023.07.14	1960.124	1963.671	1950.841	1955.223	91072	0	200
2023.07.16	1954.975	1954.975	1951.354	1953.281	4161	0	200
2023.07.17	1953.281	1959.801	1945.753	1955.398	81295	0	200
2023.07.18	1955.396	1984.251	1954.677	1977.481	102256	0	200
2023.07.19	1977.464	1980.859	1969.742	1977.683	83637	0	200
2023.07.20	1977.661	1987.421	1965.320	1972.197	90622	0	200
2023.07.21	1972.227	1973.735	1956.605	1961.851	82280	0	200
2023.07.23	1962.228	1962.882	1960.351	1961.177	2975	0	200
2023.07.24	1961.172	1967.805	1953.174	1954.393	85832	0	200
2023.07.25	1954.394	1966.193	1951.977	1965.284	82996	0	200
2023.07.26	1965.283	1978.243	1961.962	1972.009	94567	0	200
2023.07.27	1972.012	1982.133	1942.018	1947.443	107138	0	200
2023.07.28	1947.411	1963.460	1946.054	1959.184	106947	0	200
2023.07.30	1959.875	1960.470	1957.373	1958.063	3961	0	200
2023.07.31	1958.054	1972.326	1950.718	1963.907	82338	0	200
2023.08.01	1963.906	1964.628	1941.209	1952.146	91721	0	200
2023.08.02	1952.140	1954.752	1932.864	1936.000	90778	0	200
2023.08.03	1936.025	1938.822	1929.496	1935.774	93749	0	200
2023.08.04	1935.747	1946.752	1925.071	1942.483	88844	0	200
2023.08.06	1942.560	1946.648	1942.415	1943.790	4378	0	200
2023.08.07	1943.785	1945.267	1931.441	1936.732	71973	0	200
2023.08.08	1936.763	1937.305	1922.573	1925.569	80972	0	200
2023.08.09	1925.574	1932.204	1914.027	1916.688	74620	0	200
2023.08.10	1916.688	1929.986	1910.556	1912.358	90789	0	200
2023.08.11	1912.358	1920.882	1911.857	1913.786	72861	0	200
2023.08.13	1913.666	1915.181	1912.345	1913.620	3311	0	200
2023.08.14	1913.620	1916.156	1902.465	1907.557	77709	0	200
2023.08.15	1907.567	1911.563	1896.208	1901.419	89252	0	200
2023.08.16	1901.412	1907.146	1891.652	1893.295	78624	0	200
2023.08.17	1893.298	1903.413	1884.996	1891.227	81687	0	200
2023.08.18	1891.231	1896.549	1886.724	1889.529	71964	0	200
2023.08.20	1889.357	1890.823	1888.800	1889.919	3175	0	200
2023.08.21	1889.934	1898.650	1884.547	1894.664	79765	0	200
2023.08.22	1894.674	1904.410	1889.052	1898.478	73997	0	200
2023.08.23	1898.476	1920.292	1898.432	1917.849	82497	0	200
2023.08.24	1917.849	1923.147	1911.704	1915.847	75315	0	200
2023.08.25	1915.845	1922.208	1903.541	1914.321	80438	0	200
2023.08.27	1915.974	1916.068	1914.322	1915.028	3310	0	200
2023.08.28	1915.029	1925.991	1912.694	1921.186	63471	0	200
2023.08.29	1921.199	1938.120	1914.407	1936.168	74867	0	200
2023.08.30	1936.176	1949.006	1934.940	1944.185	75678	0	200
2023.08.31	1944.195	1947.720	1939.033	1939.824	70627	0	200
2023.09.01	1939.828	1952.748	1934.334	1939.704	77956	0	200
2023.09.03	1939.987	1941.000	1939.406	1940.558	2143	0	200
2023.09.04	1940.557	1946.232	1936.688	1937.659	46367	0	200
2023.09.05	1937.551	1938.927	1925.272	1926.559	72882	0	200
2023.09.06	1926.559	1929.097	1915.203	1917.091	72865	0	200
2023.09.07	1917.086	1923.521	1916.163	1920.247	65701	0	200
2023.09.08	1920.255	1929.639	1917.247	1918.973	64974	0	200
2023.09.10	1919.621	1919.653	1916.576	1918.801	4003	0	200
2023.09.11	1918.795	1930.440	1918.316	1921.624	71030	0	200
2023.09.12	1921.590	1924.447	1907.232	1912.858	69284	0	200
2023.09.13	1912.857	1915.696	1905.456	1909.176	79620	0	200
2023.09.14	1909.169	1912.856	1900.968	1909.735	82553	0	200
2023.09.15	1909.766	1930.372	1909.766	1923.831	75345	0	200
2023.09.17	1924.077	1924.530	1922.547	1923.227	2713	0	200
2023.09.18	1923.227	1934.453	1922.773	1934.040	67199	0	200
2023.09.19	1934.061	1937.345	1929.723	1931.319	61568	0	200
2023.09.20	1931.317	1947.361	1927.837	1929.424	82851	0	200
2023.09.21	1929.428	1930.451	1913.791	1921.353	82610	0	200
2023.09.22	1921.361	1929.046	1921.190	1925.231	66570	0	200
2023.09.24	1926.116	1926.294	1924.402	1924.717	3126	0	200
2023.09.25	1924.730	1927.147	1915.011	1916.207	68746	0	200
2023.09.26	1916.209	1916.447	1899.103	1901.529	71470	0	200
2023.09.27	1901.524	1903.712	1872.507	1877.562	79521	0	200
2023.09.28	1877.583	1879.490	1857.644	1866.700	87839	0	200
2023.09.29	1866.695	1879.801	1846.282	1848.796	88149	0	200
2023.10.01	1847.284	1848.678	1845.687	1848.314	4065	0	200
2023.10.02	1848.314	1848.885	1820.404	1824.944	91704	0	200
2023.10.03	1824.919	1833.344	1815.218	1823.303	112749	0	200
2023.10.04	1823.303	1830.542	1816.556	1822.524	101113	0	200
2023.10.05	1822.472	1829.173	1812.994	1821.272	86951	0	200
2023.10.06	1821.272	1834.832	1810.402	1831.900	96661	0	200
2023.10.08	1853.390	1854.643	1845.525	1847.965	10973	0	200
2023.10.09	1847.992	1863.416	1844.161	1862.536	84488	0	200
2023.10.10	1862.582	1865.278	1852.970	1859.647	88092	0	200
2023.10.11	1859.633	1877.152	1858.590	1875.250	85916	0	200
2023.10.12	1875.251	1884.918	1867.883	1870.555	86450	0	200
2023.10.13	1870.546	1932.593	1870.055	1932.217	101893	0	200
2023.10.15	1927.521	1927.521	1921.177	1925.836	7671	0	200
2023.10.16	1925.842	1925.927	1908.144	1919.386	92358	0	200
2023.10.17	1919.382	1931.523	1912.343	1924.689	92901	0	200
2023.10.18	1924.689	1962.562	1923.755	1950.842	108627	0	200
2023.10.19	1950.783	1982.346	1945.057	1977.138	116091	0	200
2023.10.20	1977.172	1997.115	1971.974	1980.751	113250	0	200
2023.10.22	1972.732	1978.529	1970.062	1971.544	6191	0	200
2023.10.23	1971.505	1982.746	1964.308	1973.557	102785	0	200
2023.10.24	1973.555	1980.836	1953.444	1972.825	101124	0	200
2023.10.25	1972.826	1987.207	1962.998	1982.923	108493	0	200
2023.10.26	1982.941	1993.389	1971.735	1984.379	101346	0	200
2023.10.27	1984.378	2009.327	1976.817	2006.048	100590	0	200
2023.10.29	2002.954	2004.776	1996.868	2002.656	9369	0	200
2023.10.30	2002.684	2006.732	1990.976	1995.492	94989	0	200
2023.10.31	1995.509	2007.849	1978.806	1983.667	101457	0	200
2023.11.01	1983.670	1992.554	1969.823	1985.010	107122	0	200
2023.11.02	1984.989	1990.926	1978.798	1984.961	85340	0	200
2023.11.03	1984.956	2004.003	1983.218	1992.516	95230	0	200
2023.11.05	1991.454	1991.544	1987.127	1988.450	2425	0	200
2023.11.06	1988.452	1993.077	1975.736	1976.677	80755	0	200
2023.11.07	1976.653	1977.001	1956.659	1968.902	90045	0	200
2023.11.08	1968.908	1970.937	1947.335	1950.812	88961	0	200
2023.11.09	1950.816	1965.718	1944.498	1959.058	97734	0	200
2023.11.10	1959.060	1960.714	1932.898	1938.353	85392	0	200
2023.11.12	1941.002	1941.301	1921.380	1940.344	2189	0	200
2023.11.13	1940.374	1949.187	1931.604	1946.399	79798	0	200
2023.11.14	1946.414	1970.954	1937.421	1962.493	90810	0	200
2023.11.15	1962.487	1975.281	1955.425	1960.331	90368	0	200
2023.11.16	1960.333	1987.940	1956.447	1982.599	86832	0	199
2023.11.17	1982.577	1993.412	1978.514	1980.635	84983	0	199
2023.11.19	1977.456	1978.721	1974.115	1974.471	2472	0	199
2023.11.20	1974.532	1985.121	1965.435	1981.169	95922	0	199
2023.11.21	1981.155	2007.489	1980.709	1999.339	102317	0	199
2023.11.22	1999.338	2006.415	1986.851	1990.506	92502	0	199
2023.11.23	1990.515	1998.562	1989.762	1993.983	58337	0	199
2023.11.24	1994.072	2003.621	1991.468	2002.192	69440	0	199
2023.11.26	2000.897	2002.978	2000.484	2002.250	2311	0	357
2023.11.27	2002.364	2018.187	2001.787	2015.215	99681	0	199
2023.11.28	2015.217	2044.573	2011.339	2044.406	94627	0	199
2023.11.29	2044.426	2052.030	2035.228	2044.643	109395	0	199
2023.11.30	2044.640	2047.265	2031.261	2039.918	101348	0	199
2023.12.01	2040.075	2075.272	2033.822	2071.554	107644	0	199
2023.12.03	2074.106	2144.471	2071.636	2117.509	17117	0	381
2023.12.04	2117.935	2120.648	2019.986	2034.087	189508	0	199
2023.12.05	2033.931	2041.170	2009.744	2018.903	134317	0	199
2023.12.06	2018.904	2035.915	2018.683	2027.006	110307	0	199
2023.12.07	2026.978	2039.890	2020.091	2027.915	109393	0	199
2023.12.08	2028.060	2034.004	1994.518	2004.340	127770	0	199
2023.12.10	2005.584	2007.647	2004.552	2007.054	3140	0	199
2023.12.11	2006.993	2007.808	1975.843	1982.960	106009	0	199
2023.12.12	1982.954	1996.665	1977.115	1982.453	104470	0	199
2023.12.13	1982.452	2033.129	1973.033	2032.814	123473	0	199
2023.12.14	2032.858	2047.909	2027.353	2035.552	144899	0	199
2023.12.15	2035.519	2044.909	2015.545	2019.491	116077	0	199
2023.12.17	2019.802	2020.102	2015.897	2017.414	3350	0	199
2023.12.18	2017.414	2033.693	2016.067	2027.604	96907	0	199
2023.12.19	2027.568	2046.969	2021.670	2040.932	98121	0	199
2023.12.20	2040.862	2043.446	2027.383	2032.128	95400	0	199
2023.12.21	2032.103	2055.014	2031.906	2052.778	98447	0	199
2023.12.22	2052.788	2070.588	2046.753	2053.095	106453	0	199
2023.12.25	2057.319	2057.454	2053.147	2054.471	1441	0	1115
2023.12.26	2054.462	2069.049	2053.317	2065.530	58290	0	257
2023.12.27	2065.861	2084.427	2061.462	2079.169	88933	0	199
2023.12.28	2079.268	2088.485	2064.456	2066.564	100119	0	199
2023.12.29	2066.602	2074.746	2058.095	2062.838	93919	0	199
2024.01.01	2064.593	2066.081	2062.625	2063.543	1989	0	377
2024.01.02	2063.347	2078.877	2056.098	2059.476	101316	0	199
2024.01.03	2059.448	2065.983	2030.522	2042.666	120883	0	199
2024.01.04	2042.657	2050.958	2036.175	2043.865	98564	0	199
2024.01.05	2043.917	2063.984	2024.317	2045.479	136710	0	199
2024.01.07	2044.595	2045.575	2042.880	2044.208	2775	0	199
2024.01.08	2044.212	2046.590	2016.669	2030.439	117507	0	199
2024.01.09	2030.411	2041.986	2026.022	2030.401	108835	0	199
2024.01.10	2030.403	2040.269	2020.353	2026.358	102602	0	199
2024.01.11	2026.413	2048.168	2013.209	2034.955	134548	0	199
2024.01.12	2035.011	2062.268	2030.010	2049.032	119437	0	199
2024.01.14	2048.130	2048.705	2046.293	2047.587	2655	0	199
2024.01.15	2047.652	2058.626	2045.763	2053.836	73434	0	199
2024.01.16	2053.997	2054.508	2024.189	2027.829	127313	0	199
2024.01.17	2027.861	2032.934	2001.743	2009.247	121548	0	199
2024.01.18	2009.265	2024.231	2005.717	2023.423	100435	0	199
2024.01.19	2023.523	2039.232	2020.311	2029.452	91529	0	199
2024.01.21	2028.529	2028.563	2026.857	2027.504	2790	0	199
2024.01.22	2027.490	2032.074	2016.399	2020.552	95490	0	199
2024.01.23	2020.554	2037.908	2019.559	2029.137	96050	0	199
2024.01.24	2029.003	2036.630	2011.138	2016.101	105206	0	199
2024.01.25	2015.977	2025.241	2009.361	2020.248	98742	0	199
2024.01.26	2020.356	2026.819	2015.854	2018.469	84389	0	199
2024.01.28	2023.424	2028.604	2021.188	2021.831	5023	0	199
2024.01.29	2021.832	2037.561	2019.281	2030.730	89961	0	199
2024.01.30	2030.692	2048.556	2029.025	2036.231	98498	0	199
2024.01.31	2036.194	2055.967	2030.825	2039.784	126187	0	199
2024.02.01	2039.897	2065.458	2029.913	2054.627	120378	0	199
2024.02.02	2054.638	2057.623	2027.741	2039.607	109134	0	199
2024.02.04	2041.781	2042.219	2039.070	2039.716	3250	0	199
2024.02.05	2039.299	2039.822	2014.812	2024.859	98278	0	199
2024.02.06	2024.810	2038.880	2022.831	2035.069	89970	0	199
2024.02.07	2035.115	2044.527	2030.519	2036.227	83891	0	199
2024.02.08	2036.221	2038.726	2020.114	2034.123	89590	0	199
2024.02.09	2033.940	2037.174	2020.199	2024.184	82260	0	199
2024.02.11	2026.346	2026.706	2024.391	2025.266	2170	0	199
2024.02.12	2025.417	2027.543	2011.868	2018.650	77636	0	199
2024.02.13	2018.602	2032.254	1989.965	1991.193	99036	0	199
2024.02.14	1991.332	1996.037	1984.121	1993.452	91581	0	199
2024.02.15	1993.441	2008.249	1990.167	2003.157	87879	0	199
2024.02.16	2003.095	2015.122	1995.080	2013.269	89549	0	199
2024.02.18	2012.706	2019.066	1997.784	2010.601	4237	0	200
2024.02.19	2012.791	2022.957	2009.184	2016.203	63438	0	199
2024.02.20	2015.981	2030.816	2014.958	2024.128	80374	0	199
2024.02.21	2024.048	2032.250	2019.998	2025.568	82566	0	199
2024.02.22	2025.483	2034.833	2019.547	2024.677	88901	0	199
2024.02.23	2024.524	2041.343	2015.981	2035.524	84823	0	199
2024.02.25	2033.240	2034.940	2033.179	2034.225	2093	0	199
2024.02.26	2033.996	2037.021	2025.019	2031.073	80012	0	199
2024.02.27	2030.986	2039.471	2028.676	2030.090	76590	0	199
2024.02.28	2029.968	2037.925	2024.475	2034.303	77444	0	199
2024.02.29	2034.378	2050.667	2028.064	2043.981	88614	0	199
2024.03.01	2044.053	2088.310	2039.039	2083.315	98751	0	199
2024.03.03	2082.522	2086.146	2082.522	2083.440	2892	0	199
2024.03.04	2083.591	2119.885	2079.411	2114.480	99725	0	199
2024.03.05	2114.340	2141.879	2110.409	2128.162	124508	0	199
2024.03.06	2127.777	2152.230	2123.604	2147.192	119503	0	199
2024.03.07	2146.851	2164.753	2144.185	2161.463	123576	0	199
2024.03.08	2161.642	2195.115	2153.952	2178.502	136755	0	199
2024.03.10	2179.559	2183.824	2177.114	2181.569	5764	0	199
2024.03.11	2181.593	2189.012	2174.633	2183.552	102819	0	199
2024.03.12	2183.551	2184.483	2150.467	2156.915	130676	0	199
2024.03.13	2156.907	2179.800	2156.531	2175.361	101990	0	199
2024.03.14	2175.449	2176.971	2152.649	2161.645	105690	0	199
2024.03.15	2161.698	2172.712	2155.092	2155.697	95293	0	199
2024.03.17	2153.279	2156.533	2153.082	2156.516	5007	0	199
2024.03.18	2156.473	2163.605	2146.028	2161.650	93252	0	199
2024.03.19	2162.053	2162.839	2147.156	2157.009	96930	0	199
2024.03.20	2157.054	2211.005	2149.534	2203.501	130212	0	199
2024.03.21	2203.971	2212.563	2166.297	2181.491	141841	0	199
2024.03.22	2181.676	2186.043	2156.986	2165.338	111860	0	199
2024.03.24	2166.313	2168.892	2165.060	2168.337	5632	0	199
2024.03.25	2168.318	2181.262	2163.412	2172.878	102878	0	199
2024.03.26	2172.883	2200.050	2167.541	2179.467	109243	0	199
2024.03.27	2179.463	2197.586	2173.105	2190.969	107727	0	199
2024.03.28	2190.723	2236.293	2187.305	2232.587	123662	0	199
2024.03.31	2239.644	2247.340	2235.569	2244.926	10525	0	299
2024.04.01	2245.959	2265.678	2228.472	2248.935	129036	0	199
2024.04.02	2248.963	2288.146	2246.652	2280.206	151293	0	199
2024.04.03	2279.885	2302.442	2265.347	2297.449	153601	0	199
2024.04.04	2297.500	2305.541	2279.817	2288.891	143471	0	199
2024.04.05	2288.691	2330.526	2267.751	2329.355	173378	0	199
2024.04.07	2327.315	2328.565	2304.017	2311.647	19524	0	199
2024.04.08	2311.297	2354.142	2302.862	2338.788	231317	0	199
2024.04.09	2338.784	2365.340	2337.771	2354.776	184296	0	199
2024.04.10	2354.899	2360.079	2319.221	2335.429	228331	0	199
2024.04.11	2335.489	2379.358	2325.593	2377.000	178638	0	199
2024.04.12	2376.787	2431.525	2333.793	2344.382	305506	0	199
2024.04.14	2369.105	2371.920	2346.755	2364.486	11686	0	199
2024.04.15	2364.446	2392.039	2324.083	2381.838	250434	0	199
2024.04.16	2381.898	2398.258	2362.965	2382.843	237495	0	199
2024.04.17	2382.703	2395.581	2354.554	2367.839	195036	0	199
2024.04.18	2367.837	2392.802	2364.019	2380.003	168067	0	199
2024.04.19	2379.867	2417.893	2372.761	2390.677	255414	0	199
2024.04.21	2384.011	2388.594	2381.872	2386.483	9783	0	199
2024.04.22	2386.506	2386.506	2324.497	2333.738	189155	0	199
2024.04.23	2333.715	2334.376	2291.331	2323.210	218380	0	199
2024.04.24	2323.226	2337.354	2311.706	2316.219	155136	0	199
2024.04.25	2316.223	2344.872	2304.834	2330.621	173993	0	199
2024.04.26	2330.617	2352.555	2326.218	2337.792	141814	0	199
2024.04.28	2333.884	2336.829	2332.473	2335.985	6395	0	199
2024.04.29	2335.937	2346.710	2319.801	2333.173	153482	0	199
2024.04.30	2333.178	2336.113	2284.967	2291.244	156505	0	199
2024.05.01	2291.256	2328.277	2281.543	2323.809	178182	0	199
2024.05.02	2323.848	2326.470	2285.392	2304.247	147819	0	199
2024.05.03	2304.243	2320.712	2277.079	2301.627	171420	0	199
2024.05.05	2302.321	2303.287	2293.260	2293.968	7229	0	199
2024.05.06	2293.929	2332.091	2291.766	2325.943	148778	0	199
2024.05.07	2325.953	2329.926	2309.922	2315.119	117098	0	199
2024.05.08	2315.167	2321.336	2303.584	2308.740	124498	0	199
2024.05.09	2308.733	2348.325	2306.471	2346.516	132219	0	199
2024.05.10	2346.560	2378.476	2345.925	2360.449	146637	0	199
2024.05.12	2361.401	2363.094	2359.735	2360.410	5284	0	199
2024.05.13	2360.448	2364.487	2332.034	2338.408	128996	0	199
2024.05.14	2338.390	2359.615	2334.734	2355.772	131694	0	199
2024.05.15	2355.771	2391.910	2351.748	2391.769	158995	0	199
2024.05.16	2391.764	2397.348	2370.885	2377.726	139622	0	199
2024.05.17	2377.720	2422.731	2373.908	2413.933	137734	0	199
2024.05.19	2425.202	2425.202	2416.730	2420.193	10240	0	199
2024.05.20	2420.206	2450.025	2407.273	2426.133	208121	0	199
2024.05.21	2426.135	2433.928	2406.037	2421.654	171580	0	199
2024.05.22	2421.659	2426.526	2374.935	2382.124	169768	0	199
2024.05.23	2382.155	2383.682	2326.856	2332.012	191713	0	199
2024.05.24	2332.015	2347.385	2325.351	2333.781	122315	0	199
2024.05.26	2335.785	2340.681	2332.183	2337.175	6771	0	199
2024.05.27	2337.186	2358.486	2334.360	2352.373	95212	0	199
2024.05.28	2352.412	2364.089	2340.229	2359.685	145853	0	199
2024.05.29	2359.649	2361.361	2334.506	2338.364	130865	0	199
2024.05.30	2338.378	2351.847	2322.527	2343.907	155547	0	199
2024.05.31	2343.921	2359.691	2320.526	2327.191	154134	0	199
2024.06.02	2328.496	2328.760	2323.340	2325.937	6617	0	199
2024.06.03	2325.967	2354.746	2314.680	2350.629	144087	0	199
2024.06.04	2350.640	2352.795	2315.547	2328.786	147465	0	199
2024.06.05	2328.790	2357.389	2325.827	2355.012	136457	0	199
2024.06.06	2355.008	2378.522	2353.336	2376.730	137953	0	199
2024.06.07	2376.735	2387.698	2286.723	2293.801	192501	0	199
2024.06.09	2290.431	2300.041	2290.380	2298.478	7159	0	199
2024.06.10	2298.477	2313.758	2287.708	2309.931	120041	0	199
2024.06.11	2309.926	2319.950	2297.625	2315.071	132265	0	199
2024.06.12	2315.056	2341.620	2310.654	2320.549	172635	0	199
2024.06.13	2320.569	2326.755	2295.463	2302.335	146105	0	199
2024.06.14	2302.380	2336.560	2301.499	2332.826	127503	0	199
2024.06.16	2331.087	2331.484	2327.411	2328.874	4395	0	199
2024.06.17	2328.918	2328.949	2309.952	2320.645	110291	0	199
2024.06.18	2320.634	2333.078	2306.502	2328.255	120019	0	199
2024.06.19	2328.272	2334.960	2323.701	2329.342	73418	0	199
2024.06.20	2329.358	2365.508	2327.736	2360.747	127611	0	199
2024.06.21	2360.765	2368.735	2316.672	2321.503	135561	0	199
2024.06.23	2321.110	2322.193	2317.682	2319.187	5104	0	199
2024.06.24	2319.171	2334.629	2317.862	2330.877	110077	0	199
2024.06.25	2330.869	2337.087	2315.436	2320.027	117240	0	199
2024.06.26	2319.977	2323.871	2293.524	2298.401	129608	0	199
2024.06.27	2298.412	2330.936	2296.429	2327.721	116290	0	199
2024.06.28	2327.663	2339.809	2318.981	2326.638	115860	0	199
2024.06.30	2322.849	2326.157	2322.838	2324.933	4755	0	199
2024.07.01	2324.951	2338.484	2318.444	2332.222	114518	0	199
2024.07.02	2332.216	2336.777	2319.004	2330.180	111908	0	199
2024.07.03	2330.177	2364.926	2326.799	2358.699	118571	0	199
2024.07.04	2358.721	2362.540	2350.330	2356.721	72083	0	199
2024.07.05	2356.753	2392.926	2347.375	2391.556	127413	0	199
2024.07.07	2389.586	2390.178	2384.767	2386.116	5361	0	199
2024.07.08	2386.065	2391.088	2350.975	2361.711	122029	0	199
2024.07.09	2361.738	2371.574	2349.322	2364.966	122100	0	199
2024.07.10	2364.944	2386.661	2363.304	2372.852	101968	0	199
2024.07.11	2372.832	2424.538	2371.418	2415.854	157057	0	199
2024.07.12	2415.851	2418.238	2391.346	2411.399	121791	0	199
2024.07.14	2411.618	2412.242	2405.677	2408.657	6526	0	179
2024.07.15	2408.659	2439.764	2401.298	2422.495	131709	0	162
2024.07.16	2422.482	2469.967	2419.914	2468.278	147795	0	179
2024.07.17	2468.268	2483.757	2451.407	2461.296	180243	0	179
2024.07.18	2461.334	2474.966	2440.226	2441.250	145117	0	179
2024.07.19	2441.292	2441.343	2393.727	2400.451	172564	0	179
2024.07.21	2403.680	2411.931	2402.487	2411.528	7269	0	179
2024.07.22	2411.496	2412.180	2383.797	2395.783	141459	0	179
2024.07.23	2395.750	2411.984	2388.182	2408.513	129742	0	179
2024.07.24	2408.558	2431.954	2393.060	2398.669	151384	0	179
2024.07.25	2398.720	2399.985	2353.086	2363.801	219823	0	179
2024.07.26	2363.849	2390.799	2355.842	2387.114	141504	0	179
2024.07.28	2387.944	2403.181	2387.839	2397.091	11156	0	179
2024.07.29	2397.055	2402.460	2369.495	2381.143	146882	0	179
2024.07.30	2381.186	2412.878	2376.471	2409.807	149625	0	179
2024.07.31	2409.810	2450.951	2403.877	2445.743	174441	0	179
2024.08.01	2445.725	2462.302	2430.165	2445.844	204297	0	179
2024.08.02	2445.886	2477.704	2410.794	2441.892	265461	0	179
2024.08.04	2441.020	2446.337	2437.890	2440.952	13273	0	179
2024.08.05	2440.984	2458.836	2364.245	2404.837	361680	0	179
2024.08.06	2404.865	2418.333	2381.404	2383.787	233522	0	179
2024.08.07	2383.723	2407.059	2378.931	2384.791	182192	0	179
2024.08.08	2384.835	2427.818	2383.283	2424.595	181402	0	179
2024.08.09	2424.519	2437.068	2416.829	2430.805	149096	0	179
2024.08.11	2428.332	2433.242	2427.241	2427.927	6502	0	179
2024.08.12	2427.928	2476.033	2423.825	2475.536	134696	0	169
2024.08.13	2475.580	2476.963	2458.493	2464.060	142758	0	169
2024.08.14	2464.104	2480.064	2437.995	2449.408	169499	0	169
2024.08.15	2449.396	2470.095	2432.094	2457.298	164517	0	169
2024.08.16	2457.313	2509.783	2450.695	2507.820	160504	0	169
2024.08.18	2506.461	2506.778	2502.271	2506.414	7373	0	179
2024.08.19	2506.420	2507.482	2485.615	2503.544	149213	0	179
2024.08.20	2503.554	2531.668	2497.283	2512.964	163252	0	179
2024.08.21	2512.976	2519.942	2493.644	2512.783	157334	0	179
2024.08.22	2512.732	2514.701	2470.801	2487.564	159970	0	179
2024.08.23	2487.574	2518.350	2486.469	2512.357	157859	0	179
2024.08.25	2512.067	2516.683	2511.068	2515.917	7408	0	159
2024.08.26	2515.903	2527.009	2508.646	2515.511	146702	0	159
2024.08.27	2515.512	2529.043	2503.436	2525.269	154875	0	159
2024.08.28	2525.223	2525.813	2493.498	2508.110	153970	0	159
2024.08.29	2508.080	2528.669	2503.558	2519.613	154796	0	159
2024.08.30	2519.600	2526.914	2494.086	2503.342	167009	0	159
2024.09.01	2502.485	2504.760	2501.942	2502.980	5447	0	159
2024.09.02	2502.983	2507.310	2489.977	2497.242	100349	0	159
2024.09.03	2497.247	2506.247	2473.282	2493.223	190293	0	159
2024.09.04	2493.200	2500.266	2471.852	2495.829	165808	0	159
2024.09.05	2495.827	2523.574	2493.759	2517.282	168566	0	159
2024.09.06	2517.277	2529.225	2485.064	2497.555	235090	0	159
2024.09.08	2497.038	2498.276	2495.508	2496.869	6152	0	159
2024.09.09	2496.871	2507.701	2485.503	2506.813	160918	0	159
2024.09.10	2506.815	2518.849	2500.052	2518.678	148978	0	159
2024.09.11	2518.638	2529.086	2500.844	2511.893	193392	0	159
2024.09.12	2511.901	2560.091	2510.973	2558.422	193091	0	159
2024.09.13	2558.419	2586.120	2556.780	2579.067	172942	0	159
2024.09.15	2578.456	2580.454	2577.582	2579.163	7256	0	159
2024.09.16	2579.170	2589.651	2575.285	2583.659	139446	0	159
2024.09.17	2583.683	2586.956	2560.661	2574.050	164919	0	159
2024.09.18	2574.019	2600.138	2546.828	2559.239	254152	0	159
2024.09.19	2559.239	2594.963	2550.894	2587.282	209015	0	159
2024.09.20	2587.254	2625.754	2584.714	2622.098	185205	0	159
2024.09.22	2620.944	2622.119	2619.625	2620.234	5590	0	160
2024.09.23	2620.202	2634.881	2613.799	2626.300	161997	0	159
2024.09.24	2626.295	2664.366	2622.524	2658.204	201336	0	159
2024.09.25	2658.163	2670.629	2649.566	2656.236	188273	0	159
2024.09.26	2656.359	2685.611	2654.717	2672.601	223873	0	159
2024.09.27	2672.610	2674.269	2642.994	2657.983	209351	0	159
2024.09.29	2661.714	2665.106	2659.762	2663.543	9820	0	159
2024.09.30	2663.580	2666.069	2624.679	2635.634	202791	0	159
2024.10.01	2635.660	2673.222	2633.911	2660.361	202163	0	159
2024.10.02	2660.390	2663.387	2641.038	2660.328	170814	0	159
2024.10.03	2660.299	2662.968	2637.964	2655.804	184357	0	159
2024.10.04	2655.800	2670.167	2632.031	2653.519	203696	0	159
2024.10.06	2651.575	2652.397	2649.675	2650.157	6825	0	159
2024.10.07	2650.103	2659.613	2637.728	2642.944	173687	0	159
2024.10.08	2642.962	2653.012	2604.686	2621.868	241905	0	159
2024.10.09	2621.868	2624.321	2605.116	2608.476	175154	0	159
2024.10.10	2608.438	2636.032	2602.260	2633.149	198188	0	159
2024.10.11	2633.161	2661.462	2631.952	2656.864	151608	0	159
2024.10.13	2650.086	2652.472	2646.866	2648.091	9811	0	159
2024.10.14	2648.131	2666.838	2643.075	2649.357	156023	0	159
2024.10.15	2649.419	2668.930	2637.975	2660.500	174583	0	159
2024.10.16	2660.498	2685.394	2658.722	2674.087	175411	0	159
2024.10.17	2674.122	2696.788	2673.155	2693.706	191682	0	159
2024.10.18	2693.669	2722.633	2692.732	2721.778	182413	0	159
2024.10.20	2723.092	2725.145	2720.179	2723.416	7434	0	159
2024.10.21	2723.457	2740.552	2714.204	2721.483	211007	0	159
2024.10.22	2721.483	2748.908	2720.633	2746.553	170366	0	159
2024.10.23	2746.557	2758.508	2708.630	2721.258	211251	0	159
2024.10.24	2721.219	2743.208	2717.752	2733.844	178291	0	159
2024.10.25	2733.885	2747.774	2716.956	2747.023	160822	0	159
2024.10.27	2733.443	2740.176	2730.340	2735.815	12778	0	159
2024.10.28	2735.783	2745.917	2724.631	2744.427	158763	0	159
2024.10.29	2744.379	2775.380	2743.203	2774.915	180588	0	159
2024.10.30	2774.943	2790.075	2770.804	2785.490	176094	0	159
2024.10.31	2785.489	2790.066	2731.515	2746.691	197581	0	159
2024.11.01	2746.672	2762.253	2733.113	2736.690	186406	0	159
2024.11.03	2732.846	2740.334	2732.568	2738.352	5442	0	159
2024.11.04	2738.379	2748.215	2731.742	2736.001	161994	0	159
2024.11.05	2736.048	2749.901	2724.695	2745.707	157422	0	159
2024.11.06	2745.684	2749.681	2652.335	2664.048	373125	0	159
2024.11.07	2664.035	2710.317	2643.214	2706.866	239618	0	159
2024.11.08	2706.870	2710.418	2680.286	2684.758	201003	0	159
2024.11.10	2683.161	2685.650	2681.526	2685.605	3710	0	159
2024.11.11	2685.638	2686.141	2610.530	2624.038	210711	0	159
2024.11.12	2624.026	2627.162	2589.596	2598.956	233288	0	159
2024.11.13	2599.011	2618.841	2569.214	2570.989	226858	0	159
2024.11.14	2571.012	2577.447	2536.755	2566.899	243242	0	159
2024.11.15	2566.888	2576.060	2554.385	2562.969	202783	0	159
2024.11.17	2568.027	2575.523	2568.027	2571.444	5700	0	159
2024.11.18	2571.403	2615.108	2569.866	2612.704	190721	0	159
2024.11.19	2612.731	2639.473	2611.057	2635.166	199483	0	159
2024.11.20	2635.157	2655.433	2618.864	2652.124	172842	0	159
2024.11.21	2652.153	2673.522	2650.325	2669.159	179670	0	159
2024.11.22	2669.127	2715.658	2668.853	2715.573	214298	0	159
2024.11.24	2711.186	2721.405	2710.748	2719.756	8450	0	159
2024.11.25	2719.719	2720.136	2605.112	2610.461	324791	0	159
2024.11.26	2610.527	2641.993	2608.451	2632.254	231765	0	159
2024.11.27	2632.253	2658.206	2627.017	2637.168	182349	0	159
2024.11.28	2637.063	2649.674	2620.844	2638.767	122239	0	159
2024.11.29	2638.726	2666.383	2633.969	2655.230	154273	0	159
2024.12.01	2649.054	2650.324	2643.053	2645.659	5596	0	159
2024.12.02	2645.756	2651.794	2621.838	2642.211	226420	0	159
2024.12.03	2642.228	2655.665	2634.033	2642.721	183303	0	159
2024.12.04	2642.725	2657.184	2632.330	2650.397	188245	0	159
2024.12.05	2650.404	2655.521	2623.444	2633.713	173708	0	159
2024.12.06	2633.721	2645.733	2612.931	2632.920	204944	0	159
2024.12.08	2642.962	2648.524	2636.316	2640.064	8041	0	159
2024.12.09	2640.064	2676.445	2627.461	2660.449	196945	0	159
2024.12.10	2660.489	2698.378	2657.958	2695.986	180730	0	159
2024.12.11	2695.911	2721.052	2675.566	2719.922	185213	0	145
2024.12.12	2719.984	2726.206	2675.077	2680.623	73765	0	159
2024.12.13	2680.617	2692.778	2646.046	2648.392	70312	0	159
2024.12.15	2649.414	2653.127	2648.793	2651.479	1933	0	159
2024.12.16	2651.484	2664.447	2643.520	2651.744	118354	0	80
2024.12.17	2651.762	2658.639	2632.966	2647.378	161370	0	159
2024.12.18	2647.365	2651.746	2583.393	2588.225	184657	0	159
2024.12.19	2588.256	2626.430	2586.951	2593.519	208748	0	159
2024.12.20	2593.496	2631.875	2589.593	2622.643	178628	0	64
2024.12.22	2623.329	2624.907	2621.731	2624.293	1858	0	159
2024.12.23	2624.399	2633.259	2608.117	2615.492	123867	0	64
2024.12.24	2615.546	2621.472	2610.019	2616.713	100846	0	159
2024.12.25	2615.621	2620.115	2615.371	2618.656	2408	0	160
2024.12.26	2618.647	2639.177	2618.611	2632.684	118067	0	159
2024.12.27	2632.689	2638.314	2611.579	2621.623	135533	0	159
2024.12.29	2621.977	2626.159	2621.632	2624.035	4007	0	159
2024.12.30	2624.080	2628.111	2596.048	2606.677	141335	0	159
2024.12.31	2606.717	2627.541	2602.591	2624.381	122270	0	159
2025.01.01	2625.179	2625.839	2621.669	2623.766	3104	0	159
2025.01.02	2623.798	2660.463	2622.754	2658.327	161241	0	159
2025.01.03	2658.328	2665.253	2636.623	2640.370	133485	0	159
2025.01.05	2639.644	2642.398	2639.644	2641.063	3233	0	160
2025.01.06	2641.098	2649.515	2614.423	2634.676	194777	0	159
2025.01.07	2634.625	2664.264	2632.918	2649.807	170853	0	159
2025.01.08	2649.817	2670.053	2645.202	2662.507	162486	0	159
2025.01.09	2662.526	2678.334	2655.437	2669.951	135935	0	159
2025.01.10	2669.958	2698.026	2663.994	2689.589	273859	0	159
2025.01.12	2689.769	2691.373	2687.578	2691.105	5108	0	159
2025.01.13	2691.128	2693.368	2656.768	2668.058	263586	0	159
2025.01.14	2667.976	2678.276	2659.773	2675.589	201619	0	159
2025.01.15	2675.580	2697.970	2669.391	2694.963	219204	0	159
2025.01.16	2694.980	2724.735	2689.907	2714.578	245038	0	159
2025.01.17	2714.624	2717.346	2699.242	2702.879	165118	0	159
2025.01.19	2702.629	2703.084	2691.530	2696.424	4800	0	159
2025.01.20	2696.424	2713.766	2689.355	2710.445	143559	0	159
2025.01.21	2710.433	2745.963	2702.797	2744.259	169668	0	159
2025.01.22	2744.309	2763.461	2742.713	2755.583	221044	0	159
2025.01.23	2755.563	2758.962	2735.833	2754.543	234995	0	159
2025.01.24	2754.546	2786.013	2754.329	2771.079	222096	0	159
2025.01.26	2765.650	2769.721	2765.185	2767.553	8221	0	159
2025.01.27	2767.554	2772.541	2730.452	2741.710	279560	0	159
2025.01.28	2741.743	2765.069	2734.766	2762.720	204872	0	159
2025.01.29	2762.714	2766.271	2744.754	2760.289	225541	0	159
2025.01.30	2760.229	2798.505	2758.633	2796.146	234280	0	159
2025.01.31	2796.183	2817.244	2791.025	2799.348	294405	0	159
2025.02.02	2801.018	2804.653	2784.276	2793.709	36931	0	159
2025.02.03	2793.726	2830.637	2772.153	2814.027	392044	0	159
2025.02.04	2813.989	2845.508	2807.196	2841.210	311816	0	159
2025.02.05	2841.264	2882.448	2839.680	2869.283	290320	0	159
2025.02.06	2869.276	2873.331	2834.051	2857.996	289395	0	159
2025.02.07	2857.990	2886.772	2852.449	2861.010	273041	0	159
2025.02.09	2861.269	2870.590	2860.136	2867.495	7915	0	159
2025.02.10	2867.539	2921.675	2865.830	2917.847	259225	0	159
2025.02.11	2917.894	2942.682	2881.751	2898.536	361096	0	159
2025.02.12	2898.562	2909.267	2864.107	2905.781	269378	0	159
2025.02.13	2905.756	2932.484	2901.437	2931.217	227959	0	159
2025.02.14	2931.192	2940.005	2876.991	2882.772	290165	0	159
2025.02.16	2893.643	2894.033	2878.430	2879.221	15842	0	159
2025.02.17	2879.254	2906.455	2879.254	2899.373	173741	0	159
2025.02.18	2899.325	2936.994	2892.003	2934.061	167241	0	159
2025.02.19	2934.059	2947.041	2918.524	2935.384	195571	0	159
2025.02.20	2935.386	2954.975	2924.114	2941.530	194122	0	159
2025.02.21	2941.570	2949.741	2916.682	2936.453	200777	0	159
2025.02.23	2939.411	2940.533	2936.498	2936.867	6017	0	159
2025.02.24	2936.863	2956.229	2921.316	2949.996	209783	0	159
2025.02.25	2949.957	2952.552	2888.229	2918.604	244652	0	159
2025.02.26	2918.631	2930.162	2890.669	2919.118	192389	0	159
2025.02.27	2919.176	2919.176	2867.721	2876.063	265902	0	159
2025.02.28	2876.069	2885.034	2832.578	2858.242	244470	0	159
2025.03.02	2873.556	2876.984	2863.968	2870.799	14001	0	159
2025.03.03	2870.866	2895.267	2858.830	2890.886	205280	0	159
2025.03.04	2890.863	2927.891	2881.878	2914.363	222952	0	159
2025.03.05	2914.366	2930.042	2894.303	2918.236	264734	0	159
2025.03.06	2918.237	2926.584	2891.159	2910.354	232881	0	159
2025.03.07	2910.298	2930.525	2896.669	2911.256	272710	0	159
2025.03.09	2912.347	2917.025	2909.608	2916.189	10290	0	159
2025.03.10	2916.190	2918.312	2880.166	2884.685	259790	0	159
2025.03.11	2884.724	2922.262	2880.165	2915.551	190970	0	159
2025.03.12	2915.589	2940.617	2905.970	2938.039	201884	0	159
2025.03.13	2938.025	2989.943	2932.920	2986.435	207930	0	159
2025.03.14	2986.473	3004.919	2978.396	2986.370	200223	0	159
2025.03.16	2987.601	2994.118	2986.054	2990.061	7869	0	159
2025.03.17	2989.965	3002.783	2982.158	2999.831	149533	0	159
2025.03.18	2999.803	3038.334	2999.490	3031.774	178195	0	159
2025.03.19	3031.801	3051.982	3022.738	3050.026	176817	0	159
2025.03.20	3050.023	3057.484	3025.636	3046.409	193213	0	159
2025.03.21	3046.335	3047.435	2999.385	3023.493	193588	0	159
2025.03.23	3023.441	3026.324	3022.143	3024.721	6789	0	159
2025.03.24	3024.709	3033.208	3002.466	3009.910	176513	0	159
2025.03.25	3009.945	3035.987	3007.523	3021.041	148168	0	159
2025.03.26	3021.037	3032.042	3012.325	3021.623	154121	0	159
2025.03.27	3021.563	3059.885	3021.522	3055.710	208963	0	159
2025.03.28	3055.726	3086.766	3054.993	3085.002	213775	0	159
2025.03.30	3092.531	3097.861	3087.793	3089.213	13206	0	159
2025.03.31	3089.159	3128.165	3076.841	3120.581	276555	0	159
2025.04.01	3120.561	3149.059	3100.761	3115.168	272473	0	159
2025.04.02	3115.160	3167.792	3104.742	3162.712	319453	0	159
2025.04.03	3162.550	3164.781	3054.052	3112.884	497976	0	159
2025.04.04	3112.908	3136.756	3015.593	3038.506	516461	0	159
2025.04.06	3028.686	3032.445	2977.024	2999.944	46385	0	159
2025.04.07	2999.954	3055.804	2956.374	2981.328	685383	0	159
2025.04.08	2981.363	3022.746	2969.978	2978.367	332816	0	159
2025.04.09	2978.398	3099.673	2972.468	3086.784	457806	0	159
2025.04.10	3086.745	3191.341	3078.433	3188.972	358859	0	159
2025.04.11	3188.993	3245.436	3184.783	3237.519	383283	0	159
2025.04.13	3220.460	3224.786	3213.589	3223.733	19646	0	159
2025.04.14	3223.699	3245.757	3193.552	3212.626	266535	0	159
2025.04.15	3212.601	3251.826	3210.002	3251.780	184898	0	159
2025.04.16	3251.804	3357.738	3251.590	3350.133	295379	0	159
2025.04.17	3350.168	3356.316	3283.827	3327.671	308778	0	159
2025.04.20	3331.849	3353.127	3331.312	3348.078	23641	0	159
2025.04.21	3348.119	3444.257	3347.487	3434.548	296462	0	159
2025.04.22	3434.524	3500.033	3315.828	3336.561	546880	0	159
2025.04.23	3336.607	3386.644	3260.042	3316.384	494484	0	159
2025.04.24	3316.351	3370.789	3306.739	3348.976	350399	0	159
2025.04.25	3348.948	3363.154	3265.000	3318.798	320957	0	159
2025.04.27	3325.640	3330.215	3298.606	3302.739	25669	0	159
2025.04.28	3302.745	3353.005	3268.047	3337.682	306730	0	159
2025.04.29	3337.643	3340.061	3299.649	3317.122	257193	0	159
2025.04.30	3317.122	3327.982	3266.901	3272.887	297376	0	159
2025.05.01	3272.922	3276.329	3201.862	3237.253	318368	0	159
2025.05.02	3237.291	3269.242	3222.721	3240.947	280156	0	159
2025.05.04	3238.490	3252.300	3237.562	3247.922	17229	0	159
2025.05.05	3247.969	3338.019	3241.180	3334.031	263010	0	159
2025.05.06	3334.038	3435.016	3323.139	3400.680	375607	0	159
2025.05.07	3400.723	3401.666	3360.068	3376.488	356653	0	159
2025.05.08	3376.515	3414.851	3288.697	3316.412	386769	0	159
2025.05.09	3316.448	3347.556	3274.664	3326.805	269828	0	159
2025.05.11	3282.255	3292.600	3265.847	3287.561	32299	0	159
2025.05.12	3287.506	3290.026	3207.693	3236.858	398285	0	159
2025.05.13	3236.906	3265.659	3215.890	3254.410	262718	0	159
2025.05.14	3254.388	3254.658	3167.933	3186.127	311893	0	159
2025.05.15	3186.011	3252.105	3120.650	3237.150	310525	0	159
2025.05.16	3237.175	3244.612	3154.289	3202.217	312838	0	159
2025.05.18	3214.226	3245.252	3211.713	3234.910	28602	0	159
2025.05.19	3234.947	3249.812	3206.584	3222.532	266784	0	159
2025.05.20	3222.561	3304.072	3204.521	3290.695	274576	0	159
2025.05.21	3290.734	3324.897	3285.420	3320.085	284092	0	159
2025.05.22	3320.121	3345.472	3279.252	3300.146	302570	0	159
2025.05.23	3300.172	3365.925	3286.942	3356.273	303129	0	159
2025.05.25	3352.094	3352.480	3341.363	3342.691	22872	0	159
2025.05.26	3342.658	3356.859	3323.485	3346.139	165100	0	159
2025.05.27	3346.182	3350.029	3285.089	3309.435	249238	0	159
2025.05.28	3309.431	3325.556	3250.273	3259.895	245197	0	159
2025.05.29	3259.921	3331.225	3245.432	3315.503	268106	0	159
2025.05.30	3315.498	3322.742	3271.526	3289.665	264217	0	159
2025.06.01	3303.113	3316.742	3299.873	3310.255	17004	0	159
2025.06.02	3310.213	3392.238	3301.409	3387.456	234350	0	159
2025.06.03	3387.407	3388.687	3333.080	3359.996	224676	0	159
2025.06.04	3359.943	3384.709	3343.720	3378.042	217749	0	159
2025.06.05	3378.099	3403.592	3339.370	3361.810	318902	0	159
2025.06.06	3361.867	3375.685	3307.053	3311.702	266393	0	159
2025.06.08	3317.818	3321.215	3309.240	3318.038	14522	0	159
2025.06.09	3318.082	3338.240	3293.428	3326.766	199740	0	159
2025.06.10	3326.809	3349.153	3301.917	3327.862	228054	0	159
2025.06.11	3327.936	3373.504	3319.220	3365.376	271119	0	159
2025.06.12	3365.405	3399.045	3338.536	3395.882	279769	0	160
2025.06.13	3395.837	3446.819	3391.693	3433.449	340630	0	160
2025.06.15	3440.955	3451.251	3438.591	3444.141	24931	0	160
2025.06.16	3444.166	3451.224	3382.725	3402.769	275330	0	160
2025.06.17	3402.815	3403.256	3366.079	3387.392	266981	0	160
2025.06.18	3387.295	3400.054	3362.474	3375.023	245163	0	160
2025.06.19	3375.042	3387.968	3347.456	3368.739	184341	0	160
2025.06.20	3368.763	3374.477	3340.345	3368.546	185379	0	160
2025.06.22	3384.117	3388.960	3371.173	3372.755	26314	0	160
2025.06.23	3372.776	3393.565	3341.459	3344.235	254700	0	160
2025.06.24	3344.270	3357.912	3295.339	3324.142	255770	0	160
2025.06.25	3324.139	3340.230	3311.894	3339.028	159549	0	160
2025.06.26	3338.987	3350.370	3309.947	3318.758	197543	0	160
2025.06.27	3318.767	3322.012	3255.826	3274.526	241438	0	160
2025.06.29	3272.488	3274.249	3247.921	3263.806	27894	0	160
2025.06.30	3263.775	3314.602	3259.456	3312.441	184659	0	160
2025.07.01	3312.493	3358.015	3309.917	3338.152	187355	0	160
2025.07.02	3338.186	3365.726	3327.587	3349.395	176056	0	160
2025.07.03	3349.420	3363.677	3311.535	3330.871	180114	0	160
2025.07.04	3330.875	3345.127	3325.867	3334.998	96869	0	160
2025.07.06	3341.408	3341.918	3326.187	3328.853	11989	0	160
2025.07.07	3328.830	3345.823	3296.296	3334.653	206071	0	160
2025.07.08	3334.697	3339.500	3287.023	3302.277	195667	0	160
2025.07.09	3302.322	3321.176	3282.656	3317.640	178793	0	160
2025.07.10	3317.559	3330.318	3310.017	3323.808	159032	0	160
2025.07.11	3323.764	3368.736	3323.638	3355.105	186910	0	160
2025.07.13	3361.295	3374.017	3359.658	3367.772	17906	0	160
2025.07.14	3367.731	3375.078	3340.954	3345.337	170240	0	160
2025.07.15	3345.299	3366.356	3320.218	3331.056	176872	0	160
2025.07.16	3331.092	3377.523	3319.529	3346.526	240532	0	160
2025.07.17	3346.556	3347.405	3309.883	3340.176	165141	0	160
2025.07.18	3340.214	3361.227	3331.801	3350.395	137595	0	160
2025.07.20	3348.767	3350.115	3345.015	3349.128	7790	0	160
2025.07.21	3349.168	3402.783	3347.656	3396.532	159226	0	160
2025.07.22	3396.540	3433.507	3383.240	3427.458	182000	0	160
2025.07.23	3427.433	3438.980	3381.402	3390.008	207473	0	160
2025.07.24	3390.061	3393.438	3351.315	3369.419	177120	0	160
2025.07.25	3369.422	3373.578	3324.928	3336.826	151205	0	160
2025.07.27	3329.144	3337.465	3323.817	3333.683	15940	0	160
2025.07.28	3333.675	3345.352	3301.770	3312.468	173246	0	160
2025.07.29	3312.485	3334.142	3307.843	3327.530	172014	0	160
2025.07.30	3327.568	3334.052	3268.034	3285.303	217523	0	160
2025.07.31	3285.257	3314.831	3282.802	3288.651	190040	0	160
2025.08.01	3288.607	3363.566	3281.566	3363.119	223292	0	160
2025.08.03	3364.339	3364.563	3354.526	3361.957	12398	0	160
2025.08.04	3361.990	3385.354	3345.006	3377.407	153087	0	160
2025.08.05	3377.383	3390.402	3349.803	3383.151	149173	0	160
2025.08.06	3383.221	3385.340	3358.091	3370.155	144883	0	160
2025.08.07	3370.205	3408.990	3365.222	3400.470	257920	0	160
2025.08.08	3400.432	3404.271	3376.445	3398.564	357878	0	160
2025.08.10	3400.578	3401.819	3390.292	3391.548	14055	0	160
2025.08.11	3391.592	3391.639	3341.273	3349.027	216168	0	160
2025.08.12	3349.010	3359.254	3331.080	3350.570	206833	0	160
2025.08.13	3350.580	3370.735	3342.678	3362.702	143313	0	160
2025.08.14	3362.748	3374.885	3329.766	3335.551	190528	0	160
2025.08.15	3335.580	3348.747	3332.372	3335.213	137372	0	160
2025.08.17	3334.569	3335.381	3323.503	3327.087	10049	0	160
2025.08.18	3327.080	3358.417	3326.773	3330.978	131695	0	160
2025.08.19	3330.990	3345.328	3312.771	3314.231	142980	0	160
2025.08.20	3314.241	3352.092	3311.476	3346.836	133354	0	160
2025.08.21	3346.906	3348.081	3325.126	3338.411	134205	0	160
2025.08.22	3338.367	3378.869	3321.450	3372.299	158051	0	160
2025.08.24	3368.744	3371.052	3365.862	3368.995	7166	0	160
2025.08.25	3369.080	3376.306	3351.716	3354.854	109270	0	160
2025.08.26	3354.827	3393.583	3351.252	3390.862	161167	0	160
2025.08.27	3390.853	3399.502	3373.698	3395.819	132585	0	160
2025.08.28	3395.762	3423.212	3384.603	3414.819	139356	0	160
2025.08.29	3414.850	3453.924	3404.313	3448.035	137956	0	160
2025.08.31	3445.866	3452.606	3442.459	3447.952	9765	0	160
2025.09.01	3447.912	3489.928	3437.028	3479.211	164556	0	160
2025.09.02	3479.130	3540.094	3470.194	3529.984	247068	0	160
2025.09.03	3530.082	3578.427	3526.814	3560.292	236086	0	160
2025.09.04	3560.341	3563.473	3511.172	3552.540	233647	0	160
2025.09.05	3552.532	3600.076	3544.721	3586.597	237702	0	160
2025.09.07	3591.856	3596.716	3587.112	3591.151	23691	0	160
2025.09.08	3591.173	3646.316	3579.561	3634.992	215901	0	160
2025.09.09	3635.023	3674.523	3623.134	3633.568	271095	0	160
2025.09.10	3633.543	3657.622	3620.180	3644.883	193499	0	160
2025.09.11	3644.916	3649.128	3613.082	3631.842	208762	0	160
2025.09.12	3631.810	3656.620	3630.526	3643.484	160528	0	160
2025.09.14	3644.610	3646.044	3636.772	3638.241	7087	0	160
2025.09.15	3638.237	3685.623	3626.541	3676.964	172741	0	160
2025.09.16	3676.886	3703.073	3674.696	3694.245	180016	0	160
2025.09.17	3694.244	3707.490	3646.097	3669.169	284121	0	160
2025.09.18	3669.131	3673.021	3627.772	3640.239	242947	0	160
2025.09.19	3640.242	3685.203	3632.203	3684.861	189605	0	160
2025.09.21	3687.969	3692.290	3683.776	3686.253	11983	0	160
2025.09.22	3686.263	3749.254	3685.466	3747.763	221381	0	160
2025.09.23	3747.797	3791.084	3736.722	3763.836	278615	0	160
2025.09.24	3763.822	3779.257	3717.427	3742.920	232444	0	160
2025.09.25	3742.990	3761.648	3721.931	3744.717	283991	0	160
2025.09.26	3744.676	3783.825	3734.464	3761.041	234779	0	160
2025.09.28	3764.718	3772.495	3763.347	3766.899	12895	0	160
2025.09.29	3766.858	3834.000	3763.935	3832.835	317856	0	160
2025.09.30	3832.890	3871.700	3793.113	3862.927	357543	0	160
2025.10.01	3862.940	3895.321	3853.334	3863.518	322175	0	160
2025.10.02	3863.475	3897.154	3819.335	3862.410	313984	0	160
2025.10.03	3862.365	3891.671	3838.019	3887.045	266426	0	160
2025.10.05	3888.624	3920.986	3884.034	3909.450	35171	0	160
2025.10.06	3909.487	3976.198	3898.937	3969.514	377627	0	160
2025.10.07	3969.556	3995.936	3940.820	3994.411	347187	0	160
2025.10.08	3994.367	4059.321	3984.478	4011.687	367681	0	160
2025.10.09	4011.706	4057.972	3944.596	3989.932	549708	0	160
2025.10.10	3989.927	4022.825	3946.948	4010.399	516639	0	160
2025.10.12	4014.463	4060.220	4008.645	4035.147	49623	0	160
2025.10.13	4035.195	4132.068	4024.300	4128.045	408232	0	160
2025.10.14	4128.091	4179.744	4090.544	4161.613	642623	0	160
2025.10.15	4161.574	4218.249	4153.849	4209.458	457591	0	160
2025.10.16	4209.491	4380.074	4203.508	4365.805	519978	0	160
2025.10.17	4365.763	4378.578	4186.194	4250.936	982360	0	160
2025.10.19	4264.629	4268.301	4233.282	4237.893	40891	0	160
2025.10.20	4237.865	4381.584	4218.931	4360.492	587604	0	160
2025.10.21	4360.442	4372.296	4080.817	4093.165	905067	0	160
2025.10.22	4093.182	4161.360	4004.185	4087.665	1004901	0	160
2025.10.23	4087.709	4154.670	4065.957	4121.775	533836	0	160
2025.10.24	4121.800	4144.283	4043.978	4113.082	509517	0	160
2025.10.26	4083.572	4109.217	4061.912	4064.458	50090	0	160
2025.10.27	4064.532	4097.810	3971.348	3998.476	569117	0	160
2025.10.28	3998.379	4019.767	3886.535	3964.818	558722	0	160
2025.10.29	3964.838	4030.231	3917.163	3952.812	548438	0	160
2025.10.30	3952.798	4046.422	3915.339	4036.658	537943	0	160
2025.10.31	4036.633	4039.294	3972.406	4001.621	446358	0	160
2025.11.02	3990.719	3998.970	3977.946	3980.306	17437	0	160
2025.11.03	3980.254	4030.646	3962.306	3997.266	411880	0	160
2025.11.04	3997.301	4000.711	3928.810	3934.767	414547	0	160
2025.11.05	3934.793	3990.543	3929.598	3973.671	311899	0	160
2025.11.06	3973.630	4019.609	3964.543	3989.177	302256	0	160
2025.11.07	3989.218	4027.628	3984.058	4001.422	298258	0	160
2025.11.09	4004.876	4012.265	4004.067	4011.852	11809	0	160
2025.11.10	4011.870	4122.693	4011.132	4119.955	319449	0	160
2025.11.11	4119.992	4148.862	4097.107	4142.683	303975	0	160
2025.11.12	4142.574	4211.822	4098.895	4191.097	398841	0	160
2025.11.13	4191.055	4245.297	4145.366	4185.865	500522	0	160
2025.11.14	4185.908	4211.571	4032.194	4084.609	568591	0	160
2025.11.16	4083.755	4106.784	4071.875	4096.457	22940	0	160
2025.11.17	4096.528	4102.076	4006.827	4036.825	494956	0	160
2025.11.18	4036.862	4082.273	3998.037	4076.650	475827	0	160
2025.11.19	4076.692	4132.686	4055.572	4104.662	494118	0	160
2025.11.20	4104.692	4110.341	4038.705	4079.125	600150	0	160
2025.11.21	4079.174	4101.312	4022.276	4066.113	546544	0	160
2025.11.23	4072.469	4077.701	4065.797	4075.117	14588	0	160
2025.11.24	4075.148	4144.376	4039.842	4143.810	375188	0	160
2025.11.25	4143.802	4159.414	4109.156	4133.730	426882	0	160
2025.11.26	4133.737	4173.595	4132.595	4165.012	342297	0	160
2025.11.27	4164.965	4167.313	4142.601	4163.431	206743	0	160
2025.11.28	4163.371	4226.479	4147.529	4219.163	232078	0	160
2025.11.30	4219.988	4225.308	4205.841	4221.933	15705	0	160
2025.12.01	4221.906	4264.532	4215.434	4227.700	427543	0	160
2025.12.02	4227.704	4230.859	4163.566	4212.876	427411	0	160
2025.12.03	4212.913	4241.579	4194.480	4207.165	387584	0	160
2025.12.04	4207.102	4219.486	4174.868	4206.079	352984	0	160
2025.12.05	4206.077	4259.240	4191.863	4198.522	355850	0	160
2025.12.07	4202.426	4208.458	4189.804	4201.389	2185	0	160
2025.12.08	4201.433	4218.963	4176.137	4194.735	266747	0	160
2025.12.09	4194.740	4221.526	4170.097	4210.870	334269	0	160
2025.12.10	4210.815	4238.679	4181.686	4232.418	368608	0	160
2025.12.11	4232.502	4285.959	4204.316	4276.523	581869	0	160
2025.12.12	4276.471	4353.570	4256.958	4300.983	505953	0	160
2025.12.14	4300.525	4308.411	4299.862	4302.391	9931	0	160
2025.12.15	4302.431	4350.352	4285.180	4304.150	359662	0	160
2025.12.16	4304.132	4335.137	4271.599	4307.860	394085	0	160
2025.12.17	4307.905	4349.297	4306.453	4339.201	389303	0	160
2025.12.18	4339.150	4374.645	4308.654	4335.144	414972	0	160
2025.12.19	4335.170	4356.559	4309.221	4339.365	308875	0	160
2025.12.21	4340.979	4356.441	4339.944	4355.345	7983	0	160
2025.12.22	4355.278	4461.774	4355.278	4460.243	301533	0	160
2025.12.23	4460.236	4510.399	4430.579	4503.344	369210	0	160
2025.12.24	4503.359	4525.969	4448.294	4480.715	347238	0	160
2025.12.25	4486.193	4500.024	4484.435	4495.245	9545	0	160
2025.12.26	4495.172	4550.224	4492.303	4532.515	414494	0	160
2025.12.28	4546.214	4548.500	4523.347	4527.184	25283	0	160
2025.12.29	4527.210	4528.030	4302.137	4345.645	685714	0	160
2025.12.30	4345.585	4404.262	4324.410	4338.922	464725	0	160
2025.12.31	4338.977	4373.450	4274.355	4318.847	442526	0	160
2026.01.01	4328.340	4351.507	4327.673	4348.349	8136	0	160
2026.01.02	4348.358	4402.465	4309.673	4331.759	382267	0	160
2026.01.04	4353.486	4375.927	4349.834	4372.570	15653	0	160
2026.01.05	4372.597	4460.290	4370.227	4440.334	450907	0	160
2026.01.06	4440.426	4500.541	4427.675	4493.223	379406	0	160
2026.01.07	4493.308	4495.931	4423.560	4463.418	434726	0	160
2026.01.08	4463.438	4484.203	4407.557	4475.597	418714	0	160
2026.01.09	4475.632	4517.180	4452.840	4509.075	373394	0	160
2026.01.11	4517.918	4545.010	4517.918	4539.960	13225	0	160
2026.01.12	4540.028	4630.183	4536.272	4599.371	486280	0	160
2026.01.13	4599.408	4634.796	4569.234	4597.136	418520	0	160
2026.01.14	4597.181	4643.189	4597.117	4615.294	457732	0	160
2026.01.15	4615.256	4624.902	4580.995	4610.284	441650	0	160
2026.01.16	4610.243	4620.563	4536.729	4596.588	436989	0	160
2026.01.18	4655.358	4690.700	4653.824	4672.573	25474	0	160
2026.01.19	4672.630	4682.114	4653.138	4665.406	259587	0	160
2026.01.20	4665.371	4781.083	4659.455	4775.878	447329	0	160
2026.01.21	4775.829	4888.495	4755.850	4778.381	728195	0	160
2026.01.22	4778.317	4960.587	4772.208	4958.972	459972	0	160
2026.01.23	4959.011	4989.804	4899.542	4988.337	466456	0	160
2026.01.25	5019.847	5040.296	5003.575	5039.789	30610	0	160
2026.01.26	5039.821	5111.144	4989.632	5043.629	846933	0	160
2026.01.27	5043.588	5190.490	5013.485	5172.433	766938	0	160
2026.01.28	5172.389	5570.018	5157.059	5513.022	1049312	0	160
2026.01.29	5512.989	5595.338	5094.978	5438.589	1287335	0	160
2026.01.30	5438.551	5450.946	4682.526	4891.496	2314961	0	160
2026.02.01	4793.519	4819.788	4697.912	4741.422	41099	0	160
2026.02.02	4741.564	4884.890	4401.961	4774.148	1430343	0	160
2026.02.03	4774.235	4993.649	4745.469	4947.236	745969	0	160
2026.02.04	4947.389	5091.872	4852.153	5012.195	565535	0	160
2026.02.05	5012.269	5020.510	4703.368	4703.768	825874	0	160
2026.02.06	4703.682	4971.459	4655.170	4968.156	471499	0	160
2026.02.08	4967.733	5046.912	4964.652	5035.956	13903	0	240
2026.02.09	5036.031	5086.709	4968.909	5031.915	314737	0	160
2026.02.10	5031.841	5078.675	4998.708	5041.562	296774	0	160
2026.02.11	5041.628	5119.271	5018.787	5061.409	287104	0	160
2026.02.12	5061.317	5083.751	4878.378	4920.353	393338	0	160
2026.02.13	4920.057	5046.131	4913.756	5042.635	298435	0	160
2026.02.15	5026.790	5032.356	5010.278	5019.875	10091	0	240
2026.02.16	5019.800	5031.519	4964.461	4990.001	144309	0	160
2026.02.17	4989.913	4991.598	4841.029	4859.541	324558	0	160
2026.02.18	4859.227	5010.992	4858.461	4976.273	190796	0	160
2026.02.19	4975.968	5022.380	4960.438	4987.790	185682	0	160
2026.02.20	4987.837	5108.075	4981.638	5105.788	257770	0	160
2026.02.22	5111.774	5171.925	5108.698	5165.430	11021	0	240
2026.02.23	5165.423	5249.573	5122.079	5235.990	237740	0	240
2026.02.24	5235.896	5238.157	5093.199	5146.596	271889	0	240
2026.02.25	5146.594	5217.677	5136.288	5163.182	213654	0	240
2026.02.26	5163.276	5205.763	5130.383	5184.468	243391	0	240
2026.02.27	5184.437	5281.384	5166.600	5279.159	224841	0	240
2026.03.01	5319.152	5393.261	5314.569	5387.054	16670	0	360
2026.03.02	5386.554	5419.131	5260.137	5345.667	427803	0	360
2026.03.03	5345.672	5379.859	4995.830	5125.035	689890	0	240
2026.03.04	5125.067	5206.031	5105.564	5164.941	406180	0	240
2026.03.05	5164.866	5195.043	5050.660	5086.323	354362	0	240
2026.03.06	5086.144	5176.703	5062.355	5174.204	302436	0	240
2026.03.08	5178.932	5180.331	5044.114	5075.404	41897	0	240
2026.03.09	5076.087	5156.005	5014.417	5139.380	358112	0	240
2026.03.10	5139.670	5238.489	5124.528	5196.830	248552	0	360
2026.03.11	5196.904	5223.158	5129.683	5134.279	209648	0	360
2026.03.12	5134.137	5191.747	5054.730	5098.220	227105	0	240
2026.03.13	5098.146	5128.349	5009.504	5021.082	233774	0	240
2026.03.15	5016.992	5030.545	4966.709	4997.513	24350	0	160
2026.03.16	4997.440	5038.124	4969.990	5012.755	244176	0	160
2026.03.17	5012.920	5044.531	4973.324	5002.757	192728	0	200
2026.03.18	5002.810	5016.368	4804.143	4836.818	301192	0	200
2026.03.19	4836.662	4866.913	4502.516	4643.724	627690	0	200
2026.03.20	4643.652	4735.823	4477.064	4497.486	760311	0	260
2026.03.22	4477.889	4536.177	4449.391	4464.714	50965	0	280
2026.03.23	4464.544	4512.901	4098.363	4441.255	2183311	0	260
2026.03.24	4441.187	4551.475	4305.545	4546.816	1207864	0	336
2026.03.25	4546.886	4602.565	4486.800	4498.110	731520	0	280
2026.03.26	4498.428	4544.588	4350.951	4404.918	956510	0	280
2026.03.27	4404.965	4555.484	4375.194	4495.434	522367	0	280
2026.03.29	4511.584	4513.780	4443.756	4448.587	34790	0	280
2026.03.30	4448.673	4580.742	4418.380	4513.578	470173	0	280
2026.03.31	4513.509	4700.082	4482.569	4696.441	503159	0	280
2026.04.01	4696.383	4800.345	4667.179	4784.170	392146	0	280
2026.04.02	4784.241	4798.750	4553.765	4675.333	642688	0	280
2026.04.05	4662.923	4662.923	4605.069	4610.674	32239	0	280
2026.04.06	4610.706	4706.725	4600.515	4658.917	319368	0	280
2026.04.07	4658.976	4836.407	4607.261	4833.182	537051	0	280
2026.04.08	4833.604	4857.230	4699.471	4715.527	423222	0	280
2026.04.09	4715.597	4801.259	4698.435	4763.598	313199	0	280
2026.04.10	4763.661	4795.181	4730.580	4749.455	250410	0	160
2026.04.12	4670.232	4685.131	4643.986	4671.251	23951	0	280
2026.04.13	4671.349	4765.979	4664.588	4757.323	300277	0	280
2026.04.14	4757.699	4850.676	4751.449	4836.889	245301	0	280
2026.04.15	4836.946	4871.422	4786.049	4823.572	254701	0	280
2026.04.16	4823.205	4838.438	4772.851	4791.651	240028	0	280
2026.04.17	4791.559	4889.866	4767.519	4833.011	268861	0	280
2026.04.19	4774.618	4795.369	4736.736	4755.324	24429	0	360
2026.04.20	4755.237	4833.152	4744.932	4821.556	257638	0	280
2026.04.21	4821.618	4830.530	4668.140	4737.824	345791	0	280
2026.04.22	4738.112	4772.377	4723.360	4727.960	210376	0	280
2026.04.23	4728.026	4753.821	4664.010	4695.231	355729	0	280
2026.04.24	4695.277	4740.348	4657.581	4708.466	257747	0	280
2026.04.26	4696.125	4699.884	4674.849	4680.075	11986	0	280
2026.04.27	4680.139	4730.145	4666.949	4692.056	207278	0	280
2026.04.28	4692.118	4701.445	4554.647	4595.783	301189	0	280
2026.04.29	4595.847	4610.195	4510.087	4561.724	314537	0	280
2026.04.30	4561.628	4647.042	4540.773	4626.348	307637	0	280
2026.05.01	4626.433	4660.285	4559.766	4613.309	227940	0	280
2026.05.03	4626.129	4629.420	4611.113	4613.712	11859	0	280
2026.05.04	4613.951	4618.624	4500.581	4518.762	361153	0	280
2026.05.05	4519.109	4595.817	4513.429	4593.808	202710	0	280
2026.05.06	4593.736	4723.074	4588.304	4698.852	271265	0	280
2026.05.07	4699.014	4764.839	4681.725	4704.071	307428	0	280
2026.05.08	4704.003	4749.632	4693.871	4715.438	245069	0	280
2026.05.10	4691.978	4698.563	4678.844	4691.700	13210	0	280
2026.05.11	4691.639	4770.079	4648.113	4767.605	266540	0	280
2026.05.12	4767.229	4773.670	4638.000	4716.708	280922	0	280
2026.05.13	4716.951	4727.063	4669.375	4696.703	217879	0	280
2026.05.14	4696.362	4718.899	4644.205	4652.342	254466	0	280
2026.05.15	4652.418	4658.214	4511.187	4539.780	375844	0	280
2026.05.17	4538.378	4554.829	4531.807	4537.205	19342	0	280
2026.05.18	4536.979	4588.991	4480.279	4581.876	405101	0	280
2026.05.19	4581.940	4589.387	4464.470	4489.466	330202	0	280
2026.05.20	4489.410	4553.080	4453.413	4546.335	355726	0	280
2026.05.21	4546.386	4570.961	4488.395	4535.313	341668	0	280
2026.05.22	4535.552	4540.970	4491.552	4507.776	241082	0	280
2026.05.24	4545.401	4580.002	4543.344	4567.197	15804	0	280
2026.05.25	4567.140	4580.318	4550.334	4559.708	157081	0	280
2026.05.26	4559.705	4560.256	4482.193	4519.748	243145	0	280
2026.05.27	4519.688	4525.746	4401.200	4447.155	283297	0	280
2026.05.28	4446.919	4516.547	4366.246	4494.988	311143	0	280
2026.05.29	4495.156	4595.203	4492.034	4540.377	253308	0	280
2026.05.31	4521.226	4545.754	4518.372	4539.362	13335	0	280
2026.06.01	4539.423	4546.173	4447.515	4484.289	248360	0	280
2026.06.02	4484.487	4541.609	4462.278	4474.199	220183	0	280
2026.06.03	4474.127	4496.745	4423.591	4457.390	252515	0	280
2026.06.04	4457.449	4515.517	4442.914	4461.516	253921	0	280
2026.06.05	4461.474	4475.911	4311.591	4328.774	346570	0	260
2026.06.07	4325.114	4347.047	4310.191	4343.828	24455	0	260
2026.06.08	4343.881	4353.304	4268.309	4317.619	371614	0	260
2026.06.09	4317.567	4363.463	4210.296	4222.118	381419	0	260
2026.06.10	4222.169	4228.412	4023.773	4047.261	535877	0	260
2026.06.11	4047.319	4246.422	4036.098	4219.785	618727	0	260
2026.06.12	4219.997	4235.558	4170.007	4218.665	386456	0	260
2026.06.14	4270.346	4308.995	4269.222	4293.940	19990	0	280
2026.06.15	4293.886	4369.303	4285.422	4315.715	245072	0	260
2026.06.16	4315.658	4354.979	4306.624	4331.111	213660	0	260
2026.06.17	4331.252	4382.399	4218.832	4277.846	416384	0	260
2026.06.18	4278.178	4329.955	4186.720	4188.559	327643	0	260
2026.06.19	4188.495	4198.179	4121.603	4155.421	206937	0	260
2026.06.21	4153.418	4164.776	4136.447	4140.090	17284	0	260
2026.06.22	4140.271	4221.249	4139.902	4187.682	295097	0	260
2026.06.23	4187.625	4198.671	4080.744	4099.321	352987	0	260
2026.06.24	4099.259	4111.984	3958.811	4012.325	761056	0	160
2026.06.25	4012.270	4044.334	3962.365	4014.651	477665	0	240
2026.06.26	4014.590	4096.054	3982.879	4088.245	325824	0	240
2026.06.28	4075.881	4085.307	4051.708	4062.831	18206	0	240
2026.06.29	4062.635	4075.713	4000.148	4015.028	306703	0	240
2026.06.30	4014.970	4063.437	3942.099	4005.593	340876	0	240
2026.07.01	4005.653	4115.736	3959.988	4035.169	331432	0	240
2026.07.02	4034.972	4144.132	4030.584	4126.116	355645	0	160
2026.07.03	4126.183	4195.506	4122.965	4174.913	176829	0	240
2026.07.05	4177.917	4202.273	4173.191	4182.986	18353	0	240
2026.07.06	4183.254	4203.185	4128.412	4157.372	259358	0	240
2026.07.07	4157.318	4180.456	4092.023	4098.576	284713	0	240
2026.07.08	4098.471	4134.080	4021.718	4076.276	444257	0	240
2026.07.09	4076.084	4138.194	4054.046	4123.547	259015	0	240
2026.07.10	4123.495	4134.804	4072.658	4119.908	220346	0	240
2026.07.12	4098.561	4099.253	4068.426	4084.311	18539	0	240
2026.07.13	4084.359	4091.138	3986.478	4000.913	344659	0	240
2026.07.14	4000.983	4103.230	3983.307	4053.123	330306	0	160
2026.07.15	4052.928	4081.502	4017.244	4057.900	272003	0	240
2026.07.16	4057.945	4061.388	3969.226	3985.782	300414	0	240
2026.07.17	3985.830	4023.877	3959.360	4017.685	309603	0	240
2026.07.19	4000.132	4002.918	3989.154	3995.625	14067	0	240
2026.07.20	3995.494	4040.765	3982.626	4009.702	279152	0	240
2026.07.21	4009.812	4087.379	4003.815	4080.668	233916	0	240
2026.07.22	4080.459	4166.054	4076.583	4133.267	254901	0	240
2026.07.23	4133.319	4141.157	4039.957	4046.905	287549	0	240
2026.07.24	4046.993	4082.120	4021.844	4052.772	210417	0	240
2026.07.26	4091.771	4096.553	4083.583	4093.898	11002	0	240
2026.07.27	4094.295	4116.292	4065.247	4073.195	251523	0	240
2026.07.28	4073.146	4074.211	4011.292	4025.098	258056	0	240
2026.07.29	4024.898	4116.458	3995.886	4084.754	381769	0	240
2026.07.30	4084.555	4120.398	4028.255	4105.897	382743	0	240
2026.07.31	4105.848	4107.253	4020.803	4043.812	235204	0	240
2026.08.02	4073.040	4079.535	4063.069	4074.778	13917	0	240
2026.08.03	4074.839	4079.158	4018.977	4053.762	243589	0	240
2026.08.04	4053.703	4106.425	4042.403	4072.308	248403	0	240
2026.08.05	4072.356	4281.986	4070.191	4278.055	315586	0	240
2026.08.06	4278.111	4304.283	4223.147	4252.140	298706	0	240
2026.08.07	4252.394	4371.969	4229.509	4342.475	336759	0	240
2026.08.09	4347.782	4349.153	4331.889	4332.663	12445	0	240
2026.08.10	4332.600	4402.641	4313.179	4402.264	262530	0	240
2026.08.11	4402.212	4435.346	4356.622	4371.373	281654	0	240
2026.08.12	4371.543	4441.423	4366.418	4414.262	265435	0	240
2026.08.13	4414.599	4449.778	4343.704	4356.612	293007	0	240
2026.08.14	4356.547	4397.008	4310.771	4375.778	224450	0	240
2026.08.16	4379.402	4386.917	4366.993	4370.359	11427	0	240
2026.08.17	4370.182	4428.700	4368.092	4425.733	226862	0	240
2026.08.18	4425.739	4436.253	4327.099	4332.857	252579	0	240
2026.08.19	4333.163	4527.511	4324.382	4511.841	332061	0	240
2026.08.20	4511.898	4541.022	4450.390	4526.459	315603	0	260
2026.08.21	4526.340	4632.130	4508.614	4604.044	267673	0	260
2026.08.23	4615.655	4624.620	4604.499	4623.935	14357	0	260
2026.08.24	4624.199	4682.940	4594.194	4679.762	453733	0	260
2026.08.25	4679.802	4697.046	4605.205	4654.856	525551	0	260
2026.08.26	4654.638	4670.634	4582.911	4623.564	273536	0	260
2026.08.27	4623.466	4643.181	4564.912	4594.556	252580	0	260
2026.08.28	4594.612	4632.240	4445.343	4456.134	430718	0	260
2026.08.30	4439.040	4466.891	4435.620	4458.240	17133	0	260
2026.08.31	4458.301	4472.423	4396.333	4452.137	304568	0	260
2026.09.01	4452.220	4461.502	4322.672	4324.635	344093	0	240
2026.09.02	4324.688	4397.767	4282.227	4385.397	328475	0	240
2026.09.03	4385.810	4510.953	4382.629	4479.842	295616	0	260
2026.09.04	4480.209	4490.905	4365.204	4430.155	302422	0	260
2026.09.06	4421.983	4435.023	4417.610	4423.098	9800	0	260
2026.09.07	4423.160	4429.787	4380.933	4423.039	185266	0	260
2026.09.08	4422.828	4443.097	4345.122	4350.031	305726	0	240
2026.09.09	4349.791	4434.161	4340.916	4394.034	277044	0	240
2026.09.10	4393.980	4435.004	4311.082	4315.237	372558	0	240
2026.09.11	4315.164	4402.687	4291.770	4349.302	372008	0	240
2026.09.13	4339.582	4342.489	4328.399	4332.941	11304	0	240
2026.09.14	4332.802	4355.284	4253.404	4288.286	333799	0	240
2026.09.15	4288.232	4317.392	4261.130	4283.306	253796	0	240
2026.09.16	4283.373	4368.961	4234.930	4271.571	397794	0	240
2026.09.17	4271.627	4381.363	4266.026	4346.397	306150	0	240
2026.09.18	4346.062	4399.722	4334.052	4378.062	251779	0	240
2026.09.20	4374.114	4382.457	4368.731	4372.514	9629	0	240
2026.09.21	4372.494	4383.391	4322.715	4368.405	247914	0	240
2026.09.22	4368.471	4376.057	4291.359	4363.741	302258	0	240
2026.09.23	4363.740	4369.295	4274.555	4288.714	237830	0	240
2026.09.24	4288.769	4303.403	4243.993	4265.093	307482	0	240
2026.09.25	4264.983	4315.720	4254.228	4285.897	255791	0	240
